id,title,duration,bpm,release_date,rank,album_id,album_title,album_release_date,album_genres,album_label,album_duration,album_nb_fan,album_record_type,artist_id,artist_name,artist_nb_album,artist_nb_fan
4244990371,cartable,209,0.0,2026-09-01,903766,1062678951,cartable,2026-09-01,Chanson française,Columbia,209,468,single,317413611,marguerite,7,62827
4214712742,I Can’t Wait,217,0.0,2026-08-14,765900,1050716582,Lost Weekend,2026-08-14,Alternative,Dead Oceans,3165,8484,album,1058631,Phoebe Bridgers,34,205946
3935295641,Te rencontrer encore,170,0.0,2026-04-17,968821,952305961,Te rencontrer encore,2026-04-17,Pop,Parlophone (France),170,6509,single,258440642,ESTL,12,10099
4231287022,Ugly things,209,0.0,2026-08-21,703628,1057273532,Ugly things,2026-08-21,Alternative,Indigo Blue/RCA Records,209,89,single,14157839,Lizzy McAlpine,23,130335
4207361702,fleur,155,0.0,2026-08-28,757438,1047635352,fleur,2026-08-28,Alternative|Pop Indé,Duchess Production,155,24,single,1683958,Heroe,44,9316
4078104901,honeybee,223,0.0,2026-06-12,962420,1002561451,you seem pretty sad for a girl so in love,2026-06-12,Pop,Olivia Rodrigo PS,3056,47977,album,11152580,Olivia Rodrigo,29,1817706
4154987152,Good Reason,248,0.0,2026-07-17,858242,1029516732,Daughter from Hell,2026-07-17,Pop,"Gracie Abrams, under exclusive license to Interscope Records",3368,8550,album,64874492,Gracie Abrams,21,402522
3579685471,Eldest Daughter,246,0.0,2025-10-03,844613,829966251,The Life of a Showgirl,2025-10-03,Pop,Taylor Swift,2500,67041,album,12246,Taylor Swift,123,12713249
4033925761,Take Me Back,188,0.0,2026-06-05,792780,987343691,Take Me Back,2026-06-05,Pop,Parlophone (France),188,631,single,5417036,Charlotte Cardin,60,279963
4222881662,Constant Companion,291,0.0,2026-08-21,743908,1053813382,Hazel Eyes,2026-08-21,Pop,PLG - Capitol,2732,1099,album,1097709,Sam Smith,107,5578733
3894874141,Losing My Religion,159,0.0,2026-03-27,808246,937662601,Losing My Religion,2026-03-27,Pop|Singer & Songwriter,UFORIA & OWTWO,159,207,single,2710661,Oscar and the Wolf,47,58865
4122017561,Another Life,170,0.0,2026-07-16,648795,1017262771,Another Life,2026-07-16,Pop|Singer & Songwriter,Page 97,170,18,single,13306025,Emma Hoet,20,1292
3590157401,Boule au ventre,180,0.0,2025-10-10,767045,833744531,Hélé 2,2025-10-10,Pop,RCA Group,3304,20058,album,258938052,Helena,8,237751
3884697341,The Visitor,228,0.0,2026-03-13,881959,933788291,The Visitor,2026-03-13,Pop,Capitol Records,228,2731,single,265272032,SIENNA SPIRO,17,52631
4090606401,s'aimer,183,0.0,2026-06-26,741116,1006944081,s'aimer,2026-06-26,Alternative|Pop Indé,Duchess Production,183,53,single,1683958,Heroe,44,9316
3541914331,EVERYTHING HALLELUJAH,248,0.0,2025-09-05,798338,816518541,SWAG II,2025-09-05,Pop,"JRC Entertainment, LLC / ILH Production Co. LLC / Def Jam Recordings",5035,14592,album,288166,Justin Bieber,62,11147297
4087954481,when you're leaving,128,0.0,2026-06-30,639478,1006016311,when you're leaving,2026-06-30,Folk,InFiné,128,13,single,345050561,Felix Antonio,9,173
3838193311,Coração - A COLORS SHOW,172,0.0,2026-03-19,633136,917004771,Coração - A COLORS SHOW,2026-03-19,R&B|Soul,COLORSxSTUDIOS,172,98,single,55542582,Anais Cardot,10,2075
3958107511,crash test - A COLORS SHOW,194,0.0,2026-04-22,746814,960598401,crash test - A COLORS SHOW,2026-04-22,Chanson française,Columbia,194,1094,single,317413611,marguerite,7,62827
4061104691,Dust,189,0.0,2026-06-26,575027,997204381,Sweet Fortune,2026-06-26,Pop,Atlantic Records UK,2265,449,album,2252241,Ryan Beatty,13,43674
3023502871,Ensemble (feat. Charlotte Cardin),172,0.0,2024-11-08,710788,650044931,Aliocha Schneider (Deluxe),2024-11-08,Pop,Local,2618,7317,album,10512433,Aliocha Schneider,14,54470
4109400781,Break Up in Reverse,205,0.0,2026-07-10,745236,1013009661,Break Up in Reverse,2026-07-10,Pop,Warner Records,205,501,single,64927672,Teddy Swims,75,418008
4081857641,The Time Of My Life,215,0.0,2026-06-25,840015,1003682941,The Time Of My Life,2026-06-25,Pop,"Night Street Records, Inc./Warner Records Inc.",215,1373,single,146543992,Benson Boone,28,496538
4175669812,Mr. Know It All (Piano Version),222,0.0,2026-07-31,721841,1037511782,Mr. Know It All (Piano Version),2026-07-31,Pop,Warner Records,222,720,single,64927672,Teddy Swims,75,418008
1087017,Bubbly,197,128.0,2007-09-17,801996,117359,Bubbly,2007-09-17,Pop,Universal Records,395,3098,single,14894,Colbie Caillat,37,666272
3843489841,If Only,186,0.0,2026-03-20,712647,918559741,If Only,2026-03-20,Alternative|Pop Indé,Tôt Ou Tard,504,362,single,358933732,Aiden,2,716
811937472,Breath of Roma,205,0.0,2019-12-03,786084,119620772,Breath of Roma,2019-12-03,Pop,Animal 63,205,607,single,13663011,Meryem Aboulouafa,7,4888
14340429,People Help the People,256,148.19,2011-11-04,880143,1315768,Birdy (Deluxe Version),2011-11-04,Pop,Atlantic Records UK,3556,246540,album,107666,Birdy,83,1379992
389885871,Nothing's Gonna Hurt You Baby,286,96.37,2012-07-21,801761,45563201,I.,2012-07-21,Alternative,Spanish Prayers,1085,3205,ep,9568982,Cigarettes After Sex,23,899094
3782508312,Respire fort,172,0.0,2025-07-02,916260,900428832,Respire fort,2025-07-02,Chanson française,Columbia,172,1568,single,334164821,Jeanne,3,38380
4061104671,Delancey,221,0.0,2026-06-26,552228,997204381,Sweet Fortune,2026-06-26,Pop,Atlantic Records UK,2265,449,album,2252241,Ryan Beatty,13,43674
4130752221,what you made,119,0.0,2026-07-28,614374,1020490051,what you made,2026-07-28,Folk,Nowadays Records,119,2,single,190578457,Hausmane,5,196
3804077732,House of the Rising Sun,188,0.0,2026-01-30,729582,905476392,House of the Rising Sun,2026-01-30,Alternative,Indigo Blue/RCA Records,188,228,single,14157839,Lizzy McAlpine,23,130335
3560069881,Peur de l'amour (Réécriture d'Another Love),176,0.0,2025-10-03,726061,822994011,Peur de l'amour (Réécriture d'Another Love),2025-10-03,Chanson française,VM In Team,176,540,single,97752642,Carla De Coignac,16,5582
4073885111,énième chance,153,0.0,2026-06-23,575878,1001222141,énième chance,2026-06-23,Pop,Ellie Becker,153,12,single,9416310,Ellie Becker,3,219
3370265541,Wonderful Life,228,0.0,2025-09-05,630384,757807651,A Wonderful Life,2025-09-05,Alternative,UROK,2348,5155,album,4044787,Tom Odell,68,780873
3497263701,Something In The Heavens,198,0.0,2025-09-18,726163,801165791,Something In The Heavens,2025-09-18,Alternative,Vertigo Berlin,198,1087,single,12088868,Lewis Capaldi,52,1201591
1628690152,Where's My Love,202,0.0,2017-07-07,865800,289282312,Where's My Love,2017-07-07,Alternative,Nettwerk Music Group,1381,2151,ep,9755580,SYML,84,95109
3541548181,Just Wait A Minute,202,0.0,2025-09-12,563498,816377021,Just Wait A Minute,2025-09-12,Singer & Songwriter,Universal Music Canada Inc./Deutsche Grammophon GmbH,202,25,single,126904072,Elysia Biro,7,294
3050350711,Earth Return,193,0.0,2024-11-06,25013,916700511,Earth Return,2024-11-06,Alternative,Chrysalis Records,192,0,single,69979412,Gia Ford,19,562
2986167311,Mad World,186,0.0,2014-04-20,769642,640796491,Another Bundle of Tantrums,2014-04-20,Pop,Jasmine Thompson,2687,495,album,5021724,Jasmine Thompson,86,160423
1165058802,when the party’s over,191,0.0,2020-12-11,642321,190807662,Covers,2020-12-11,Alternative,Republic Records / Polydor Records,1185,5069,ep,812409,James Blake,46,246560
14499484,a thousand years,285,93.1,2011-11-04,892042,1332715,The Twilight Saga: Breaking Dawn - Part 1 (Original Motion Picture Soundtrack),2011-11-04,Films/Jeux vidéo|Musiques de films,Chop Shop/Atlantic,3675,85144,album,996589,Christina Perri,36,882288
4208827122,Promise,160,0.0,2026-08-14,568856,1048221172,Promise,2026-08-14,R&B,Fontana,160,31,single,6581343,Jordan Rakei,62,18523
3303947141,Try Me,149,0.0,2025-05-09,603423,736086021,Try Me,2025-05-09,Alternative|Pop Indé|Pop,Au Contraire Recordings,862,214,ep,289521631,Ava Joe,9,490
2816073752,No One Noticed,236,0.0,2024-05-31,905626,591265602,Submarine,2024-05-31,Alternative,Nice Life/Atlantic,2707,16277,album,12607183,The Marías,23,146740
4178681772,Things Take Time,194,0.0,2026-08-18,620410,1038862102,Things Take Time,2026-08-18,Alternative|Rock|Rock Indé/Pop Rock,Mosy Recordings,194,36,single,5494427,Gang of Youths,30,10549
3443739871,IMAGINE (Live at the Opening Ceremony of the Olympic Games Paris 2024),215,0.0,2025-07-25,694706,782475061,IMAGINE (Live at the Opening Ceremony of the Olympic Games Paris 2024),2025-07-25,Pop,International Olympic Committee,215,1091,single,5848618,Juliette Armanet,24,429402
3152120291,Une belle histoire,203,0.0,2025-01-08,586131,686504551,Une belle histoire,2025-01-08,Pop|Pop internationale|Variété Internationale,FAUBOURG26,203,45,single,5384927,Tchako,8,273
3356744621,Stand By Me,204,0.0,2025-06-13,584062,753354291,Covers,2025-06-13,Alternative,Play It Again Sam,606,127,ep,72503,Lykke Li,56,677988
1117710822,Earth,204,0.0,2017-05-05,675302,181329612,Wanderer (Expedition Happiness Soundtrack),2017-05-05,Alternative|Rock,Mogli,3130,5668,album,4397415,Mogli,39,11895
486928932,lovely,199,114.84,2018-04-19,954643,61392882,lovely,2018-04-19,Alternative,Darkroom,199,167569,single,9635624,Billie Eilish,32,9243361
3562948141,A Couple Minutes,212,0.0,2025-09-26,828109,823933891,The Art of Loving,2025-09-26,Pop,PLG - Capitol,2063,39929,album,75659582,Olivia Dean,43,153233
3461914191,Eternity,189,0.0,2025-07-18,896576,788607171,"You'll Be Alright, Kid",2025-07-18,Pop,Atlantic Records,3798,13782,album,541784,Alex Warren,38,162665
4136793461,I Just Got Mad,149,0.0,2026-07-09,660245,1022726591,I Just Got Mad,2026-07-09,Alternative,Columbia,149,77,single,193142737,Malcolm Todd,26,27390
3933625011,Gimme Love Orchestra,179,0.0,2026-04-16,538319,951881961,Gimme Love Orchestra,2026-04-16,Pop,88 Touches Production,179,144,single,5335252,Sofiane Pamart,94,228460
649768332,In The End (Mellen Gi Remix),218,87.97,2019-03-22,729002,90597102,In The End,2019-03-22,Alternative,Tommee Profitt Studios (GSMF),686,10575,single,488613,Tommee Profitt,90,34219
3809700052,tired,193,0.0,2026-03-03,596613,907199322,tired,2026-03-03,Alternative|Pop Indé|Pop,InFiné,193,4,single,345050561,Felix Antonio,9,173
770961742,Corps,313,78.01,2019-10-18,865069,114117192,Noir,2019-10-18,Pop,naïve/Y.Y.Y,940,24206,ep,5883018,Yseult,29,216606
2206500507,La symphonie des éclairs,198,0.0,2023-03-31,941044,421296587,La symphonie des éclairs,2023-03-31,Pop,Disparate / Virgin Records Distribution Deal,2693,51807,album,112645512,Zaho de Sagazan,13,319458
3552849491,r u gonna love me?,183,0.0,2025-09-19,548456,820199471,r u gonna love me?,2025-09-19,Pop,10K Projects/Capitol Records,183,23,single,12446960,Natalie Jane,37,30134
2801558112,BLUE,343,0.0,2024-05-17,858935,586786102,HIT ME HARD AND SOFT,2024-05-17,Alternative,Darkroom/Interscope Records,2629,194802,album,9635624,Billie Eilish,32,9243361
739421502,Cinnamon Girl,300,137.81,2019-08-30,930479,108706862,Norman Fucking Rockwell!,2019-08-30,Alternative,Polydor Records,4060,184976,album,1424821,Lana Del Rey,72,5798719
2576639772,Big Jet Plane,223,0.0,2023-12-15,552802,521218152,Re-Imagine-D#2,2023-10-13,Pop|Singer & Songwriter,Tiphanie Doucet,1462,63,album,458405,Tiphanie Doucet,32,456
4007936851,Room Of Love,299,0.0,2026-06-12,517089,977938921,Room Of Love,2026-06-12,Pop,Hylas Records,299,15,single,3607571,Thomas Azier,25,18567
3541656721,I Know (A Little),220,0.0,2025-09-12,584033,816415471,I Know (A Little),2025-09-12,Pop,Decca (UMO),220,132,single,6563333,Jacob Collier,50,50391
4077456741,Un peu plus près du bonheur,143,0.0,2026-06-19,641667,1002392541,Un peu plus près du bonheur,2026-06-19,Rap/Hip Hop,Parlophone (France),143,239,single,200602867,Alien,19,7415
3380655081,Dream Police,190,0.0,2025-05-30,661810,761266731,Dream Police,2025-05-30,Pop,Capitol Records,190,195,single,265272032,SIENNA SPIRO,17,52631
4079716601,less,193,0.0,2026-06-12,576104,1003138931,you seem pretty sad for a girl so in love,2026-06-12,Pop,Olivia Rodrigo PS,3056,3833,album,11152580,Olivia Rodrigo,29,1817706
3486444551,les avions,158,0.0,2025-08-29,731152,797319671,les avions,2025-08-29,Chanson française,Columbia,158,960,single,317413611,marguerite,7,62827
3349000871,Partir un jour,212,0.0,2025-05-09,761532,750675621,Partir un jour,2025-05-09,Films/Jeux vidéo|Musiques de films,Universal Music Division Romance Musique,212,3107,single,5848618,Juliette Armanet,24,429402
3539326051,des excuses,207,0.0,2025-09-24,697841,815541191,des excuses,2025-09-24,Pop,Sois Sage Musique,207,2356,single,5382747,Pomme,40,456666
3359033401,drivers license,263,0.0,2025-05-16,551069,754078971,All The Rest EP,2025-05-16,Alternative,Vertigo Berlin,935,1133,ep,12088868,Lewis Capaldi,52,1201591
3374626011,Momma Song,197,0.0,2025-05-22,667530,759385291,Momma Song,2025-05-22,Pop,"Night Street Records, Inc./Warner Records Inc.",197,827,single,146543992,Benson Boone,28,496538
4120520041,Red River Bed,169,0.0,2026-07-17,570208,1016748361,Red River Bed,2026-07-17,Alternative|Pop|Pop indé/Folk|Rock|Rock Indé/Pop Rock,No Start No End,169,92,single,85886992,Aime Simone,32,32158
3297332511,autumn,208,0.0,2025-08-27,526409,733738901,autumn,2025-08-27,Alternative|Pop Indé,Unity Records,208,43,single,12791149,Silly Boy Blue,25,11751
4005535381,Nuclear,239,0.0,2026-05-28,484814,977086871,Nuclear,2026-05-28,Alternative|Pop Indé|Pop,Créature,467,72,single,1655,Syd Matters,15,41980
3487145641,Bus Back To Richmond,174,0.0,2025-08-08,596232,797563011,Bus Back To Richmond / More Than Friends,2025-08-08,Alternative,"Lucy Dacus, under exclusive license to Geffen Records.",377,250,single,9325272,Lucy Dacus,30,37281
1268465802,Anyone Who Loves Me,236,0.0,2021-04-23,340540,221713472,Phoenix,2021-04-23,Alternative,Parlophone (France),2741,20127,album,5417036,Charlotte Cardin,60,279963
3463942841,My Girl,177,0.0,2025-07-25,604620,789241291,My Girl,2025-07-25,Alternative|Pop,Slumbo Labs/RCA Records,177,487,single,140425022,Isabel LaRosa,23,132216
3814312152,Leave a message (Live),274,0.0,2026-02-12,561299,908714122,Lettre à l'Univers (Live),2026-02-12,Pop|R&B,GleAM Records,1766,347,album,13018639,Nilusi,14,11244
3429333821,feel again,206,0.0,2025-07-09,570880,777693411,feel again,2025-07-09,Alternative|Pop,Storm Henshaw,206,122,single,234561501,Storm Henshaw,4,976
1899060227,End of Beginning,159,0.0,2022-09-16,999711,353216957,DECIDE,2022-09-16,Alternative|Rock,Djo,2156,14384,album,70227002,Djo,22,107344
4168275942,The light in the painting,224,0.0,2026-07-23,624762,1034618722,The light in the painting,2026-07-23,Alternative,Indigo Blue/RCA Records,224,169,single,14157839,Lizzy McAlpine,23,130335
4000806301,Tu restes là,188,0.0,2026-05-22,790577,975461411,Tu restes là,2026-05-22,Chanson française,Columbia,188,1493,single,334164821,Jeanne,3,38380
3948864261,Seahorse,216,0.0,2026-06-19,480088,957064581,Superbloom Is Here Again,2026-06-19,Pop,Tôt Ou Tard,2049,125,album,318197551,Billet Doux,6,921
136337268,ocean eyes,200,145.07,2016-11-18,861286,14581616,Ocean Eyes,2016-11-18,Alternative,Darkroom,200,57600,single,9635624,Billie Eilish,32,9243361
3452036131,douceur du miel,176,0.0,2025-07-23,483486,785416011,douceur du miel,2025-07-23,R&B|Soul,Bleu Electrique,176,5,single,124167672,Bleu Electrique,7,198
4262469891,Bass Persuades,202,0.0,2026-09-03,993744,1069416951,Bass Persuades,2026-09-03,Pop,Atlantic Records,202,912,single,12436,Miley Cyrus,61,7234452
4250696681,Nicole Kidman,181,0.0,2026-09-04,927666,1064827231,PRIMA,2026-09-04,Pop,Capitol Records,1876,3403,album,306607671,ADÉLA,19,14507
4261602111,SaWaDiKa,188,0.0,2026-09-02,982561,1069081071,SaWaDiKa,2026-09-02,Pop,Lloud Co./RCA Records,188,1378,single,145068682,LISA,15,595010
4254224941,For Your Entertainment,233,0.0,2026-09-04,747660,1066224631,I Know Too Much,2026-09-04,Pop,Polydor Records,2093,503,album,311820,Ellie Goulding,94,6236806
4250206701,CLICK,159,0.0,2026-09-04,917097,1064649161,CLICK,2026-09-04,Musique asiatique,Warner Records,159,1464,single,206710097,JISOO,7,225269
4243194002,LET ME BE,165,0.0,2026-09-04,834903,1061949072,LET ME BE,2026-09-04,Dance,Spinnin' Records,165,128,single,249599,Jason Derulo,173,5602681
4246901861,All My Demons Greeting Me As A Friend,221,0.0,2026-09-02,904865,1063453211,All My Demons Greeting Me As A Friend,2026-09-02,Pop,Decca (UMO),221,166,single,7699874,AURORA,94,556152
4238378432,Funeral,212,0.0,2026-09-03,696171,1059941832,Funeral,2026-09-03,Pop,Atlantic Records,212,53,single,1267252,Ashe,50,165440
4247616851,HEAVEN,186,0.0,2026-08-28,838866,1063691591,Fallen Angel (Digital EP),2026-08-28,Musique asiatique|Pop,OA Entertainment/Columbia,530,2776,ep,1228100,JENNIE,21,640922
4061555061,WILDCHILD,247,0.0,2026-08-28,755623,997382151,WILDCHILD,2026-08-28,Pop,Atlantic Records,2309,5761,album,541784,Alex Warren,38,162665
4236629122,Pay That Toll,167,0.0,2026-08-28,803138,1059276012,Pay That Toll,2026-08-28,Pop,BMG Rights Management (US) LLC,167,194,single,74398,OneRepublic,104,4343063
4168496822,Ballet Pumps,198,0.0,2026-08-28,721281,1034702772,Ballet Pumps,2026-08-28,Pop,Warner Records,198,92,single,212686777,Bea,6,5995
4247525471,SLEEP,153,0.0,2026-08-28,666636,1063661111,SLEEP,2026-08-28,Pop,Columbia,153,93,single,51204222,The Kid Laroi,55,451320
4236617412,Hollow,195,0.0,2026-08-28,678051,1059270592,Hollow,2026-08-28,Country,Mercury Records,195,29,single,7890702,Marshmello,183,3106953
4236642482,Warrior,220,0.0,2026-08-28,596451,1059280992,Warrior,2026-08-28,Pop,Better Now Records,220,14,single,5626,Delta Goodrem,69,30567
4182547602,petal,184,0.0,2026-07-31,993330,1040312472,petal,2026-07-31,Pop,Republic Records,2168,15771,album,1562681,Ariana Grande,72,13417204
4227475792,Motivation,233,0.0,2026-08-21,732305,1055789502,Motivation,2026-08-21,Pop,School Boy/Interscope Records,233,106,single,1002521,Carly Rae Jepsen,45,2508652
4222682662,bite the bullet,134,0.0,2026-08-21,721483,1053730712,bite the bullet,2026-08-21,Pop,Artist House Records / ATL,134,28,single,4946605,GAYLE,39,70847
4192789922,Bad Girls Never Die,166,0.0,2026-08-21,752984,1042635242,Bad Girls Never Die,2026-08-21,Pop,Warner Records,166,56,single,102421912,Nessa Barrett,49,106805
4208732332,Hootie Frutti,140,0.0,2026-08-14,989470,1048180812,WILD,2026-08-14,Pop,HYBE/Geffen,815,5987,ep,271210292,KATSEYE,24,247373
4209009742,Heaven Baby,159,0.0,2026-08-14,868110,1048286672,Starrgirl,2026-08-14,,Mavin/Republic,2769,2388,album,110616822,Ayra Starr,62,235187
4183195462,Tastes Like Summer,219,0.0,2026-08-14,723266,1040546702,Tastes Like Summer,2026-08-14,Pop,Atlantic Records UK,219,270,single,287,James Blunt,60,1557541
4208705502,Before You Go,215,0.0,2026-08-14,694984,1048166392,Good Times,2026-08-14,Pop,EMI Nordic / Then We Take The World,1955,486,album,1563138,Lukas Graham,44,566328
3994077341,Grow Old with Grace,245,0.0,2026-08-14,646066,972807501,The User's Guide to Being Human,2026-08-14,Pop,BMG Rights Management (UK) Ltd.,2387,958,album,71569,The Script,39,2114450
4058771461,In & Out,200,0.0,2026-08-07,681812,996410461,Blue Island,2026-08-07,R&B,Atlantic Records,2923,1026,album,8973774,Ravyn Lenae,29,24190
4205948612,RESCUER,199,0.0,2026-08-07,767457,1047112902,RESCUER,2026-08-07,Pop,Atlantic Records,199,225,single,541784,Alex Warren,38,162665
4205931852,Love Sensation (Afterhours Radio Edit),215,0.0,2026-08-06,673607,1047106842,Love Sensation,2026-08-06,Dance|Pop,Warner Records,817,1161,single,290,Madonna,144,4902447
4183612302,When He’s Gone,186,0.0,2026-08-05,610574,1040728022,When He’s Gone,2026-08-05,Pop,PLG - Capitol,628,596,single,1097709,Sam Smith,107,5578733
4199642672,Don’t Leave Me on the Dance Floor,193,0.0,2026-08-07,616161,1045371602,Don’t Leave Me on the Dance Floor,2026-08-07,Pop,School Boy/Interscope Records,193,159,single,1002521,Carly Rae Jepsen,45,2508652
4192738072,Cry Ugly,160,0.0,2026-08-07,642781,1042615862,THERAPY AT THE CLUB,2026-08-07,Pop,EMI,2774,999,album,168790157,FLO,36,26263
2815968782,Messy,284,0.0,2024-05-30,997108,591239352,Messy,2024-05-30,Pop,Universal-Island Records Ltd.,284,4130,single,9266850,Lola Young,41,95986
3210709941,Ordinary,186,0.0,2025-02-07,990241,705691371,Ordinary,2025-02-07,Pop,Atlantic Records,186,6174,single,541784,Alex Warren,38,162665
3579685431,The Fate of Ophelia,226,0.0,2025-10-03,999852,829966251,The Life of a Showgirl,2025-10-03,Pop,Taylor Swift,2500,67041,album,12246,Taylor Swift,123,12713249
3050380851,APT.,169,0.0,2024-10-18,992741,658285691,APT.,2024-10-18,Pop,Atlantic Records,169,34572,single,126335112,ROSÉ,6,558867
3303979891,Azizam,162,0.0,2025-04-04,961388,736095581,Azizam,2025-04-04,Pop|Singer & Songwriter,Gingerbread Man Records / Atlantic Records UK,162,4882,single,384236,Ed Sheeran,154,20903408
3047560351,That’s So True,166,0.0,2024-10-18,938322,657452321,The Secret of Us (Deluxe),2024-10-18,Pop,"Gracie Abrams, under exclusive license to Interscope Records",4333,13964,album,64874492,Gracie Abrams,21,402522
3151351511,back to friends,199,0.0,2024-12-27,980345,686344041,back to friends,2024-12-27,Alternative|Rock indé,Warner Records,199,3503,single,145468192,sombr,27,163952
3058512051,Nice To Meet You,176,0.0,2024-11-08,917747,660932531,A Minute...,2024-11-08,Singer & Songwriter,RCA Records Label,1314,4166,ep,12641355,Myles Smith,34,74751
3412534581,Golden,192,0.0,2025-06-20,979012,771853201,KPop Demon Hunters (Soundtrack from the Netflix Film),2025-06-20,Musique asiatique,K-Pop Demon Hunters,2262,89685,album,330311461,HUNTR/X,9,232096
3214169391,Abracadabra,223,0.0,2025-02-03,959879,706922941,Abracadabra,2025-02-03,Pop,Interscope Records,223,13285,single,75491,Lady Gaga,98,9264137
3012786851,Sailor Song,211,0.0,2024-09-24,943010,647296701,Sailor Song,2024-09-24,Alternative,Gigi Perez PS/ Island,211,2990,single,95858302,Gigi Perez,10,66948
2972837781,Bad Dreams,184,0.0,2024-09-13,973526,636498021,Bad Dreams,2024-09-13,Pop,Warner Records,184,5100,single,64927672,Teddy Swims,75,418008
2755315691,Love Me Not,213,0.0,2024-05-03,988877,574707311,Love Me Not / Love Is Blind,2024-05-03,R&B,Atlantic Records,444,1047,single,8973774,Ravyn Lenae,29,24190
2955461951,WE PRAY (Single Version),233,0.0,2024-08-23,739201,632008801,WE PRAY (Single Version),2024-08-23,Alternative,Parlophone UK,233,3140,single,892,Coldplay,122,18376561
3278008371,undressed,182,0.0,2025-03-21,920249,727241361,undressed,2025-03-21,Alternative|Rock indé,Warner Records,182,1982,single,145468192,sombr,27,163952
3262675101,Anxiety,249,0.0,2025-03-05,964065,722247851,Anxiety,2025-03-05,Rap/Hip Hop,Top Dawg Entertainment/Capitol Records,408,7849,single,51965252,Doechii,43,151628
2893833601,Who,170,0.0,2024-07-19,709913,616626971,MUSE,2024-07-19,Musique asiatique,BIGHIT MUSIC,1192,12362,album,168047437,Jimin,22,404507
2801558062,WILDFLOWER,261,0.0,2024-05-17,964181,586786102,HIT ME HARD AND SOFT,2024-05-17,Alternative,Darkroom/Interscope Records,2629,194802,album,9635624,Billie Eilish,32,9243361
3503857201,Man I Need,184,0.0,2025-08-15,991622,803181741,Man I Need,2025-08-15,Pop,PLG - Capitol,184,4262,single,75659582,Olivia Dean,43,153233
2853373112,"I Love You, I'm Sorry",157,0.0,2024-06-21,856874,603616662,The Secret of Us,2024-06-21,Pop,"Gracie Abrams, under exclusive license to Interscope Records",2853,17539,album,64874492,Gracie Abrams,21,402522
3333720471,Mystical Magical,165,0.0,2025-04-24,920407,745611071,Mystical Magical,2025-04-24,Pop,"Night Street Records, Inc./Warner Records Inc.",165,1855,single,146543992,Benson Boone,28,496538
3454558661,DAISIES,176,0.0,2025-07-11,938392,786280691,SWAG,2025-07-11,Pop,"JRC Entertainment, LLC / ILH Production Co. LLC / Def Jam Recordings",3260,32036,album,288166,Justin Bieber,62,11147297
3537990861,The Dead Dance,228,0.0,2025-09-03,925102,815082671,The Dead Dance,2025-09-03,Pop,Interscope Records,228,6856,single,75491,Lady Gaga,98,9264137
3395410481,Sapphire,179,0.0,2025-06-05,889683,766124301,Sapphire,2025-06-05,Pop|Singer & Songwriter,Gingerbread Man Records / Atlantic Records UK,179,2560,single,384236,Ed Sheeran,154,20903408
3387508461,Just Keep Watching (From F1® The Movie),142,0.0,2025-05-30,889637,763541131,Just Keep Watching (From F1® The Movie),2025-05-30,Pop,Atlantic Records,142,3298,single,13817211,Tate McRae,71,606286
2728070371,"Good Luck, Babe!",218,0.0,2024-04-05,963608,566359951,"Good Luck, Babe!",2024-04-05,Pop,Chappell Roan PS/ Island,218,11574,single,12945219,Chappell Roan,19,309120
3336180251,Gnarly,137,0.0,2025-04-30,874969,746396631,Gnarly,2025-04-30,Pop,HYBE/Geffen,137,4385,single,271210292,KATSEYE,24,247373
2801558052,BIRDS OF A FEATHER,210,0.0,2024-05-17,963029,586786102,HIT ME HARD AND SOFT,2024-05-17,Alternative,Darkroom/Interscope Records,2629,194802,album,9635624,Billie Eilish,32,9243361
3229131161,Beautiful People,187,0.0,2025-03-07,854734,711550271,Beautiful People,2025-03-07,Dance,Atlantic Records UK,447,2819,single,542,David Guetta,395,20097420
2949737371,Taste,157,0.0,2024-08-23,775263,630119261,Short n' Sweet,2024-08-23,Pop,Island Records,2172,8275,album,1176900,Sabrina Carpenter,59,1808885
3262816591,like JENNIE,123,0.0,2025-03-07,832011,722293361,Ruby,2025-03-07,Musique asiatique|Pop,OA Entertainment/Columbia,2491,24243,album,1228100,JENNIE,21,640922
3562948071,So Easy (To Fall In Love),169,0.0,2025-09-26,989620,823933891,The Art of Loving,2025-09-26,Pop,PLG - Capitol,2063,39929,album,75659582,Olivia Dean,43,153233
2704610682,Too Sweet,251,0.0,2024-03-22,958340,560433462,Unheard,2024-03-22,Folk,Rubyworks / Universal-Island Records Ltd.,840,7730,ep,5062414,Hozier,30,1409409
2947516331,Die With A Smile,250,0.0,2024-08-16,997757,629506181,Die With A Smile,2024-08-16,Pop,Interscope,250,28128,single,75491,Lady Gaga,98,9264137
3569857331,TIT FOR TAT,177,0.0,2025-09-26,755839,826380741,TIT FOR TAT,2025-09-26,Pop,RCA Records Label,177,2673,single,13817211,Tate McRae,71,606286
2610711672,Beautiful Things,180,0.0,2024-01-18,963402,531687612,Beautiful Things,2024-01-18,Pop,"Night Street Records, Inc./Warner Records Inc.",180,16760,single,146543992,Benson Boone,28,496538
3548216281,WHERE IS MY HUSBAND!,197,0.0,2025-09-19,991846,818660961,WHERE IS MY HUSBAND!,2025-09-19,Pop,Human Re Sources,197,6978,single,805948,Raye,84,480498
3471224101,12 to 12,242,0.0,2025-07-24,959353,791892231,12 to 12,2025-07-24,Alternative|Rock indé,Warner Records,242,1322,single,145468192,sombr,27,163952
2743578151,Espresso,175,0.0,2024-04-12,979835,571147791,Espresso,2024-04-12,Pop,Island Records,175,12757,single,1176900,Sabrina Carpenter,59,1808885
3196460531,Sports car,165,0.0,2025-01-24,886389,701157501,Sports car,2025-01-24,Pop,RCA Records Label,165,1762,single,13817211,Tate McRae,71,606286
3412534561,Soda Pop,150,0.0,2025-06-20,855172,771853201,KPop Demon Hunters (Soundtrack from the Netflix Film),2025-06-20,Musique asiatique,K-Pop Demon Hunters,2262,89685,album,330311471,Saja Boys,7,79008
3058173431,Born With a Broken Heart,209,0.0,2024-10-25,896427,660827291,Born With a Broken Heart,2024-10-25,Pop,Sony Music Italy / Arista Records,209,7494,single,13612391,Damiano David,9,122571
3412611901,Gabriela,196,0.0,2025-06-20,991587,771888461,Gabriela,2025-06-20,Pop,HYBE/Geffen,196,7735,single,271210292,KATSEYE,24,247373
3366124711,Don’t Say You Love Me,180,0.0,2025-05-16,661251,756487651,Echo,2025-05-16,Musique asiatique,BIGHIT MUSIC,1220,5428,ep,150688792,JIN,19,243565
3400077541,Manchild,213,0.0,2025-06-06,943782,767648471,Manchild,2025-06-06,Pop,Island Records,213,5285,single,1176900,Sabrina Carpenter,59,1808885
3388915941,The First Time,218,0.0,2025-05-15,950522,763955771,The First Time,2025-05-15,Pop,Sony Music Italy / Arista Records,218,1013,single,13612391,Damiano David,9,122571
3529873491,Tears,160,0.0,2025-08-29,818831,812101581,Man’s Best Friend,2025-08-29,Pop,Island Records,2298,35586,album,1176900,Sabrina Carpenter,59,1808885
2454854845,Pink Pony Club,258,0.0,2023-09-22,923914,488063815,The Rise and Fall of a Midwest Princess,2023-09-22,Pop,Chappell Roan PS/ Island,2943,46671,album,12945219,Chappell Roan,19,309120
2525537871,Houdini,185,0.0,2023-11-09,947624,508032681,Houdini,2023-11-09,Pop,Warner Records,185,10051,single,8706544,Dua Lipa,135,8773012
737967292,Cruel Summer,178,170.14,2019-08-23,907898,108447472,Lover,2019-08-23,Pop,Taylor Swift,3705,188267,album,12246,Taylor Swift,123,12713249
2182389137,Flowers,200,0.0,2023-03-10,704237,415418547,Endless Summer Vacation,2023-03-10,Pop,Columbia,2595,37343,album,12436,Miley Cyrus,61,7234452
925108,Don't Stop The Music,267,122.68,2008-06-17,987446,104188,Good Girl Gone Bad: Reloaded,2008-06-17,Pop,Def Jam Recordings,3425,204868,album,564,Rihanna,94,18031446
2892817641,Angel Of My Dreams,197,0.0,2024-07-19,652147,616310841,Angel Of My Dreams,2024-07-19,Dance|Pop,RCA Records Label,197,1631,single,270463722,JADE,31,12942
2614318122,"yes, and?",215,0.0,2024-01-12,823856,532976152,"yes, and?",2024-01-12,Pop,Republic Records,215,6877,single,1562681,Ariana Grande,72,13417204
1842063487,CUFF IT,225,0.0,2022-07-29,827053,340077257,RENAISSANCE,2022-07-29,Pop,Parkwood Entertainment/Columbia,3740,135829,album,145,Beyoncé,118,12827396
2833834872,Apple,151,0.0,2024-06-07,729881,597350882,BRAT,2024-06-07,Electro,Atlantic Records,2483,55218,album,1462230,Charli xcx,116,1885320
2444176345,greedy,131,0.0,2023-09-15,930668,485235215,greedy,2023-09-15,Alternative|Pop,RCA Records Label,131,6938,single,13817211,Tate McRae,71,606286
3616161872,Pussy Palace,241,0.0,2025-10-24,22357,906057362,West End Girl,2025-10-24,Pop,BMG Rights Management (UK) Ltd.,2702,2537,album,4607,Lily Allen,35,1198687
1240000812,Unwritten,254,0.0,2004-08-30,879086,206763672,Unwritten,2004-10-11,Pop,Sony Music CG,3217,4869,album,1489,Natasha Bedingfield,64,158038
2610725022,Can't Get Enough,186,0.0,2024-01-10,18300,906775282,Can't Get Enough,2026-01-28,Pop,BMG Rights Management (US) LLC,186,35,single,45,Jennifer Lopez,123,6388850
2097719557,Escapism.,272,0.0,2023-02-03,634189,393727427,My 21st Century Blues,2023-02-03,Pop,Human Re Sources,2805,31963,album,805948,Raye,84,480498
2373296475,Dance The Night,176,0.0,2023-07-21,660665,465972055,Barbie The Album,2023-07-21,Pop,Atlantic Records,2645,30006,album,8706544,Dua Lipa,135,8773012
3262333861,Abracadabra,223,0.0,2025-03-07,632340,722147851,MAYHEM,2025-03-07,Pop,Interscope Records,3190,47353,album,75491,Lady Gaga,98,9264137
71645431,Roar,223,179.8,2013-10-22,927789,7040437,PRISM (Deluxe),2013-10-22,Pop,Capitol Records (CAP),3700,459287,album,144227,Katy Perry,89,9777645
2422952525,Single Soon,171,0.0,2023-08-25,692794,479494735,Single Soon,2023-08-25,Pop,Interscope Records,171,5767,single,292185,Selena Gomez,69,5540688
2440763205,get him back!,211,0.0,2023-09-08,731772,484372295,GUTS,2023-09-08,Pop,Olivia Rodrigo PS,2357,72632,album,11152580,Olivia Rodrigo,29,1817706
1126047152,positions,172,0.0,2020-10-30,617297,183019992,Positions,2020-10-30,Pop,Republic Records,2464,68737,album,1562681,Ariana Grande,72,13417204
15391618,Toxic,201,143.1,2003-11-13,896147,1421245,In The Zone,2003-11-13,Pop,Jive,2996,49035,album,483,Britney Spears,30,5447879
2330296655,Feed The Beast,150,0.0,2023-06-23,499799,454046745,Feed The Beast,2023-06-23,Pop,Republic Records,2455,4954,album,4652821,Kim Petras,73,143832
679217,Hung Up,337,124.9,2005-11-11,917400,82006,Confessions on a Dance Floor,2005-11-14,Pop,Warner Records,3357,113912,album,290,Madonna,144,4902447
1410738042,Woman,172,0.0,2021-06-25,868140,238876612,Planet Her,2021-06-25,Pop,Kemosabe Records/RCA Records,2639,89589,album,5578942,Doja Cat,52,2498402
89077521,Blank Space,232,95.93,2014-10-27,674915,9007779,1989,2014-10-27,Pop,Taylor Swift,2926,56599,album,12246,Taylor Swift,123,12713249
1124841682,Levitating,203,0.0,2020-03-27,902185,182811182,Future Nostalgia,2020-10-30,Pop,Warner Records,2596,98993,album,8706544,Dua Lipa,135,8773012
2148022517,TRUSTFALL,241,0.0,2023-02-17,773816,407116807,TRUSTFALL,2023-02-17,Pop,RCA Records Label,2637,32785,album,69925,P!nk,65,4657659
71137161,We Can't Stop,240,160.2,2013-10-04,785382,6983510,Bangerz (Deluxe Version),2013-10-04,Pop,RCA Records Label,3669,214520,album,12436,Miley Cyrus,61,7234452
66404487,Come & Get It,231,160.2,2013-04-09,793584,6495493,Come & Get It,2013-04-09,Pop,Hollywood Records,231,55090,single,292185,Selena Gomez,69,5540688
1378342592,drivers license,242,0.0,2021-05-21,873560,231552772,SOUR,2021-05-21,Pop,Olivia Rodrigo PS,2086,239619,album,11152580,Olivia Rodrigo,29,1817706
1557137132,Oh My God,225,0.0,2021-11-19,844835,273425942,30,2021-11-19,Pop|Pop internationale|Rock,Columbia,3494,248408,album,75798,Adele,20,15462800
2387373015,Paint The Town Red,231,0.0,2023-08-04,916724,469909155,Paint The Town Red,2023-08-04,Rap/Hip Hop|Pop,Kemosabe Records/RCA Records,231,21814,single,5578942,Doja Cat,52,2498402
655095912,bad guy,194,135.11,2019-03-29,932130,91598612,"WHEN WE ALL FALL ASLEEP, WHERE DO WE GO?",2019-03-29,Alternative,Darkroom/Interscope Records,2572,552851,album,9635624,Billie Eilish,32,9243361
1077837262,Sweet but Psycho,187,132.94,2020-09-18,570620,172832262,Heaven & Hell,2020-09-18,Pop,Atlantic Records,2684,13005,album,12948083,Ava Max,111,1226494
109703216,Confident,205,130.01,2015-10-16,757650,11428814,Confident (Deluxe Edition),2015-10-16,Pop,Hollywood Records,3299,95914,album,193875,Demi Lovato,79,7057704
1161005,Don't Cha,272,119.8,2005-10-13,838747,124322,PCD,2005-10-13,Pop,Pussycat Dolls,3032,41836,album,83,The Pussycat Dolls,31,1118305
4764905,TiK ToK,200,0.0,2009-08-07,953309,438618,TiK-Tok - Remixes,2009-11-27,Pop,RCA Records Label,1607,9350,ep,280627,Kesha,73,4183548
609244,Crazy In Love (feat. JAY-Z),235,99.2,2003-06-24,927130,77201,Dangerously In Love,2003-06-24,Pop|R&B,Columbia,3670,95217,album,145,Beyoncé,118,12827396
79587580,Chandelier,216,173.71,2014-07-07,937345,7927592,1000 Forms Of Fear,2014-07-04,Pop|Rock,Monkey Puzzle Records/RCA Records,2927,257338,album,3469,Sia,154,8708287
973317062,Rain On Me,182,0.0,2020-05-29,800952,151092632,Chromatica,2020-05-29,Pop,Interscope,2580,188000,album,75491,Lady Gaga,98,9264137
2281107,So What (Main Version),215,126.0,2008-10-27,842981,227687,Funhouse,2008-10-24,Dance|Rap/Hip Hop|Pop|Variété Internationale|Rock|R&B,LaFace Records,2908,72645,album,69925,P!nk,65,4657659
14241633,Stronger (What Doesn't Kill You),221,116.1,2011-10-24,829326,1307135,Stronger (Deluxe Version),2011-10-21,Pop,RCA Records Label,3701,42688,album,68,Kelly Clarkson,151,3147937
2511970,We Belong Together,202,0.0,2005-04-04,798723,246690,The Emancipation of Mimi,2005-04-04,Pop,Def Jam Recordings,3001,32586,album,65,Mariah Carey,130,3446715
1433046192,Don't Wait Up,204,0.0,2024-12-18,693015,244134412,Don't Wait Up,2024-12-18,Dance|Pop,Sony Music Latin,204,7565,single,160,Shakira,71,11697058
2366043655,"What Was I Made For? [From The Motion Picture ""Barbie""]",222,0.0,2023-07-13,911507,463935645,"What Was I Made For? [From The Motion Picture ""Barbie""]",2023-07-13,Alternative,Darkroom/Interscope Records,222,28161,single,9635624,Billie Eilish,32,9243361
16149860,Summertime Sadness,265,112.0,2012-01-30,813635,1503218,Born To Die,2012-01-27,Alternative,Polydor Records,2973,136358,album,1424821,Lana Del Rey,72,5798719
1533348982,The Feels,198,0.0,2021-11-12,627018,268310522,Formula of Love: O+T=<3,2021-11-12,Musique asiatique,Republic Records - TWICE,3119,18956,album,161553,TWICE,91,1353139
1088873812,Without Me,201,136.0,2020-09-29,853022,175153222,Manic,2020-09-29,Alternative,Capitol Records,4562,17631,album,5292512,Halsey,52,2076003
666286232,Juice,195,119.84,2019-04-19,757004,93850092,Cuz I Love You,2019-04-18,Pop|R&B,Nice Life/Atlantic,1993,37778,album,5200025,Lizzo,52,459772
65227256,How to Be a Heartbreaker,221,140.1,2012-04-27,604714,6392847,Electra Heart (Deluxe),2012-04-30,Alternative,Atlantic Records UK,3951,53497,album,74357,Marina,59,506935
2166864777,Tattoo,180,0.0,2023-02-25,931175,411655007,Tattoo,2023-02-25,Pop,Universal Music AB,180,8574,single,1199771,Loreen,58,149700
1057394932,Shout Out to My Ex,243,126.05,2016-11-18,616557,168591702,Glory Days (Expanded Edition),2016-11-18,Pop,Syco Music,4518,13550,album,1538640,Little Mix,49,3747381
3098100,Can't Get You out of My Head,230,126.0,2002-11-19,906939,299771,Fever,2001-10-01,Rock,Parlophone UK,2701,13048,album,479,Kylie Minogue,179,1420567
62082981,Girl On Fire (feat. Nicki Minaj) (Inferno Version),270,0.0,2012-11-26,650642,6088144,Girl On Fire,2012-11-23,Pop|R&B,RCA Records Label,3188,145946,album,228,Alicia Keys,75,5804551
15627386,Genie In a Bottle,216,175.9,2000-09-22,805441,1443463,Christina Aguilera (Expanded Edition),2000-09-22,Pop,RCA Records Label,4358,16829,album,116,Christina Aguilera,31,3909407
1283546482,EL MAKINON,209,0.0,2021-03-26,649941,216835762,KG0516,2021-03-26,Rap/Hip Hop|Latino,UMLE - Latino,3496,27797,album,5297021,KAROL G,76,3408716
105243272,All About That Bass,189,133.8,2015-08-14,527007,10961132,"30 Todo Dia, Vol. 2",2015-08-14,Pop,Sony Music Entertainment,1796,1551,album,1181430,Meghan Trainor,84,1716008
125513412,That's My Girl,204,101.08,2016-05-27,755208,13200738,7/27 (Deluxe),2016-05-27,Pop,Syco Music/Epic,2467,148258,album,4974921,Fifth Harmony,24,2699365
447098092,Havana (feat. Young Thug),216,104.93,2018-01-12,916460,54496412,Camila,2018-01-12,Pop,Syco Music/Epic,2214,200797,album,9236850,Camila Cabello,40,3900196
75981528,I Wanna Dance with Somebody (Who Loves Me),293,118.8,1987-06-02,836827,7530488,Whitney,2013-02-15,Pop|R&B,Arista/Legacy,3162,47077,album,174,Whitney Houston,55,3921628
2354707745,Super Shy,154,0.0,2023-07-07,744087,460978815,NewJeans 'Super Shy',2023-07-07,Musique asiatique,ADOR,262,5680,single,178008437,NewJeans,13,349352
538706952,Hot Stuff,224,120.54,2018-08-10,784022,70207172,Bad Girls,2015-04-15,R&B,Mercury Records,3984,8385,album,3521,Donna Summer,48,849557
14405198,Domino,234,126.82,2011-11-14,856258,1321226,Who You Are (Platinum Edition),2011-11-14,Pop,Lava Music/Republic Records,3673,95641,album,985109,Jessie J,44,5091659
983450,Hollaback Girl,200,110.0,2004-11-22,784246,109380,Love. Angel. Music. Baby.,2004-01-01,Pop,Interscope,3106,28400,album,16,Gwen Stefani,44,1234663
1336315542,Girl From Rio,194,0.0,2021-04-29,499216,221844312,Girl From Rio,2021-04-29,Pop,Warner Records,194,9183,single,4390053,Anitta,180,7401254
596589,Get Right,227,97.0,2005-02-28,753131,76181,Rebirth,2001-01-01,Dance|Pop|Rock,Epic,2900,8988,album,45,Jennifer Lopez,123,6388850
487381362,2002,187,95.93,2018-04-20,750917,61483452,2002,2018-04-20,Electro|Pop,Atlantic Records UK,187,35003,single,6396188,Anne-Marie,129,1865648
144389048,Lush Life,201,98.0,2017-03-17,987028,15658900,So Good,2017-03-17,Pop,Epic/Record Company TEN,3035,62517,album,4331004,Zara Larsson,85,1645454
2458116405,Hold On To Now,237,0.0,2023-09-22,34752,488988215,Tension (Deluxe),2023-09-22,Pop,Liberator Music,2715,472,album,479,Kylie Minogue,179,1420567
1246669962,Rotate,201,0.0,2021-02-22,489839,208217372,Rotate,2021-02-22,Pop|Latino,Kemosabe Records/RCA Records/Sony Music Latin,201,1880,single,4698748,Becky G,111,1867369
4139462881,Salt And Lime,188,0.0,2026-08-07,538400,1023586891,Salt And Lime,2026-08-07,Country,Not Fit For Society,586,47,single,10742336,Elley Duhe,44,46987
4194545682,Ravers,206,0.0,2026-08-05,672096,1043225692,Ravers,2026-08-05,Pop,Polydor Records,206,140,single,311820,Ellie Goulding,94,6236806
4192719242,Sunset Marquis,209,0.0,2026-08-07,526007,1042610202,Sunset Marquis,2026-08-07,Country,Miranda Lambert PS,209,24,single,5057,Miranda Lambert,52,305758
4180065282,brand new chanel$,238,0.0,2026-07-31,747568,1039347142,brand new chanel$,2026-07-31,Pop,Records/Columbia,238,417,single,50452132,Slayyyter,47,28014
4177375852,4 Seasons,217,0.0,2026-07-31,670318,1038297732,4 Seasons,2026-07-31,Pop,Polydor Records,217,39,single,311820,Ellie Goulding,94,6236806
4152098462,"Talk To Me, Zara",193,0.0,2026-07-28,693004,1028395982,"Talk To Me, Zara",2026-07-28,Pop,Young,193,253,single,2648,Robyn,72,176959
4125343871,Memo,191,0.0,2026-07-31,605231,1018466801,Memo,2026-07-31,Country,Warner Records,191,47,single,427388,Dasha,52,25349
4115608371,DNH,147,0.0,2026-07-31,666680,1014947531,DNH,2026-07-31,Pop,Tove Lo,488,185,single,4103977,Tove Lo,82,1660687
3966839921,Asleep Talking,157,0.0,2026-04-24,630381,963301891,Asleep Talking,2026-04-24,Pop,Visva / Republic Records,157,57,single,136642932,Magnus Ferrell,13,700
4180621862,Warrior,295,0.0,2026-07-31,624716,1039567852,Warrior,2026-07-31,Pop,BMG Rights Management (UK) Ltd.,794,9,ep,513757,Florrie,46,23139
4173621042,Twiggy,209,0.0,2026-07-31,651907,1036706242,Twiggy,2026-07-31,Pop,Remi Wolf PS,209,58,single,14425359,Remi Wolf,24,14752
4158596032,One song away from crying,219,0.0,2026-07-29,654942,1030888302,One song away from crying,2026-07-29,Alternative|Pop Indé,Parlophone UK,219,71,single,8763546,Rachel Chinouriri,52,11132
4170431392,Less than a Lover,145,0.0,2026-07-24,791604,1035454422,Less than a Lover,2026-07-24,Pop,OA Entertainment/Columbia,145,2078,single,1228100,JENNIE,21,640922
4159582602,Animal,158,0.0,2026-07-27,993175,1031298722,Animal,2026-07-27,Pop,HYBE/Geffen,158,4143,single,271210292,KATSEYE,24,247373
4166111662,THAT GIRL,176,0.0,2026-07-24,724624,1033836622,A*POP,2026-07-24,Pop,FAX Records/Epic,2636,3055,album,1220981,Tyla,30,189368
4156337522,Oh Mother,212,0.0,2026-07-22,662040,1030026222,Oh Mother,2026-07-22,Pop,PLG - Capitol,212,257,single,1097709,Sam Smith,107,5578733
4159458112,Remedied,127,0.0,2026-07-24,573120,1031243992,Remedied,2026-07-24,Pop,EMI,127,61,single,168790157,FLO,36,26263
4022443691,The Present Moment,225,0.0,2026-07-24,614504,983047391,The Thread,2026-07-24,Singer & Songwriter,Three Six Zero,2170,1219,album,70942,Willow,30,703365
4158551132,Ain't In LA,187,0.0,2026-07-23,958305,1030868982,Ain't In LA,2026-07-23,Pop,Capitol Records,187,1987,single,306607671,ADÉLA,19,14507
4154155432,Privacy,194,0.0,2026-07-24,587410,1029185412,Privacy,2026-07-24,Pop,Mr. 305 Records,194,161,single,776,Pitbull,181,7254717
4094577631,i deserve better.,197,0.0,2026-07-12,677280,1008247411,My Reckless Abandon,2026-07-12,Alternative|Pop Indé,2026 Bella Kay,2471,1158,album,338703121,Bella Kay,10,10136
4144015542,After All,252,0.0,2026-07-16,627592,1025205172,After All,2026-07-16,Pop,School Boy/Interscope Records,252,128,single,1002521,Carly Rae Jepsen,45,2508652
4144780012,Good Times,184,0.0,2026-07-17,573918,1025523372,Good Times,2026-07-17,Pop,EMI Nordic / Then We Take The World,184,81,single,1563138,Lukas Graham,44,566328
4112222691,"Too Fast To Live, Too Young To Die",201,0.0,2026-07-17,608492,1013833951,"Too Fast To Live, Too Young To Die",2026-07-17,Pop,Warner Records,201,70,single,102421912,Nessa Barrett,49,106805
4078977601,"Crazy, Baby",146,0.0,2026-08-21,604045,1002841311,"Crazy, Baby",2026-08-21,Alternative|Pop,Warner Records,146,11,single,12675553,Cara Delevingne,5,1460
3988410711,Danceteria,235,0.0,2026-07-03,822465,970728301,CONFESSIONS II,2026-07-03,Dance|Pop,Warner Records,3832,23781,album,290,Madonna,144,4902447
4129907721,Us Against The World,163,0.0,2026-07-10,522946,1020147441,On Your Side,2026-07-10,Pop,EMI,1509,199,ep,369601992,December 10,7,1371
4115963491,Great Expectation,173,0.0,2026-07-03,947792,1015034131,Visitor (Deluxe),2026-07-03,Pop,Capitol Records,2994,5550,album,265272032,SIENNA SPIRO,17,52631
4105889521,Wink Wink,122,0.0,2026-06-26,730299,1011886121,Wink Wink,2026-06-26,Pop,Atlantic Records,122,453,single,1462230,Charli xcx,116,1885320
4116003571,born to lose,194,0.0,2026-07-03,554997,1015043281,born to lose,2026-07-03,Pop,Bea Miller,194,26,single,5791247,Bea Miller,36,156012
4109799741,These Alarms,201,0.0,2026-07-01,636169,1013120121,These Alarms,2026-07-01,Alternative,BMG Rights Management (UK) Ltd.,201,396,single,1642,Snow Patrol,59,1294643
4097921571,Watch It Burn,175,0.0,2026-06-26,779095,1009287871,Watch It Burn,2026-06-26,Pop,Capitol Records (CAP),364,1262,single,144227,Katy Perry,89,9777645
4092422631,My Body Isn't Ready,217,0.0,2026-06-25,905286,1007493941,My Body Isn't Ready,2026-06-25,Pop,Warner Records,217,1479,single,145468192,sombr,27,163952
4094266511,My Guy,230,0.0,2026-06-24,601822,1008154281,My Guy,2026-06-24,Pop,PLG - Capitol,230,387,single,1097709,Sam Smith,107,5578733
4098250901,On Wires,203,0.0,2026-06-26,499493,1009348971,On Wires,2026-06-26,Pop,School Boy/Interscope Records,203,177,single,1002521,Carly Rae Jepsen,45,2508652
4075933011,One Day,188,0.0,2026-06-12,633698,1001809991,DIRTY BLONDE,2026-06-12,Dance,Bebe Rexha Music LLC / EMPIRE,2015,2287,album,4492087,Bebe Rexha,129,1832651
4032295241,des fleurs x stromae,172,0.0,2026-06-12,970576,986744611,des fleurs x stromae,2026-06-12,Pop,Tove Lo,341,3554,single,4103977,Tove Lo,82,1660687
4056870291,Heaven,191,0.0,2026-06-19,766730,995748821,"My Mess, My Heart, My Life.",2026-06-19,Singer & Songwriter,RCA Records Label,2760,3511,album,12641355,Myles Smith,34,74751
4079716511,stupid song,209,0.0,2026-06-12,633621,1003138931,you seem pretty sad for a girl so in love,2026-06-12,Pop,Olivia Rodrigo PS,3056,3833,album,11152580,Olivia Rodrigo,29,1817706
4058916481,"I Knew It, I Knew You (From ""Toy Story 5"")",178,0.0,2026-06-05,900423,996462431,"I Knew It, I Knew You (From ""Toy Story 5"")",2026-06-05,Country,Walt Disney Records / Pixar,178,2608,single,12246,Taylor Swift,123,12713249
4045817471,hate that i made you love me,198,0.0,2026-05-29,999011,991609961,hate that i made you love me,2026-05-29,Pop,Republic Records,198,4988,single,1562681,Ariana Grande,72,13417204
4060955711,Love Sensation (Radio Edit),182,0.0,2026-06-04,25248,1013990891,Love Sensation,2026-06-04,Dance|Pop,Warner Records,410,50,single,290,Madonna,144,4902447
4058557971,PASSENGER,159,0.0,2026-06-04,803105,996328451,PASSENGER,2026-06-04,Pop,Atlantic Records,159,268,single,541784,Alex Warren,38,162665
4055272861,Black Prada Dress,199,0.0,2026-06-05,579115,995074421,Black Prada Dress,2026-06-05,Pop,Polydor Records,199,118,single,311820,Ellie Goulding,94,6236806
4046352181,Handle,186,0.0,2026-05-28,532085,991765661,Handle,2026-05-28,R&B,Atlantic Records,186,37,single,8973774,Ravyn Lenae,29,24190
4251708921,monstres & cie,164,0.0,2026-09-04,856110,1065210571,monstres & cie,2026-09-04,Pop,RCA Group,164,262,single,388436161,melissa,5,10991
3765358912,Manhã De Carnaval,210,0.0,2026-04-10,771258,894350672,Luiza,2026-04-10,Chanson française,Wagram Music / Chapter Two Records,2622,6811,album,108463102,Luiza,17,30371
3480520401,Virile,158,0.0,2025-09-26,953134,795245871,Millénium,2025-09-26,Chanson française,Wagram Music / 3ème Bureau,2211,23312,album,2090121,Suzane,19,195650
4250840701,sous influence,187,0.0,2026-09-04,985099,1064881421,sous influence,2026-09-04,Pop,Universal Music Division Virgin Records Distribution Deal,187,735,single,9030084,Eddy de Pretto,18,467251
4228778002,Une seule vie,245,0.0,2026-08-28,994873,1056309352,Une seule vie,2026-08-28,Pop,GGL Records,245,2385,single,1042268,Angèle,36,1721784
4019250501,Sur la piste,172,0.0,2026-05-19,969641,981903131,Sur la piste,2026-05-19,Pop,Universal Music Distributed Labels,172,3364,single,53345732,Eva,30,729778
4226673872,il y a ceux,142,0.0,2026-08-28,631379,1055422112,il y a ceux,2026-08-28,Pop,Les Productions du Balcon,142,20,single,74164492,Coralie Fischer,6,866
4034126871,Été avec toi,187,0.0,2026-05-29,995689,987392741,Été avec toi,2026-05-29,Chanson française,Iconoclast Music,187,5383,single,55936502,Adèle Castillon,23,83089
3992833871,Surcoté,198,0.0,2026-05-08,709875,972305351,Surcoté,2026-05-08,Chanson française|Pop,Play Two,198,47,single,3928981,Ouidad,25,4439
4172790152,Gourou,210,0.0,2026-10-09,870308,1036372442,Effets Secondaires,2026-10-09,Chanson française,Wagram Music / 3ème Bureau,2497,575,album,51360672,Lisa Pariente,14,24181
4002902221,Compte à rebours,196,0.0,2026-05-20,673912,976198391,Compte à rebours,2026-05-20,Pop,SCOT,196,114,single,507886,Colt,30,16024
4207919432,Dis-moi,156,0.0,2026-08-28,856583,1047848522,Dis-moi,2026-08-28,Chanson française|Pop,Play Two,156,768,single,371590391,Léa Doffey,1,1124
4193564842,Bella Vita,179,0.0,2026-09-04,868159,1042968252,Bella Vita,2026-09-04,Pop,Frenchy,179,44,single,266429332,Oria,11,9403
4005244471,J'te laisserai pas partir (feat. Mattyeux),162,0.0,2026-05-22,752451,976977911,J'te laisserai pas partir (feat. Mattyeux),2026-05-22,Chanson française,RCA Group,162,401,single,72666582,Vernis Rouge,23,20875
3885745111,Bodycount,166,0.0,2026-03-20,657656,934182041,Bodycount,2026-03-20,Chanson française,Wagram Music / W Lab,166,401,single,236844421,Margot,7,13587
4096729431,MALALATÊTE,158,0.0,2026-09-04,699937,1008910981,Lili,2026-09-04,Pop,Universal Music Division Barclay,2006,1013,album,62725382,Maëlle ,12,75862
4151270212,mAnIAc,205,0.0,2026-07-17,881069,1028104242,mAnIAc,2026-07-17,Pop,Carré Bleu Production,205,575,single,292,disiz,43,447815
4175003752,Los Angeles,174,0.0,2026-08-06,644695,1037254812,Los Angeles,2026-08-06,Chanson française,Panenka Music,174,9,single,14966217,Andéol,18,1507
4207991952,DU BOUT DES LÈVRES,163,0.0,2026-09-04,711437,1047874982,DU BOUT DES LÈVRES,2026-09-04,Chanson française|Pop,Play Two,163,44,single,145314912,Anabel,20,6074
4083651731,Pain au Lait,165,0.0,2026-09-18,730339,1004358431,Karaté Cœur,2026-09-25,Chanson française,Wagram Music / 3ème Bureau,2172,446,album,164049927,Zaoui,17,19481
4023853931,Princesse chaos (Marine's Version),175,0.0,2026-06-12,764885,983569471,"La Favorite, suite et fin",2026-06-12,Chanson française,Panenka Music,3777,5747,album,15061447,Yoa,23,38577
4078215891,Antidote,154,0.0,2026-06-26,765180,1002590901,Antidote,2026-06-26,Chanson française,Columbia,154,966,single,280718911,Lenie,10,67605
3651885972,Soirée mondaine,198,0.0,2025-12-12,994115,855141432,Soirée mondaine,2025-12-12,Pop,Frenchy,198,1510,single,266429332,Oria,11,9403
3558493831,Ruelle sombre,217,0.0,2025-10-01,840831,822391151,Ruelle sombre,2025-10-01,Chanson française,Wagram Music / 3ème Bureau,217,2572,single,51360672,Lisa Pariente,14,24181
4088876841,Dis-le,247,0.0,2026-06-19,953823,1006290961,Dis-le,2026-06-19,Pop,GGL Records,247,2638,single,1042268,Angèle,36,1721784
4060640801,555,172,0.0,2026-06-19,764822,997037781,555,2026-06-19,Pop,RCA Group,172,3214,single,388436161,melissa,5,10991
4175003712,Partir pour de vrai,162,0.0,2026-08-27,702992,1037254792,Partir pour de vrai,2026-08-27,Chanson française,Wagram Music / Cinq 7,488,388,single,91212482,Nuit Incolore,29,138349
4083976201,OUTSIDER,120,0.0,2026-06-26,649207,1004470461,TOUT EST ORANGE,2026-06-26,Chanson française,A+LSO,726,3061,ep,118855772,lowey,4,15271
4031045971,je fais pleurer les hommes,127,0.0,2026-06-03,708020,986323581,je fais pleurer les hommes,2026-06-03,Pop,Naive,127,376,single,81384112,arøne,16,9407
4098999771,SUPERFICIEL,179,0.0,2026-07-09,692291,1009578941,SUPERFICIEL,2026-07-09,Chanson française,Panenka Music,179,216,single,10267432,BLOWSOM,26,6127
3923487151,Moi,183,0.0,2026-04-10,773439,948148361,Moi,2026-04-10,Chanson française,Panenka Music,183,524,single,15061447,Yoa,23,38577
4016510831,Garçon Solide,191,0.0,2026-05-29,666042,981166251,Garçon Solide,2026-05-29,Pop,Play Two,191,710,single,392293831,Théo,2,2659
4088570881,Plan B,200,0.0,2026-06-26,604516,1006201781,Plan B,2026-06-26,Chanson française,Columbia,200,107,single,78200722,Johnny Jane,20,13146
4061622581,Qu'est-ce qu'on se ressemble,199,0.0,2026-06-18,699225,997406031,Qu'est-ce qu'on se ressemble,2026-06-18,Chanson française,Wagram Music / 3ème Bureau,199,549,single,51360672,Lisa Pariente,14,24181
3990255111,oups,172,0.0,2026-06-12,591773,971428881,le rose c'est hasbeen,2026-06-12,Chanson française,Wagram Music / 3ème Bureau,823,429,ep,111084372,Marie Jay,8,3007
4116141941,chambre d'ado,181,0.0,2026-07-10,732510,1015086711,tout va bien (jcrois),2026-07-10,Pop,RCA Group,623,2051,ep,388436161,melissa,5,10991
4048767721,anomalisa,155,0.0,2026-06-12,632616,992613041,anomalisa,2026-06-12,Pop,Elektra France,155,282,single,192931937,satine,13,12135
4124502671,Sans Permission,141,0.0,2026-07-10,614274,1018145631,Sans Permission,2026-07-10,Pop,Epic,141,185,single,224007195,EMA,5,4672
4029289701,Papa,132,0.0,2026-06-05,610839,985679531,Papa,2026-06-05,Chanson française,Wagram Music / W Lab,132,96,single,236844421,Margot,7,13587
4003119951,Qui tu es,207,0.0,2026-06-12,539486,976258671,Ne m'oublie pas,2026-06-12,Chanson française|Pop,Roy music,1123,85,ep,163556207,Maheva,36,7735
4023853961,Yao,187,0.0,2026-06-12,734811,983569471,"La Favorite, suite et fin",2026-06-12,Chanson française,Panenka Music,3777,5747,album,15061447,Yoa,23,38577
4057745471,antidote,198,0.0,2026-06-17,585214,996045571,antidote,2026-06-17,Alternative|Pop,Les Sauvages,198,95,single,13153273,Aloïse Sauvage,14,28225
3990255101,joli désastre,203,0.0,2026-06-12,547784,971428881,le rose c'est hasbeen,2026-06-12,Chanson française,Wagram Music / 3ème Bureau,823,429,ep,111084372,Marie Jay,8,3007
4123783991,Atlas,145,0.0,2026-07-10,587790,1017891841,Atlas,2026-07-10,Chanson française,Wagram Music / W Lab,145,87,single,236844421,Margot,7,13587
4082980211,Pleure encore pour moi,203,0.0,2026-07-03,580878,1004103881,Pleure encore pour moi,2026-07-03,Pop,2100 records,203,52,single,160982992,Marius,12,1965
4098083611,Grande sœur,150,0.0,2026-06-26,563577,1009318631,Grande sœur,2026-06-26,Pop,BMG Rights Management France SARL,859,258,ep,208420927,Maureen Valet,3,4099
4090372681,COMME D'HABITUDE,140,0.0,2026-07-08,560060,1006853561,COMME D'HABITUDE,2026-07-08,Pop,Pitt Music Records,140,18,single,82794762,Pitt,24,4640
4117241401,"pleurer, baiser, rire",106,0.0,2026-07-08,557151,1015412121,"pleurer, baiser, rire",2026-07-08,Pop,BRUME(s),106,14,single,264366152,Ange,12,1489
4036713141,Saint Laurent,151,0.0,2026-06-05,514904,988257001,Saint Laurent,2026-06-05,Pop,Columbia,151,17,single,79893082,Marguerite Thiam,9,3677
4031491911,Ailleurs,162,0.0,2026-06-12,118388,990538241,WIP,2026-06-12,Alternative|Pop Indé,Entreprise,1012,32,ep,13122999,Ronnie,14,348
4091433541,après l’amour,146,0.0,2026-07-03,527383,1007215581,LA FOLLE DU BUS,2026-07-03,Pop,Universal Music Division Barclay,1347,264,album,164250837,Filiz,12,6983
4002833081,Insomnie,165,0.0,2026-05-29,553623,976177891,Insomnie,2026-05-29,Chanson française|Pop,Play Two,165,43,single,210306127,Esmée,11,3366
4094545241,Allo docteur,155,0.0,2026-07-10,537839,1008241381,faux raccords,2026-07-10,Pop,6&7,822,157,ep,14041435,Virgile Martini,4,1859
4125996821,au revoir,176,0.0,2026-07-10,518614,1018736801,au revoir,2026-07-10,Pop,Masterworks,176,13,single,128291372,ELLIOTT ARMEN,15,1388
3974228371,Encore une fois,150,0.0,2026-10-16,499946,966127041,Entre les deux,2026-10-16,Pop,AV Music,2100,123,album,6222996,Ambre Vallet,32,1869
4077190451,Kisbee,142,0.0,2026-06-26,529950,1002292271,Kisbee,2026-06-26,,Malentendu Production,142,6,single,189764287,Elena Copsi,19,669
4061355291,7 sur 7,170,0.0,2026-06-18,527630,997300341,7 sur 7,2026-06-18,Chanson française,Panenka Music,170,25,single,14966217,Andéol,18,1507
4004890051,BABY,185,0.0,2026-05-29,534753,976882861,T'ES TRISTE ??,2026-05-29,Pop,MFF Records,637,101,ep,13172003,Solal Roubine,10,664
4033579591,Bien me foutre,186,0.0,2026-05-29,491048,987227411,Bien me foutre,2026-05-29,Pop,Parlophone (France),186,14,single,204469337,Pétrole Brut,10,596
4051314541,Changer de vie,169,0.0,2026-06-26,450763,993528541,Changer de vie,2026-06-26,Alternative|Pop Indé,A2B Studio Records,169,2,single,12169582,Alvin Brown Beats,119,228
3171003131,DtMF,237,0.0,2025-01-05,981279,693008911,DeBÍ TiRAR MáS FOToS,2025-01-05,Latino,Rimas Entertainment LLC.,3721,204862,album,10583405,Bad Bunny,88,7982146
3106586641,luther,178,0.0,2024-11-22,783391,673968231,GNX,2024-11-22,Rap/Hip Hop,"pgLang, under exclusive license to Interscope Records",2661,69664,album,525046,Kendrick Lamar,40,6165161
3337290461,Amen,197,0.0,2025-04-25,321275,746775841,"Where I've Been, Isn't Where I'm Going: The Complete Edition",2025-04-25,Country,American Dogwood / EMPIRE,3343,1272,album,6853437,Shaboozey,36,67321
3012938031,VIBES DON'T LIE,202,0.0,2024-09-27,456612,647325141,MUTT,2024-09-27,R&B,EZMNY Records/Motown Records,2859,4766,album,85065212,Leon Thomas,44,19427
3410232121,Folded,238,0.0,2025-06-11,796961,771060011,Folded,2025-06-11,R&B,TSNMI / Atlantic,238,2229,single,5603027,Kehlani,86,711290
3296401771,NEVER ENOUGH,287,0.0,2025-04-08,617201,733400941,NEVER ENOUGH,2025-04-08,Rock|Metal,Roadrunner Records,287,2726,single,1072674,Turnstile,21,50744
2972754671,Eusexua,263,0.0,2024-09-13,90566,641488481,Eusexua,2024-09-13,Electro|Dance,Atlantic Records,263,4226,single,5039338,FKA twigs,35,144016
3380654581,Zombie,246,0.0,2025-05-30,711545,761266511,Zombie,2025-05-30,Alternative,Locomotion Recordings/Capitol Records,246,954,single,12133088,YUNGBLUD,56,431609
3470152941,Sugar On My Tongue,153,0.0,2025-07-21,818388,791483241,DON'T TAP THE GLASS,2025-07-21,Rap/Hip Hop,Columbia,1707,35882,album,1194083,"Tyler, The Creator",31,1373276
3376400941,Bad As I Used To Be (From F1® The Movie),300,0.0,2025-05-22,618556,760001611,Bad As I Used To Be (From F1® The Movie),2025-05-22,Country,Atlantic Records,300,461,single,343290,Chris Stapleton,24,327103
3471443921,End Of Summer,434,0.0,2025-07-25,493117,791962031,End Of Summer,2025-07-25,Alternative|Pop Indé|Rock indé|Dance,Columbia,434,2008,single,134790,Tame Impala,40,1132211
3444264191,BIG MONEY,154,0.0,2025-07-11,344543,782640361,BIG MONEY,2025-07-11,R&B,Verve,154,379,single,1059460,Jon Batiste,55,38352
3034835481,PUSH 2 START,157,0.0,2024-10-11,772784,653495621,TYLA +,2024-10-11,Pop|R&B,FAX Records/Epic,2958,7364,album,1220981,Tyla,30,189368
3007776531,Alone,410,0.0,2024-09-26,414103,646329621,Alone,2024-09-26,Alternative,Polydor Records,410,3059,single,381,The Cure,82,2527779
4263992162,HYPER//RISING,220,0.0,2026-09-04,695272,1070026412,ACT III,2026-09-04,Rock,Columbia,1944,1125,album,1247,Kasabian,83,812801
4210101802,Never Can Tell,177,0.0,2026-09-02,744383,1048695992,Never Can Tell,2026-09-02,Rock|Singer & Songwriter,Lovebugg Recording,177,56,single,1364450,Jake Bugg,38,309833
4033880151,Sleepwalker,228,0.0,2026-09-04,679818,987335111,Blood Of Your Empire,2026-09-04,Rock,Atlantic Records,2236,1194,album,322792371,PRESIDENT,11,6790
4058108471,Monster Truck,211,0.0,2026-09-04,584503,996164361,Part 1: Funeral Songs,2026-09-04,Alternative|Rock,Panic Room Records,1296,157,ep,351,Theory of a Deadman,56,217606
3935670151,Bogota,251,0.0,2026-09-04,654816,952408591,Airbourne,2026-08-28,Rock,Spinefarm,2827,1792,album,64106,Airbourne,28,174979
4182070972,Full Moon Ritual,237,0.0,2026-09-04,559328,1040162222,Full Moon Ritual,2026-09-04,Rock,Suburban Music Group,237,25,single,423461,DeWolff,35,8822
4248857301,Beginner Boys (Single Version),208,0.0,2026-09-03,642392,1064185171,Beginner Boys,2026-09-03,Rock,BMG Rights Management (UK) Ltd.,463,298,single,2454,Simple Minds,78,768161
4250714021,Take Me By The Hand,213,0.0,2026-09-04,635158,1064833581,Take Me By The Hand,2026-09-04,Alternative,BMG Rights Management (UK) Ltd.,634,85,single,166763,Echo and the Bunnymen,45,211243
4221458072,Call It What You Want,180,0.0,2026-09-02,657497,1053298332,Call It What You Want,2026-09-02,Alternative,Domino Recording Co.,180,23,single,221188795,Fat Dog,15,4201
3990292181,Everybody’s Gotta Love,304,0.0,2026-09-04,543929,971438501,Running Round The Sun,2026-09-04,Alternative,Modern Sky,2575,54,album,14867963,Jamie Webster,35,4078
4219967782,Don't Stop,190,0.0,2026-09-02,677184,1052689642,Room 12,2026-09-02,Singer & Songwriter,Music For Now,2370,723,album,112259,LP,48,338780
4220012652,Ants,197,0.0,2026-09-04,590945,1052706822,Ants,2026-09-04,Alternative|Rock,"Bummer Picnic Records, LLC",197,32,single,988686,K.FLAY,57,55249
4221138302,Chewing Gum (Live from El Coyote),231,0.0,2026-09-04,569762,1053192402,Truth or Consequence (Live from El Coyote),2026-09-04,Alternative,Rough Trade,2296,142,album,14317335,Amyl and The Sniffers,16,42444
4060878861,Secular Century Man,232,0.0,2026-09-04,461045,997121941,Free Electricity,2026-09-04,Alternative,Sub Pop Records,2954,14,album,210966,The Go,8,450
4158654422,Fresh Pistol,218,0.0,2026-09-04,667700,1030911242,Fresh Pistol,2026-09-04,Alternative|Rock indé|Rock|Rock Indé/Pop Rock,Roy music,218,7,single,4100258,Talisco,41,32628
4223628852,Sorry I'm French,158,0.0,2026-09-03,789239,1054107432,Sorry I'm French,2026-09-03,Chanson française,Wagram Music / Cinq 7,158,231,single,101969182,Sam Sauvage,7,29157
4205977512,Until It's Normal,179,0.0,2026-09-01,462636,1047122772,Until It's Normal,2026-09-01,Rock,Epitaph,179,5,single,88782942,Fake Names,5,812
4250839491,Pulse,201,0.0,2026-09-04,574889,1064881151,Happier Now,2026-09-04,Alternative,Fearless Records,2606,251,album,7471698,Movements,43,9373
4168672622,Good American,232,0.0,2026-09-02,511776,1034784082,Good American,2026-09-02,Alternative|Rock,Pure Noise Records,232,18,single,7782982,Spanish Love Songs,20,3323
4214362792,SOS 2,143,0.0,2026-09-02,592045,1050595682,SOS 2,2026-09-02,Rock,Kicking Music,143,21,single,9156,Burning Heads,10,9623
4004858901,I Get Noise,203,0.0,2026-09-04,554983,976871321,Half-Told Tales,2026-09-04,Alternative,Rock Action Records,3349,585,album,1242,Arab Strap,33,9745
4235842262,Urbia,175,0.0,2026-09-04,435498,1058980602,Urbia,2026-09-04,Alternative|Rock,Marshall Amplification Plc.,175,1,single,156933,The Molotovs,9,660
4224365602,Geordie,241,0.0,2026-09-04,523925,1054396392,Geordie,2026-09-04,Alternative,ATO Records,241,24,single,184980397,Brigitte Calls Me Baby,11,2784
4233367672,Good in Goodbye,232,0.0,2026-09-02,513336,1058051032,Good in Goodbye,2026-09-02,Pop|Rock,Kissin' Dynamite Records,232,21,single,244909,Kissin' Dynamite,19,12532
3949261921,Feel It Again,175,0.0,2026-09-04,431012,957190571,ELEPHANT,2026-09-04,Alternative|Rock indé|Rock,Cadence Music,2178,26,album,1430142,Bleeker,29,3609
4229905042,Biopsy Of An Unknown Growth,250,0.0,2026-11-06,408667,1056752572,A Delicate Balance,2026-11-06,Rock,EMI Recorded Music Australia Pty Ltd,1467,2,ep,354971232,HEADSEND,6,122
4022347031,E2,339,0.0,2026-08-28,491411,983010911,Nine,2026-08-21,Rock|Metal,Sargent House,2337,1079,album,13606,Russian Circles,23,37756
4166101742,Hempispheres,477,0.0,2026-09-03,541975,1033833632,Hempispheres,2026-09-03,Metal,Third Man Records,2285,280,album,376714021,Sleep,10,2002
4194458972,Just So You Know,221,0.0,2026-09-04,456415,1043190252,Just So You Know,2026-09-04,Alternative|Rock,TV Priest,221,5,single,76646552,TV Priest,13,1193
4017099421,Wings On Fire,255,0.0,2026-08-28,703686,981299781,This Mirror Weighs a Ton,2026-08-28,Alternative,Partisan Records,3207,3155,album,1652,Interpol,43,478767
4198254642,Insignificant Other,353,0.0,2026-08-25,723990,1044887252,Insignificant Other,2026-08-25,Alternative,Matador,584,792,single,1177,Queens of the Stone Age,27,1370409
4059648471,Everything At Once,254,0.0,2026-08-28,617463,996725591,There Near,2026-08-28,Alternative,Jagjaguwar,2533,899,album,3378,Dinosaur Jr.,32,84982
4238186542,SEEIN’ STARS: ELTON JOHN VERSION,253,0.0,2026-08-28,649005,1059875612,NEVER ENOUGH: VERSIONS,2026-08-28,Rock|Metal,Roadrunner Records,5407,1217,album,1072674,Turnstile,21,50744
4174827882,"Yeah, Yeah, Yeah, Yeah, Yeah",204,0.0,2026-08-28,447362,1037192552,"Yeah, Yeah, Yeah, Yeah, Yeah",2026-08-28,Rock,Rubyworks,204,9,single,463784,Shane MacGowan,8,4359
3990974521,Glass,267,0.0,2026-08-28,526507,971641211,Chrome,2026-08-28,Alternative|Rock|Rock Indé/Pop Rock,Drag City,1932,564,album,406900,Ty Segall,65,32029
4236675812,Bite My Tongue,199,0.0,2026-08-28,606930,1059297252,Everything’s Falling,2026-08-28,Rock,Lava / Republic Records,2345,822,album,7716640,The Warning,23,53948
4234693502,Umbra (Live from Mexico City),373,0.0,2026-08-27,577990,1058569912,2 Big To Rig (Original Motion Picture Soundtrack / Live),2026-08-27,Metal,Loma Vista Recordings,6021,1222,album,8506054,Ghost,34,611515
4236617692,Barbarians Blood,277,0.0,2026-08-28,676328,1059270722,Marrow Deep,2026-08-28,Metal,Loma Vista Recordings,3923,2599,album,9267,Mastodon,43,208416
4180143822,The Drifter Returns,197,0.0,2026-08-28,521725,1039375632,The Drifter Returns,2026-08-28,Rock|Hard Rock,Weathermaker Music,197,90,single,5505,Clutch,55,66910
4236676122,Beautiful Again,210,0.0,2026-08-28,600194,1059297302,Pure Ecstasy,2026-08-28,Rock,Fearless Records,2303,616,album,5010303,Beartooth,34,81164
4236645862,Enemy,195,0.0,2026-08-28,401343,1059282252,Enemy,2026-08-28,Alternative,BMG Rights Management (US) LLC,195,1,single,59116192,Nicotine Dolls,34,5028
4231994012,The Ballad Of Terry Fox,269,0.0,2026-08-27,671673,1057527952,The Ballad Of Terry Fox,2026-08-27,Pop|Rock,bad records,405,192,single,170,Bryan Adams,73,1749523
4192474362,Casting Me Away From You,157,0.0,2026-08-28,626823,1042514302,Casting Me Away From You,2026-08-28,Rock,Reprise,157,118,single,1379,Neil Young,174,828141
4053717411,Caldera II,206,0.0,2026-08-28,641537,994423241,Sirenas,2026-08-28,Alternative,Mexican Summer,2536,314,album,2340151,Allah-Las,23,44380
4229026412,Always Been Love,205,0.0,2026-08-26,463348,1056396172,Always Been Love,2026-08-26,Rock|Blues,Earache Records,371,31,single,4086321,The Temperance Movement,17,25206
4244632131,Anymore,180,0.0,2026-08-28,475673,1062534241,Anymore,2026-08-28,Country,Thrivin Here Records/Warner Records Nashville,180,3,single,142015752,Gavin Adcock,56,3264
3911070721,Mistaken Identity,211,0.0,2026-08-28,457955,943454831,Embers to Ashes,2026-08-28,Alternative|Rock,Martyr Inc. Records,3359,287,album,3490,Everlast,20,56900
4078427501,The Guilty Ones,255,0.0,2026-08-28,532520,1002657481,Timeless,2026-08-28,R&B|Soul,Legacy Recordings,2507,1363,album,1878,Prince,111,1362606
4230399992,It's Time,247,0.0,2026-08-25,592603,1056961262,It's Time,2026-08-25,Rock,BMG Rights Management (UK) Ltd.,715,83,single,573304,Johnny Marr,43,35061
4236793362,I Wanna Be Sedated,145,0.0,2026-08-28,702421,1059353102,I Wanna Be Sedated,2026-08-28,Rock,Concord Records,145,301,single,882,The Offspring,32,2029978
4238186492,SUNSHOWER: ANGEL DU$T VERSION,183,0.0,2026-08-28,489329,1059875612,NEVER ENOUGH: VERSIONS,2026-08-28,Rock|Metal,Roadrunner Records,5407,1217,album,1072674,Turnstile,21,50744
4117957591,Everybody Told Me,280,0.0,2026-08-28,477808,1015669981,GOTTA GET OUT,2026-08-28,Alternative,Reprise,2120,342,album,102676212,The Linda Lindas,22,7287
4121671571,Par le vide,209,0.0,2026-08-28,607942,1017145631,MARILYN,2026-08-28,Rock,Universal Music Division Barclay,2656,1107,album,157314032,Dynamite Shakers,15,7094
4071552791,The Top,170,0.0,2026-10-30,342031,1000517521,ELASTIC,2026-10-30,Pop|Rock,Yotanka Records,2173,5,album,134923462,Ziyad Al-Samman,11,296
4208174362,Gunnin',144,0.0,2025-09-18,431264,1047941372,Season of the Peach (Deluxe Edition),2025-09-18,Alternative,Fire Records,4239,1,album,65771,Black Lips,26,11305
4112134331,Cahokia,272,0.0,2026-10-02,357271,1013794361,All Set The Bone,2026-10-02,Alternative|Pop Indé|Rock indé|Rock,Transgressive Records,4001,27,album,300564111,Greg Freeman,11,373
4172497682,Holding Cell,179,0.0,2026-11-13,377684,1036274562,Los Bitchos & Friends Vol 1,2026-11-13,Alternative,GREAT Records,1817,10,album,13354827,Los Bitchos,12,8503
4231894852,Crying With You,240,0.0,2026-08-26,393122,1057487432,Crying With You,2026-08-26,Alternative|Rock indé|Rock,Atlantic Records,240,3,single,92463262,Radio Free Alice,14,1189
4171232792,Feed the Sewer,276,0.0,2026-08-27,405188,1035782752,Feed the Sewer,2026-08-27,Alternative,Domino Recording Co.,602,37,single,4541009,Protomartyr,18,9806
4205384712,Swarm,195,0.0,2026-08-26,349778,1046917952,Swarm,2026-08-26,Alternative|Rock indé|Rock,Vicious Circle,195,7,single,153791482,Tramhaus,14,2818
4168560092,Vapor Cloud,191,0.0,2026-08-25,384318,1034734302,Vapor Cloud,2026-08-25,Alternative|Rock,SideOneDummy Records,452,3,single,8608596,Paerish,19,1664
4184583492,Right Now,172,0.0,2026-08-28,431040,1041127242,Right Now,2026-08-28,Rock,Greenback Records,172,0,single,130737152,Telander,33,140
4146676402,LOVE IS A WEAPON,243,0.0,2026-08-28,449783,1026265322,LOVE IS A WEAPON,2026-08-28,Rock,Coup D'Etat Recordings / Atlantic Recording Corp,2929,182,album,56587412,Kami Kehoe,27,6618
4023620031,LOVE,169,0.0,2026-09-25,403782,983480211,Same Kids. Just Louder.,2026-09-25,Rock|Hard Rock|Metal,FURY FUNK Rec.,1921,101,album,183913,Slope,21,2363
4183116192,Lost Cause,194,0.0,2026-08-25,390882,1040510522,Lost Cause,2026-08-25,Alternative|Rock indé,Nettwerk Music Group,194,2,single,51189382,SNAYX,14,810
4145935322,13 Days,241,0.0,2026-08-27,337193,1025986392,13 Days,2026-08-27,Rock,p(doom),548,8,single,8298890,C.O.F.F.I.N,10,913
4222943532,Seethe,197,0.0,2026-08-21,633168,1053836562,The Dark,2026-08-21,Alternative,Loma Vista Recordings,2428,1166,album,398157,chelsea wolfe,48,36521
4179203002,Marianne,225,0.0,2026-08-18,907419,1039057432,Marianne,2026-08-18,Alternative,XL Recordings,225,1806,single,14175163,Fontaines D.C.,30,128886
4039885811,Say Yes,184,0.0,2026-08-21,603294,989348601,Weezer,2026-08-21,Alternative,Reprise,1968,1903,album,418,Weezer,74,729167
4129124721,Leave Me Behind,228,0.0,2026-08-21,713490,1019850261,Leave Me Behind,2026-08-21,Rock|Hard Rock,Nickelback,706,521,ep,338,Nickelback,35,3178946
4218387902,It's A Lot,265,0.0,2026-08-19,484453,1052123892,It’s A Lot,2026-08-19,Rock,Who's Dexter Enterprises / Severance Records / Big Loud Rock,265,15,single,142657252,Dexter and The Moonrocks,30,3591
4215099192,Ten Over Ten,197,0.0,2026-11-13,636294,1050831272,Dead Company,2026-11-13,Rock,Warner Records,603,440,album,1035806,Royal Blood,27,385066
4168788312,Pigwig,209,0.0,2026-08-20,558043,1034839222,Pigwig,2026-08-17,Alternative,Contagious,812,165,single,382,Bloc Party,56,343662
4174785032,Supersweetness,204,0.0,2026-08-20,375772,1037175272,Supersweetness,2026-08-20,Alternative|Rock,Dance To The Radio,204,2,single,263647,Twin Atlantic,39,28240
4208828372,Paint a Picture,198,0.0,2026-08-14,546504,1048221712,Paint a Picture,2026-08-14,Alternative,Mercury Records/Republic Owned,198,84,single,57478432,Trueblood,12,3354
4153496152,Calvary Drive,165,0.0,2026-08-21,474822,1028940772,Calvary Drive,2026-08-21,Alternative,Better Noise Music,601,28,single,1184,Yellowcard,50,224565
4183659402,What I've Done - Unshatter Film Soundtrack (Live in São Paulo),211,0.0,2026-08-21,596788,1040750472,What I've Done - Unshatter Film Soundtrack (Live in São Paulo),2026-08-21,Alternative,Warner Records,211,444,single,92,Linkin Park,75,12218135
4131129531,Miracle,185,0.0,2026-08-21,532842,1020613851,Miracle,2026-08-21,Alternative|Rock,Smash Into Pieces,370,41,single,288319,Smash Into Pieces,87,32951
4169845382,Afterglow,206,0.0,2026-08-17,435756,1035248412,Afterglow,2026-08-17,Alternative|Rock,Mallory Knox,206,13,single,632970,Mallory Knox,27,18278
4200605062,Life Is A Highway,170,0.0,2026-08-20,346416,1045775002,Life Is A Highway,2026-08-20,Country|Rock,Sophie Lloyd,170,5,single,405304,Sophie Lloyd,20,2966
4165368332,A Way Back,357,0.0,2026-08-19,500070,1033596432,A Way Back,2026-08-19,Alternative|Metal,"SIVIANA, RED CRK AB",811,95,single,7273,Cult of Luna,35,28757
4218436002,Disappearing Act,179,0.0,2026-08-19,591616,1052144262,Disappearing Act,2026-08-19,Alternative,Iliad Records/Capitol Records,629,378,single,408,Beck,75,412309
4142184491,Fur Elise,256,0.0,2026-08-18,494032,1024558341,Fur Elise,2026-08-18,Alternative,Partisan Records,256,29,single,170172097,Blondshell,15,4463
4145511232,BedHead,302,0.0,2026-08-18,35031,1025821692,BedHead,2026-08-18,Pop,WM Australia,302,46,single,11303670,Balu Brigada,28,8421
4223041032,Does It Ever Cross Your Mind?,191,0.0,2026-08-21,551052,1053879922,THRASHER,2026-08-21,Alternative,Brandon Flowers P&D/ Island,2562,801,album,560341,Brandon Flowers,11,96889
4126146831,Hit The Sky,159,0.0,2026-08-19,713632,1018794481,The Clearing (B Sides),2026-08-21,Alternative|Pop Indé|Rock indé,Columbia,3102,393,album,4710481,Wolf Alice,34,69791
4049976681,Loose Talk,205,0.0,2026-08-21,435713,993056361,Soft Control,2026-08-21,Rock,BMG Rights Management (US) LLC,2206,538,album,5412,The Afghan Whigs,24,12595
4215559632,The Light That Surrounds You,219,0.0,2026-08-18,409672,1051017492,The Light That Surrounds You,2026-08-18,Alternative,BMG Rights Management (UK) Ltd.,421,44,single,166763,Echo and the Bunnymen,45,211243
3975850801,One & Only,190,0.0,2026-08-21,407034,966707551,DMA'S,2026-08-07,Alternative|Pop Indé|Rock indé|Rock,Wonderlick,2304,153,album,5521088,DMA's,61,12384
4194722132,Memories,168,0.0,2026-08-22,618838,1043299712,Memories,2026-08-22,Rock,beabadoobee,168,160,single,13499081,beabadoobee,39,206644
3983931521,Long Lonely Road,260,0.0,2026-08-21,418913,969016111,A Hole To See The Sky Through,2026-08-21,Alternative|Rock indé,Fiction Records - Mystery Jets,2678,72,album,17247,Mystery Jets,42,13224
4220683002,Los Andes,211,0.0,2026-08-20,668477,1053003762,Los Andes,2026-08-20,,Easy Eye Sound,211,153,single,4617291,Hermanos Gutierrez,25,33287
4168486872,Now and Then,180,0.0,2026-08-18,378215,1034699282,Now and Then,2026-08-18,Alternative|Rock indé,Merge Records,582,8,single,2201511,The Tubs,13,548
3978138101,Main Street U.S.A.,215,0.0,2026-08-21,330514,967345151,Trespasser,2026-08-21,Rock,Mother Road Records,2349,43,album,407361,Grace Potter,24,4840
4202488442,YYY,185,0.0,2026-07-31,341382,1046216732,Over Before You Know It,2026-07-31,Alternative|Rock indé,Totally Normal Records,1949,21,album,10083826,Michigander,33,907
4205755712,Harmony,261,0.0,2026-08-07,559451,1047049002,Chuck Timely & The Hourglass,2026-08-07,Pop,Interscope Records,2853,1334,album,328088,Role Model,20,24742
4051250061,Thousand Mornings,269,0.0,2026-08-21,408275,993502391,What Of Now,2026-08-21,Rock,FUZZY WARBLES,3055,60,album,272343492,THE BAND FEEL,13,1347
4113421291,Everything's a PsyOp.,187,0.0,2026-08-17,314251,1014210191,Everything's a PsyOp.,2026-08-17,Alternative,GADZOOK,417,2,single,1210092,Young Knives,42,2755
4220036242,Figure 8,185,0.0,2026-08-19,425940,1052716552,Figure 8,2026-08-19,Alternative,Polydor Records,185,17,single,348798661,Bleech 9:3,6,710
4183427722,Choke,134,0.0,2026-08-21,446245,1040648642,Fugaz,2026-08-21,Alternative|Rock indé,Hopeless Records,899,63,ep,10348138,Karen Dió,11,2117
4223041022,Isn't It Strange,212,0.0,2026-08-21,455830,1053879912,Isn't It Strange,2026-08-21,Rock,Fearless Records,212,12,single,11149800,Taylor Acorn,54,3606
4166568052,TOO SENSITIVE,204,0.0,2026-08-17,333213,1034026112,TOO SENSITIVE,2026-08-17,Alternative|Rock,Hopeless Records,204,15,single,95919042,NOAHFINNCE,26,4505
3932801441,Modern Convenience,147,0.0,2026-08-07,313481,951685801,The Curse Of Public Opinion,2026-08-07,Alternative|Rock,SideOneDummy Records,1404,29,album,86373872,Public Opinion,20,82
4217961202,Seasonal Depression,152,0.0,2026-08-21,441296,1051953212,Seasonal Depression,2026-08-21,Rock,Nettwerk Music Group,152,12,single,226341645,The Haunt,48,1725
4222932812,happiest day of my life,202,0.0,2026-08-21,397419,1053832292,HAPPIEST DAY OF MY LIFE,2026-08-21,Rock,Republic Records,2219,302,album,59148702,Paris Jackson,14,3382
4168366592,Ur Bedroom,275,0.0,2026-08-19,421016,1034650462,Ur Bedroom,2026-08-19,Alternative|Rock indé,Glassnote Music LLC,275,3,single,226798705,bby,20,490
4222943332,WANNABE,213,0.0,2026-08-21,292399,1053836532,Wear & Tear,2026-08-21,Alternative,Republic Records,1151,9,ep,171817627,Cruz Beckham,8,183
4015253521,It Always Comes to Me,230,0.0,2026-08-21,411805,980709931,Life in Small Spaces,2026-08-21,Alternative,Sacred Bones Records,2464,117,album,4051073,Black Marble,20,7874
4045621691,Süki & Amadeus,343,0.0,2026-08-21,334968,991543301,"Big Life, Big Leaf",2026-08-21,Alternative|Rock indé,Sonic Cathedral,922,3,ep,615174,No Joy,31,2852
4191632832,Tom Will Smack Your Ass,146,0.0,2026-08-19,426688,1042211052,Tom Will Smack Your Ass,2026-08-19,Alternative,Domino Recording Co.,146,28,single,1088210,Sorry,28,5870
3994537251,Dance,155,0.0,2026-08-21,429608,972937181,Baby You're A Winner,2026-08-21,Rock,Brace Yourself (Grandmas House),2241,174,album,83944702,Grandmas House,21,1302
4201328822,Tinted View,288,0.0,2026-08-21,291571,1045994212,Tinted View,2026-08-21,Rock,GoodTalk,288,0,single,275517,Untitled,201,1584
4222943072,Worried Age,238,0.0,2026-08-21,581425,1053836512,It Goes On,2026-08-21,Alternative,Universal-Island Records Ltd.,2105,1344,album,287625131,Westside Cowboy,12,2226
4019956491,Monsters On My Block,186,0.0,2026-08-12,326314,982145701,Mercury Comet,2026-08-12,Alternative|Rock,Smash Mouth Records,2143,141,album,1179,Smash Mouth,37,95569
4029670581,Breaking Through,199,0.0,2026-08-14,442922,985789091,Breaking Through,2026-08-14,Rock|Hard Rock,Judge and Jury Records,2483,321,album,3117,Saliva,45,144146
4156763982,A Means To An End,223,0.0,2026-10-09,414443,1030196342,Fever,2026-10-09,Rock,Nuclear Blast,2300,51,album,278887,Graveyard,11,31435
4181599202,Saw You Stand,289,0.0,2026-07-31,646092,1039981852,Saw You Stand,2026-07-31,Rock,Lava / Republic Records,289,409,single,5674606,Greta Van Fleet,16,196176
4172294082,NOTHING BETTER THAN THIS,159,0.0,2026-08-14,570577,1036205232,NOTHING BETTER THAN THIS,2026-08-14,Rock,Columbia,676,336,single,1247,Kasabian,83,812801
4156792622,Still Alive,146,0.0,2026-08-12,360975,1030210042,Still Alive,2026-08-12,Alternative,I Surrender Records,146,8,single,167640,Wavves,39,28407
4151265112,Analog Summer,155,0.0,2026-08-14,378304,1028102402,Analog Summer,2026-08-14,Rock,Ineffable Records,155,6,single,3210,Wheatus,41,20725
4130614301,God Is on a Mission,192,0.0,2026-08-14,293267,1020441111,God Is on a Mission,2026-08-14,Rock,The Boy That Got Away,192,2,single,5853935,The Boy That Got Away,19,254
4046538061,ALL WE HAVE IS US,236,0.0,2026-08-14,347834,991819791,TURN OFF THE TV,2026-08-14,Alternative|Rock,Nettwerk Music Group,887,77,ep,8547936,Crawlers,28,4415
4139105391,House By The Grave,410,0.0,2026-08-14,342686,1023456201,House By The Grave,2026-08-14,Rock|Rock Indé/Pop Rock,Killer Candy Records,410,2,single,4073029,Uncle Acid & The Deadbeats,26,17513
3978215361,"Rapture, Or...",218,0.0,2026-08-14,314018,967356881,You Say I Romanticize,2026-08-14,Alternative,Sub Pop Records,2040,158,album,102183062,Sweeping Promises,10,1089
3990368761,T-Hexx,225,0.0,2026-08-14,318565,971459271,Terraform the Afterlife,2026-08-14,Alternative|Rock indé,Blowed Out Records,2212,94,album,376453071,Evil Island,5,97
4127386471,I Used to Kill,215,0.0,2026-08-12,338879,1019235871,I Used to Kill,2026-08-12,Alternative|Pop Indé|Rock indé|Electro|Pop,Create / Pack Records - JV,215,6,single,6947857,Daîne,31,1019
4171254052,Cup,247,0.0,2026-08-12,275044,1035793972,Cup,2026-08-12,Alternative,Transgressive Records,247,0,single,283578161,Jawdropped,9,54
4034733121,Nothing Happens Twice,222,0.0,2026-08-12,333423,987579701,Nothing Happens Twice,2026-08-12,Rock,Play It Again Sam,623,22,single,143101532,Gurriers,19,2714
4155094612,Full Spectrum Dominance,215,0.0,2026-08-13,363968,1029562312,Full Spectrum Dominance,2026-08-13,Alternative|Pop Indé|Rock indé,Polyvinyl Records,215,0,single,288506311,Dummy,21,290
4179027752,Date Night,227,0.0,2026-08-04,397197,1038988072,Date Night,2026-08-04,Alternative,Mom+Pop Music,227,91,single,415645,Tom Morello,49,96209
4191921652,The Fountain,205,0.0,2026-08-06,445761,1042300032,The Fountain,2026-08-06,Alternative,Fantasy,205,107,single,2699111,DIIV,27,37873
4168487132,7563,243,0.0,2026-08-07,561837,1034699512,7563,2026-08-07,Alternative|Pop Indé,Warner Music UK,243,74,single,184257827,Florence Road,15,4726
4165836252,Baby Kool (Evelyn),224,0.0,2026-08-05,589869,1033737142,Baby Kool (Evelyn),2026-08-05,Alternative|Pop Indé|Rock indé,RCA Records Label,772,341,single,2210161,Nothing But Thieves,55,240546
4153720622,Wish,218,0.0,2026-08-07,487335,1029027312,Wish,2026-08-07,Rock,Scrappy Records,604,28,single,13998193,Jeris Johnson,42,7139
3919585631,Good Fortune,187,0.0,2026-08-07,388411,946704871,Halcyon Blues,2026-08-07,Alternative,Run For Cover Records,2245,256,album,313452,Citizen,29,10471
4062123681,Cold,203,0.0,2026-08-06,448536,997613761,Cold,2026-08-06,Rock,Spinefarm,203,61,single,4231855,Dead Poet Society,32,12583
3990892741,Revenge,207,0.0,2026-08-07,376183,971611991,Cathedral,2026-08-07,Electro,Sacred Bones Records,2710,383,album,6427,John Carpenter,65,13110
4052380911,Weather Me,202,0.0,2026-08-05,303253,993939941,Weather Me,2026-08-05,Alternative,Chrysalis Records,734,15,single,148743,BODEGA,20,4393
4017352941,Madness,191,0.0,2026-08-07,352729,981350091,Tell Me Your Dream,2026-08-07,Rock,Relapse Records,1851,175,album,156439,Ceremony,37,3498
4128998391,Mundane,173,0.0,2026-08-07,298182,1019804581,Mundane,2026-08-07,Alternative,Artist Theory,173,2,single,532074,The Guest List,19,1689
3950173901,Canyons,173,0.0,2026-08-07,386472,957498151,Cannonball,2026-08-07,Alternative,Fiction Records - Man/Woman/Chainsaw,2470,673,album,181943667,Man/Woman/Chainsaw,16,1092
4100080901,Nails In The Coffin,249,0.0,2026-07-31,630463,1009868371,Legacy,2026-07-31,Rock|Metal,Better Noise Music,2204,3210,album,158710,Five Finger Death Punch,47,1123107
4173776732,THE GOLDEN RECORD,255,0.0,2026-07-31,386981,1036770742,evidence of you,2026-07-31,Alternative,ivri,1045,45,ep,14140777,ivri,33,3178
4170333152,Lonely in the Future,192,0.0,2026-07-24,818976,1035417912,Reality Awaits,2026-07-24,Alternative,Cult Records/RCA Records,2564,14599,album,569,The Strokes,23,1750121
4161416572,Camera,151,0.0,2026-07-21,551617,1031915462,Camera,2026-07-21,Pop,Atlantic Records,151,256,single,1462230,Charli xcx,116,1885320
4108308151,I'm On Standby,244,0.0,2026-07-23,426328,1012675851,All Forgotten / I'm On Standby,2026-07-23,Rock,Play It Again Sam,695,248,single,668,Eels,53,132887
4155014372,World’s Always Burning,178,0.0,2026-07-22,332389,1029527172,World's Always Burning,2026-07-22,Alternative,Loma Vista Recordings,178,15,single,105045942,Militarie Gun,25,2432
4105729481,Easy Street,231,0.0,2026-07-14,568486,1011823731,Easy Street,2026-07-14,Alternative,Matador,231,668,single,1177,Queens of the Stone Age,27,1370409
4132758351,Mr Charm,274,0.0,2026-07-10,698693,1021254041,Foreign Tongues,2026-07-10,Rock,Polydor Records,3753,14472,album,11,The Rolling Stones,126,7092419
4124553641,Street Of Dreams,235,0.0,2026-07-07,717277,1018166011,Street Of Dreams,2026-07-07,Rock,Universal-Island Records Ltd.,235,2230,single,163,U2,98,7325173
3960235991,Agency,158,0.0,2026-07-17,369129,961346351,Bring On The Psychics,2026-07-17,Alternative|Rock indé,Rude Records Equal Vision,1778,576,album,149221,Quicksand,15,6418
4098249251,About You,276,0.0,2026-06-26,599824,1009348461,Dear God,2026-06-26,Rock,Fearless Records,3006,2574,album,370519,The Pretty Reckless,31,453463
4078105011,what’s wrong with me,224,0.0,2026-06-12,880655,1002561451,you seem pretty sad for a girl so in love,2026-06-12,Pop,Olivia Rodrigo PS,3056,47977,album,11152580,Olivia Rodrigo,29,1817706
4019144511,Tell Me When You've Had Enough,198,0.0,2026-06-05,515958,996267931,Sanctuary,2026-06-05,Rock,Columbia Local,2942,8792,album,98,Evanescence,29,3779873
4037383121,Philly’s been good to me,351,0.0,2026-05-29,403261,988498541,Philadelphia's been good to me,2026-05-29,Rock,Verve Forecast,3874,2331,album,294912,Kurt Vile,36,54531
3870048741,No Fear,218,0.0,2026-05-29,376932,928265631,For Love of Grace & the Hereafter,2026-05-29,Alternative,Mexican Summer,2475,1411,album,1150958,Iceage,14,8941
4022773781,VERTICAL WORLDS,195,0.0,2026-05-22,461865,983177611,LOOKING FOR PEOPLE TO UNFOLLOW,2026-05-22,Rock,Loma Vista Recordings,2509,1800,album,5895611,Ecca Vandal,15,6993
4022367051,Keep It To Yourself,257,0.0,2026-05-28,395932,983019531,Keep It To Yourself,2026-05-28,Alternative,Love Spells LLC/RCA Records,257,19,single,152129082,Love Spells,26,1021
4096873631,Maybe I Still Love You,241,0.0,2026-06-24,450425,1008960101,Maybe I Still Love You,2026-06-24,Alternative|Pop Indé|Rock indé|Pop,Love Spells LLC/RCA Records,241,8,single,152129082,Love Spells,26,1021
3282445971,Low Kick (Live),419,0.0,2025-03-26,292453,728792681,Gate 1 - Live at Sunside,2025-03-26,Jazz,I See Colors,3288,95,album,262649231,AMG,4,519
85144644,Bitch Betta Have My Money,195,103.9,2001-02-01,309346,8583010,Bitch Betta Have My Money,2001-02-01,Rap/Hip Hop,Select Records,3367,826,album,312960161,AMG,10,141
3674304462,King Bayat (MIt Warde),171,0.0,2026-02-16,359998,862825072,Mit Warde,2026-02-16,Pop|Pop indé/Folk|Folk,V2 Records Benelux Distribution,2123,288,album,8294762,SARÃB,22,1840
2166005917,Zourouni,273,0.0,2023-03-31,359109,411450137,Qawalebese Tape,2023-03-31,Jazz,Colore Productions,1345,368,ep,8294762,SARÃB,22,1840
3792168992,stuck,163,0.0,2026-01-29,338959,903240502,stuck,2026-01-29,Pop,Universal Music Division Virgin Records Distribution Deal,163,24,single,13077511,Parsa Sabet,10,172
3897961021,don't panic,183,0.0,2026-03-19,558833,938733981,don't panic,2026-03-19,Pop,Universal Music Division Virgin Records Distribution Deal,492,9,single,13077511,Parsa Sabet,10,172
3877203221,KILL LE TIGER,227,0.0,2026-03-06,297657,930953491,KILL LE TIGER,2026-03-06,Pop,Mottomoda,227,3,single,339342221,Mottomoda,2,38
3490524291,GLO$$,166,0.0,2025-09-05,267782,798860731,GLO$$,2025-09-05,Pop,10021330 Records DK2,166,2,single,339342221,Mottomoda,2,38
3024211631,Big Dreams,150,0.0,2024-10-11,384011,650265161,Heart Choices,2024-10-11,Alternative,22D Music,872,276,ep,15081583,Maddy Street,17,2535
3732640282,Kicks In,205,0.0,2026-01-30,397205,882703202,Kicks In,2026-01-30,Alternative,Rainbow Rushes Records,205,42,single,15081583,Maddy Street,17,2535
3751252262,Sans Fond,230,0.0,2025-04-09,378652,889164642,Sans Fond,2025-04-09,Rock,EXAG' Records,230,0,single,254182892,La Flemme,4,1104
3810396022,Mer Azur,201,0.0,2025-04-25,316483,907475182,La Fête,2025-04-25,Rock,EXAG' Records,1919,83,album,254182892,La Flemme,4,1104
3708239282,Boy,267,0.0,2026-02-20,272066,874627252,Rage Blossom,2026-02-20,Alternative|Rock indé|Rock,Born Bad Records,1326,148,ep,243084011,Ile de Garde,5,363
3708239252,To Death,229,0.0,2026-02-20,315827,874627252,Rage Blossom,2026-02-20,Alternative|Rock indé|Rock,Born Bad Records,1326,148,ep,243084011,Ile de Garde,5,363
3864662221,nothing.can.be.done,217,0.0,2026-03-25,438321,926371161,nothing.can.be.done,2026-03-25,Rap/Hip Hop,Changeline,217,77,single,156785852,Changeline,58,6755
3590455812,JE.DÉTESTE.LA.FRANCE.pt1 (il y aura pas de pt2),132,0.0,2025-11-05,527604,833856062,JE.DÉTESTE.LA.FRANCE.pt1 (il y aura pas de pt2),2025-11-05,Rap/Hip Hop,Changeline,132,201,single,156785852,Changeline,58,6755
3141839401,ami imaginaire,211,0.0,2025-01-24,461796,683676051,j'avance,2025-01-24,Alternative|Pop,VOIE17,1049,911,ep,285226761,Billie,9,2096
3852466821,les adieux,196,0.0,2026-05-01,382144,922103261,à ce que les autres pensent de moi,2026-05-01,Alternative|Pop,voie 17,1066,242,ep,285226761,Billie,9,2096
3181529851,À quoi bon,193,0.0,2025-02-07,295169,696481781,Ça n'a jamais été mieux avant (vol.1),2025-02-07,Alternative|Pop Indé|Rock indé,696768 Records DK2,1375,314,ep,213890897,Arthur Fu Bandini,8,571
3181529881,Retrouver le soleil,231,0.0,2025-02-07,276509,696481781,Ça n'a jamais été mieux avant (vol.1),2025-02-07,Alternative|Pop Indé|Rock indé,696768 Records DK2,1375,314,ep,213890897,Arthur Fu Bandini,8,571
3857380651,Strangers,269,0.0,2026-03-06,358500,923653361,HELP(2),2026-03-06,Alternative,War Child Records,5169,5554,album,57777292,"Black Country, New Road",16,22948
1520730152,The Place Where He Inserted the Blade,433,0.0,2022-02-04,505353,265280732,Ants From Up There,2022-02-04,Alternative,Ninja Tune,3526,16357,album,57777292,"Black Country, New Road",16,22948
3918054821,The Only Thing I Did Wrong,211,0.0,2026-03-27,305543,946165781,Adult Contemporary,2026-03-27,Alternative,Mom+Pop Music,957,93,ep,9495038,Hudson Freeman,21,1581
3601108172,If You Know Me,203,0.0,2025-11-14,434492,837597622,If You Know Me / Wild Horses,2025-11-14,Alternative|Rock indé,Hudson Freeman,484,209,single,9495038,Hudson Freeman,21,1581
2673804262,Seven Steps,171,0.0,2024-03-07,479997,551274852,Seven Steps,2024-03-07,Alternative|Pop Indé,Club K,171,10,single,12752535,Küdeta,8,535
3612044482,Thank Myself,140,0.0,2025-11-14,463042,841379552,Seven Steps,2025-11-14,Pop|Rock,Küdeta,1678,62,album,12752535,Küdeta,8,535
3241726411,Way Too Cool For You,180,0.0,2025-03-26,7778,821621341,Way Too Cool For You,2025-03-26,Electro,Riptide Records,180,5,single,198114357,DITTER,7,1702
3837855941,Cringe Is The New Sexy,160,0.0,2025-10-29,261935,916889491,Cringe Is The New Sexy,2025-10-29,Alternative,Riptide Records,910,74,ep,198114357,DITTER,7,1702
3480845991,Stardust,406,0.0,2025-08-21,301661,795357961,Stardust / The Whole Woman,2025-08-21,Alternative,YEAR0001,664,66,single,390950,Anna von Hausswolff,22,11880
2135783717,Mountains Crave,215,0.0,2012-07-18,447808,403701997,Ceremony,2013-04-08,Alternative,Kning Disk,3659,520,album,390950,Anna von Hausswolff,22,11880
3920851041,SORRY! CRASH!,189,0.0,2026-04-01,416937,947216351,SORRY! CRASH!,2026-04-01,Rock,Loma Vista Recordings,189,75,single,5895611,Ecca Vandal,15,6993
1105440852,Ritchie Sacramento,252,0.0,2021-02-19,488846,178804432,As The Love Continues,2021-02-19,Alternative,Rock Action Records,3684,8439,album,1207,Mogwai,55,141158
3839407,Take Me Somewhere Nice,417,124.9,2001-04-30,514054,358031,Rock Action,2001-04-24,Alternative,[PIAS] Recordings Catalogue,2311,6267,album,1207,Mogwai,55,141158
376466151,Don’t Delete The Kisses,275,121.96,2017-09-29,625486,43599231,Visions Of A Life,2017-09-29,Alternative,Dirty Hit,2799,11597,album,4710481,Wolf Alice,34,69791
3508653271,Midnight Song,170,0.0,2025-08-22,393484,804916791,The Clearing,2025-08-22,Alternative|Pop Indé|Rock indé,Columbia,2448,6363,album,4710481,Wolf Alice,34,69791
2867402792,Ode To Clio,197,0.0,2024-11-08,207384,607941372,Eazy Peazy,2024-11-08,Alternative|Rock indé,Fat Possum,975,261,ep,181943667,Man/Woman/Chainsaw,16,1092
3940542491,Nosedive,339,0.0,2026-04-22,459413,953846711,Nosedive,2026-04-22,Alternative,Fiction Records - Man/Woman/Chainsaw,554,35,single,181943667,Man/Woman/Chainsaw,16,1092
87421407,Asylum,297,135.1,2014-11-03,291347,8821673,Rise,2014-11-03,Alternative|Rock indé|Rock|Rock Indé/Pop Rock,TeenageMenopause Records,2465,2864,album,4926435,Jessica93,15,7176
3451555281,Florence Rey (All Cops Are Beautiful),268,0.0,2025-10-10,317760,785269581,666 Tours de Périph',2025-10-10,Alternative|Rock indé|Rock,Born Bad Records,2680,848,album,4926435,Jessica93,15,7176
3505348921,Flesh Cage,299,0.0,2025-10-24,290115,803694401,Bruxism,2025-10-24,Alternative|Rock|Rock Indé/Pop Rock,WM FR Affiliated/Verycords,2592,584,album,113897082,Grandma's Ashes,8,2822
3505348881,Saints Kiss,202,0.0,2025-10-24,293547,803694401,Bruxism,2025-10-24,Alternative|Rock|Rock Indé/Pop Rock,WM FR Affiliated/Verycords,2592,584,album,113897082,Grandma's Ashes,8,2822
3750925362,Nightclub,177,0.0,2026-01-08,442166,889051022,Nightclub,2026-01-08,Rock,Universal Music Division Barclay,177,84,single,157314032,Dynamite Shakers,15,7094
3939369741,CINÉMA,155,0.0,2026-04-09,510909,953439441,CINÉMA,2026-04-09,Rock,Universal Music Division Barclay,155,98,single,157314032,Dynamite Shakers,15,7094
3237274731,Say My Name,248,0.0,2025-03-20,543696,714264261,Say My Name,2025-03-20,Metal,ACKOR Music,1015,295,single,1109853,Novelists,23,20320
3114433041,Coda,249,0.0,2024-12-11,601893,676103471,Coda,2024-12-11,Metal,ACKOR Music,519,190,single,1109853,Novelists,23,20320
2896332941,Guided Tour,265,0.0,2024-10-18,368819,617441381,Guided Tour,2024-10-18,Rock,Dais Records,2255,1762,album,13987281,High Vis,15,4142
1777851847,Fever Dream,256,0.0,2022-09-30,541055,324436607,Blending,2022-09-09,Alternative|Rock indé|Rock|Rock Indé/Pop Rock,Dais Records,2261,1359,album,13987281,High Vis,15,4142
3453936801,So Be It,195,0.0,2025-07-11,483332,786053971,Let God Sort Em Out,2025-07-11,Rap/Hip Hop,Roc Nation Distribution,2453,17982,album,6840,Clipse,22,43726
3453936781,Chains & Whips,244,0.0,2025-07-11,534312,786053971,Let God Sort Em Out,2025-07-11,Rap/Hip Hop,Roc Nation Distribution,2453,17982,album,6840,Clipse,22,43726
3845949411,je ne suis plus l'ami de tes amis,213,0.0,2026-03-12,292556,919616111,Un an sans soleil,2026-03-12,Rock,GK Prod,774,44,ep,90173812,Gabriel Kröger,16,292
2654474572,Les journées d'anniversaire me font chialer,348,0.0,2024-02-21,328345,545403812,Les journées d'anniversaire me font chialer,2024-02-21,Rock,GK Prod,929,118,ep,252466522,eadgar,2,190
3124902371,I Hope You Die,278,0.0,2024-07-05,292238,679102141,I Hope You Die,2024-07-05,Alternative,Partisan Records,278,11,single,143873282,TTSSFU,19,779
3409378961,Call U Back,184,0.0,2025-07-16,403263,770831531,Call U Back,2025-07-16,Alternative,Partisan Records,184,9,single,143873282,TTSSFU,19,779
3762305162,"For The First Time, Again",213,0.0,2026-01-30,379653,893250182,"For The First Time, Again",2026-01-30,Alternative,Rough Trade,2555,1676,album,272141382,Tyler Ballgame,6,1010
3762305172,I Believe In Love,255,0.0,2026-01-30,412791,893250182,"For The First Time, Again",2026-01-30,Alternative,Rough Trade,2555,1676,album,272141382,Tyler Ballgame,6,1010
3836338581,The Blade,195,0.0,2026-02-27,502924,916322831,The Blade,2026-02-27,Alternative|Folk,B-Unique Records/Atlantic,195,74,single,177075417,Kingfishr,36,6473
3149555301,Killeagh,150,0.0,2024-12-06,624082,685897831,Bet On Beauty,2024-12-06,Alternative|Folk,B-Unique Records/Atlantic,412,107,single,177075417,Kingfishr,36,6473
3678869192,No Lube So Rude,168,0.0,2026-02-20,338791,864289752,No Lube So Rude,2026-02-20,Alternative|Electro,KILL ROCK STARS,1825,948,album,872,Peaches,44,49852
937449,Boys Wanna Be Her,237,138.7,2006-11-06,468158,105433,Boys Wanna Be Her,2006-11-06,Electro,XL Recordings,968,755,ep,872,Peaches,44,49852
355704251,Singing in the Shower,264,0.0,1988-11-01,531036,40798821,Marc & Robert,1988-11-01,Rock,Because Music,2598,2587,album,2104,Les Rita Mitsouko,17,360755
347832521,When I'm With You,246,119.49,1980-01-28,527819,39618651,Terminal Jive,1980-01-07,Pop,Lil Beethoven Records,2009,804,album,2698,Sparks,94,22950
3515225151,Break the Girl,211,0.0,2025-09-01,506367,807231231,Fall Back,2025-09-01,Alternative|Pop Indé,Warner Music UK,1204,760,ep,184257827,Florence Road,15,4726
3896778251,Hanging Out To Dry,212,0.0,2026-03-27,676129,938313131,Spring Forward,2026-03-27,Alternative|Pop Indé,Warner Music UK,907,602,ep,184257827,Florence Road,15,4726
3106038021,Mes amis,198,0.0,2024-12-13,462333,673831191,Mes amis,2024-12-13,Pop,Groover Obsessions,198,62,single,207673467,Bonne Nuit,7,3222
3817534682,Crier Vomir Pleurer,150,0.0,2026-02-20,505828,910006252,Crier Vomir Pleurer,2026-02-20,Electro|Pop,Les points de départ,1001,388,ep,207673467,Bonne Nuit,7,3222
1554958642,MENTHOL*,187,0.0,2021-12-10,459404,272981992,MENTHOL*,2021-12-10,Alternative,Handwritten Records,187,232,single,14524783,Jean Dawson,34,5440
3038652181,Darlin',208,0.0,2024-10-18,451801,654604611,Glimmer of God,2024-10-18,Alternative,Handwritten Records,2524,1511,album,14524783,Jean Dawson,34,5440
2328315835,Highway,183,0.0,2023-06-22,524149,453567585,Highway,2023-06-22,Alternative,Profil de Face,183,135,single,10504527,Lewis OfMan,38,20388
1265060612,Siesta Freestyle,194,0.0,2021-03-12,710139,212419422,Dancy Party,2021-03-12,Electro,Profil de Face,1054,2403,ep,10504527,Lewis OfMan,38,20388
745274402,Niemand,242,0.0,2019-09-27,446635,109731632,Electronic Music Anthology Vol. 2 (by FG),2019-09-27,Electro,Wagram Music,3831,507,album,57750532,KOMPROMAT,7,39741
3056754191,LIFT ME UP,203,0.0,2025-01-24,577991,660393211,PLДYING / PRДYING,2025-01-24,Electro,Warriorecords,2311,8598,album,57750532,KOMPROMAT,7,39741
3823827871,Sick Of Love,216,0.0,2026-04-10,298272,911756231,Sick Of Love,2026-04-10,Alternative,Futures Music Group,216,68,single,72503,Lykke Li,56,677988
3705045202,Lucky Again,181,0.0,2026-02-13,561533,873739082,Lucky Again,2026-02-13,Alternative,Futures Music Group,181,165,single,72503,Lykke Li,56,677988
3924351891,Dangerous Lover,204,0.0,2026-04-03,520725,948469141,Dangerous Lover,2026-04-03,R&B,Universal-Island Records Ltd.,204,180,single,340057251,Sekou,11,3282
3497510971,Catching Bodies,186,0.0,2025-08-14,684481,801247071,Catching Bodies,2025-08-14,R&B,EMI / Republic Records,186,183,single,340057251,Sekou,11,3282
3444923601,Play Me,169,0.0,2025-07-22,472594,782885041,Play Me,2025-07-22,Dance,Ninja Tune,379,126,single,207442797,Fcukers,23,4761
3765101752,L.U.C.K.Y,138,0.0,2026-01-13,326180,894260722,L.U.C.K.Y,2026-01-13,Dance,Ninja Tune,521,114,single,207442797,Fcukers,23,4761
3281268541,Hold On,375,0.0,2025-05-28,317286,728422661,Return to the Roots,2025-05-30,Alternative,Lonely Lands Records,1865,1673,album,10218968,Tash Sultana,39,110534
1881817457,Jungle,315,0.0,2017-03-01,727603,349856657,Notion,2017-03-01,Alternative,Tash Sultana,2412,5658,ep,10218968,Tash Sultana,39,110534
2461648175,I Don't Know You,224,0.0,2024-03-01,391351,489984705,I Got Heaven,2024-03-01,Alternative,Epitaph,1800,3259,album,6568023,Mannequin Pussy,4,9556
3028287331,Big Dreams,191,0.0,2024-10-25,542866,651426441,Cartoon Darkness,2024-10-25,Alternative,Rough Trade,2028,8149,album,14317335,Amyl and The Sniffers,16,42444
3880025181,Freakin’ Out,217,0.0,2026-03-11,797125,932053241,Freakin’ Out,2026-03-11,Rock,Who's Dexter Enterprises / Severance Records / Big Loud Rock,217,381,single,142657252,Dexter and The Moonrocks,30,3591
3906424861,The Sickness In You & I,257,0.0,2026-06-26,734143,941826421,The Wow! Signal,2026-06-26,Alternative,Warner Records,2724,25369,album,705,Muse,70,5038976
3995353581,"See U in Hell (from the Netflix Series ""Devil May Cry"")",244,0.0,2026-05-07,642136,973189631,"See U in Hell (from the Netflix Series ""Devil May Cry"")",2026-05-07,Rock|Hard Rock,Netflix Music,244,580,single,89,Papa Roach,70,2000560
4205755662,Joy,215,0.0,2026-08-07,519871,1047049002,Chuck Timely & The Hourglass,2026-08-07,Pop,Interscope Records,2853,1334,album,328088,Role Model,20,24742
4146610572,C.E.O.,174,0.0,2026-08-05,481243,1026238252,C.E.O.,2026-08-05,Alternative,Reprise,174,30,single,418,Weezer,74,729167
3945722301,Who Will You Follow,235,0.0,2026-04-10,413010,946437631,Who Will You Follow,2026-04-10,Rock,Columbia Local,235,1219,single,98,Evanescence,29,3779873
4111965251,Rattle The Cage,234,0.0,2026-07-16,633790,1013729761,Rattle The Cage,2026-07-16,Rock|Hard Rock,Nickelback,478,406,single,338,Nickelback,35,3178946
4051134801,R.I.P. (feat. Skylar Grey),240,0.0,2026-06-17,607378,993455771,R.I.P. (feat. Skylar Grey),2026-06-17,Rock|Metal,Roadrunner Records,240,284,single,131886,Motionless In White,42,280397
3958674441,Heresy (Nine Inch Noize Version),238,0.0,2026-04-17,559334,960784001,Nine Inch Noize,2026-04-17,Electro,The Null Corporation under exclusive license to Interscope Records,2802,5080,album,407,Nine Inch Nails,40,549017
4005499231,Rock Music,115,0.0,2026-05-08,586148,977071531,Rock Music,2026-05-08,Pop,Atlantic Records,115,629,single,1462230,Charli xcx,116,1885320
4078104951,my way,180,0.0,2026-06-12,847099,1002561451,you seem pretty sad for a girl so in love,2026-06-12,Pop,Olivia Rodrigo PS,3056,47977,album,11152580,Olivia Rodrigo,29,1817706
4098006451,Closer,189,0.0,2026-07-10,502298,1009303871,Closer,2026-07-10,Alternative,Reprise,189,37,single,102676212,The Linda Lindas,22,7287
4060657061,Love Bombs,206,0.0,2026-07-01,486091,997043021,Love Bombs,2026-07-01,Alternative,Contagious,394,143,single,382,Bloc Party,56,343662
3911938421,True Believers,212,0.0,2026-03-27,571735,943740441,Nightmare Tripping,2026-03-27,Rock,Fearless Records,2542,1350,album,522533,DON BROCO,27,25050
3965059991,Reward the Scars,215,0.0,2026-04-23,623204,962955471,Reward the Scars,2026-04-23,Rock,Loma Vista Recordings,215,1337,single,1327,KoЯn,40,2620599
3972798861,Fangs,249,0.0,2026-07-17,510199,965629011,A Stranger To You,2026-07-17,Metal,SHARPTONE,3298,1426,album,10431724,Loathe,12,15383
3935653011,Call It In,213,0.0,2026-04-28,618827,952403391,Call It In,2026-04-28,Alternative,Play It Again Sam,213,287,single,1181,Editors,67,239066
4004779641,Something Wicked,208,0.0,2026-05-13,541549,976835411,Something Wicked,2026-05-13,Rock,BMG Rights Management (US) LLC,208,300,single,5286,Breaking Benjamin,19,736218
4010164171,Winnebago (Lay Low),218,0.0,2026-06-05,460534,978693881,Winnebago (Lay Low),2026-06-05,Alternative|Rock,Panic Room Records,218,65,single,351,Theory of a Deadman,56,217606
3949609221,Of All People,154,0.0,2026-04-10,635422,957297561,Of All People,2026-04-10,Rock,RCA Records Label,841,1006,single,566,Foo Fighters,47,4586334
3870088331,Bexy,110,0.0,2026-03-26,417904,928280211,Bexy,2026-03-26,Alternative|Rock,Hopeless Records,110,25,single,10348138,Karen Dió,11,2117
3963695871,FIX UR FACE,199,0.0,2026-04-21,618111,962503961,FIX UR FACE,2026-04-21,Rock,"EST 19XX, LLC, under exclusive license to Interscope Records",199,566,single,428675,mgk,60,599931
4098082401,BETTER THAN THERAPY,181,0.0,2026-06-26,404868,1009318121,BETTER THAN THERAPY,2026-06-26,Alternative,BMG Rights Management (US) LLC,181,17,single,1678689,Waterparks,62,19172
4019542491,Good For Me,174,0.0,2026-06-05,451266,982006161,Good For Me,2026-06-05,Alternative|Pop Indé|Pop|Pop indé/Folk,"Hundred Days Records, LLC",174,46,single,650581,The Paradox,22,4509
3967623611,Cryogen,301,0.0,2026-04-24,551904,963618381,Cryogen,2026-04-24,Alternative,Warner Records,301,876,single,705,Muse,70,5038976
3886566141,G.O.D. And The Broken Ribs,224,0.0,2026-04-03,567718,934483741,G.O.D. And The Broken Ribs / Derecho Demonico,2026-04-03,Rock,Jack White,457,692,single,1945,Jack White,29,341043
3840589201,Look For Your Mind,138,0.0,2026-05-08,22146,1030560442,Look For Your Mind!,2026-05-08,Rock,Captured Tracks,2474,120,album,8204108,The Lemon Twigs,21,13932
3836051521,Sarniezz,276,0.0,2026-04-03,651416,916215321,Vol.II,2026-04-03,Rock,Angine de Poitrine,2215,12020,album,268295892,Angine de Poitrine,5,33263
3399059271,Au Pays du Cocaine,210,0.0,2025-09-26,665341,767299021,Getting Killed,2025-09-26,Alternative,Partisan / Play It Again Sam,2735,13524,album,137555232,Geese,10,16965
4037457131,Cool Buzz,152,0.0,2026-05-29,429633,988528561,Be Sweet To Me,2026-05-29,Alternative,Universal Records,1931,1458,album,112250282,Violet Grohl,5,2152
3958563661,Ride Lonesome,272,0.0,2026-04-20,658441,960743571,Ride Lonesome,2026-04-20,Alternative,Iliad Records/Capitol Records,272,386,single,408,Beck,75,412309
3921829761,Shine Again,245,0.0,2026-04-01,422665,947569381,Shine Again,2026-04-01,Alternative,Reprise,245,96,single,418,Weezer,74,729167
3909340441,Caught In The Echo,242,0.0,2026-03-20,480173,942819391,Caught In The Echo,2026-03-20,Rock,RCA Records Label,242,397,single,566,Foo Fighters,47,4586334
3827230281,Nightmare Tripping,321,0.0,2026-02-13,492780,912942021,Nightmare Tripping,2026-02-13,Rock,Fearless Records,321,207,single,522533,DON BROCO,27,25050
3841789461,Suburban Requiem,280,0.0,2026-02-20,528685,917975981,Idols (Complete),2026-02-20,Rock,Locomotion Recordings/Capitol Records,4446,3455,album,12133088,YUNGBLUD,56,431609
3846525401,Song Of The Future,235,0.0,2026-02-18,590868,919872571,Days Of Ash EP,2026-02-18,Rock,Universal-Island Records Ltd.,1410,11927,ep,163,U2,98,7325173
3903687791,GREAT PRETENDER,158,0.0,2026-04-02,460083,940940701,GREAT PRETENDER,2026-04-02,Rock,Columbia,344,1533,single,1247,Kasabian,83,812801
3857380701,Universal Soldier,200,0.0,2026-03-06,451365,923653361,HELP(2),2026-03-06,Alternative,War Child Records,5169,5554,album,268174742,Depeche Mode,0,55
3850488661,Angel Wings,232,0.0,2026-02-18,464384,921438661,Angel Wings,2026-02-18,Rock,Atlantic Records,232,296,single,322792371,PRESIDENT,11,6790
3723626582,Wake Up Calling,229,0.0,2026-01-28,585632,879777932,Wake Up Calling,2026-01-28,Pop|Rock,New Noize,229,513,single,89,Papa Roach,70,2000560
4084016351,Sun Has Set,141,0.0,2026-06-26,566034,1004487521,Sun Has Set,2026-06-26,Rock,beabadoobee,141,296,single,13499081,beabadoobee,39,206644
3783510512,Opening Night,259,0.0,2026-01-22,671171,900672512,Opening Night,2026-01-22,Alternative,War Child Records,259,2947,single,1182,Arctic Monkeys,35,4954642
3704544892,One Thing At A Time,282,0.0,2026-03-27,540312,873539862,Creature of Habit,2026-03-27,Pop|Singer & Songwriter,Courtney Barnett - Fiction Records,2323,2259,album,1701387,Courtney Barnett,40,56282
3757419142,If I Leave,180,0.0,2026-02-27,598665,891421532,Nothing's About to Happen to Me,2026-02-27,Alternative,Dead Oceans,2067,10527,album,6630050,Mitski,13,519998
3884697011,When I Wake Up,214,0.0,2026-03-13,541919,933788191,When I Wake Up,2026-03-13,Rock,Fearless Records,214,314,single,370519,The Pretty Reckless,31,453463
3736438272,Name In Blood,276,0.0,2026-01-14,485147,883796592,Name In Blood,2026-01-14,Metal,Spinefarm,276,193,single,822,Black Label Society,35,281468
3870351731,Kerosene,206,0.0,2026-03-06,569346,928380341,Kerosene,2026-03-06,Rock,Lava / Republic Records,206,493,single,7716640,The Warning,23,53948
3663040382,Left For Good,233,0.0,2025-11-20,685845,858941152,Left For Good,2025-11-20,Metal,Sumerian Records,1026,2858,single,9700940,Bad Omens,23,164963
3628265582,Sad Generation,152,0.0,2025-11-28,429028,846895092,Sad Generation,2025-11-28,Rock,Sumerian Records,353,235,single,4029489,Palaye Royale,48,50619
3595364812,B A D I D E A,109,0.0,2025-10-17,304442,835420892,God Save The Gun,2025-10-17,Alternative,Loma Vista Recordings,2260,815,album,105045942,Militarie Gun,25,2432
3548243381,A Little Love,218,0.0,2025-09-19,453687,818671311,Futique,2025-09-19,Rock,Warner Records,2669,3727,album,6421,Biffy Clyro,77,222291
3696678662,"GETCHA! (with Nic Cester, Jet & Chad Smith) (prod. Tom Morello)",182,0.0,2025-12-05,388801,870419342,MASQUERADE,2025-12-05,Rock,Epic,1623,1795,album,13612397,Thomas Raggi,1,1041
3631956112,Showbiz,230,0.0,2025-11-07,465336,848097372,Ego Death At A Bachelorette Party,2025-11-07,Alternative|Pop Indé|Rock indé,Post Atlantic,4013,5817,album,281737,Hayley Williams,39,508549
3399059211,Cobra,185,0.0,2025-09-26,574237,767299021,Getting Killed,2025-09-26,Alternative,Partisan / Play It Again Sam,2735,13524,album,137555232,Geese,10,16965
3285890751,mangetout,204,0.0,2025-07-11,678844,730000661,moisturizer,2025-07-11,Alternative,Domino Recording Co,2302,15238,album,134334152,Wet Leg,15,61491
3550943021,City Walls,322,0.0,2025-09-12,703250,819534781,Breach,2025-09-12,Alternative,Fueled By Ramen,2843,22408,album,647650,Twenty One Pilots,43,5000132
3402267061,I CARE,233,0.0,2025-06-06,697615,768426291,NEVER ENOUGH,2025-06-06,Rock|Metal,Roadrunner Records,2708,12087,album,1072674,Turnstile,21,50744
3602329322,Dracula,205,0.0,2025-10-17,726414,837961612,Deadbeat,2025-10-17,Alternative|Pop Indé|Rock indé|Dance,Columbia,3361,36584,album,134790,Tame Impala,40,1132211
3595357292,Count The Ways,239,0.0,2025-10-17,561584,835419562,From The Pyre,2025-10-17,Alternative,Universal-Island Records Ltd.,2581,9433,album,209051757,The Last Dinner Party,20,49966
3288912791,Roll Out The Red Carpet,139,0.0,2025-08-29,506458,730934261,The Hives Forever Forever The Hives,2025-08-29,Rock,Play It Again Sam,1977,4993,album,621,The Hives,31,247004
3493877701,milk of the madonna,248,0.0,2025-08-08,370741,800038181,milk of the madonna,2025-08-08,Rock|Hard Rock,Reprise,248,950,single,535,Deftones,36,1042469
3353276421,Trance State,263,0.0,2025-09-05,7939,906234082,Antidepressants,2025-09-05,Rock,BMG Rights Management (UK) Ltd.,2409,567,album,6365,Suede,77,83630
3591174582,God Owes Me Money,201,0.0,2025-10-13,285908,834079382,God Owes Me Money,2025-10-13,Alternative,Loma Vista Recordings,201,10,single,105045942,Militarie Gun,25,2432
3251342421,Satanized,236,0.0,2025-03-05,599168,718829411,Satanized,2025-03-05,Metal,Loma Vista Recordings,236,1906,single,8506054,Ghost,34,611515
2978105041,The Emptiness Machine,190,0.0,2024-09-05,947166,638194471,The Emptiness Machine,2024-09-05,Alternative,Warner Records,190,15034,single,92,Linkin Park,75,12218135
2811095132,n/A,200,0.0,2024-05-24,595486,589673702,POST HUMAN: NeX GEn,2024-05-24,Rock,RCA Records Label,3314,21742,album,12874,Bring Me the Horizon,54,1310072
3047492821,ROCKMAN,179,0.0,2024-10-18,564952,657426661,ROCKMAN,2024-10-18,Alternative,R&R Digital,179,533,single,10522875,Mk.gee,11,12538
2723278042,Starburster,221,0.0,2024-04-17,645287,565207572,Starburster,2024-04-17,Alternative,XL Recordings,221,1998,single,14175163,Fontaines D.C.,30,128886
2467046995,Gift Horse,249,0.0,2024-01-15,6906,679080971,Gift Horse,2024-01-15,Alternative,Partisan Records,249,38,single,482539,IDLES,40,83294
4129901741,Beaches In Tennessee,196,0.0,2026-07-10,600861,1020145271,Beaches In Tennessee,2026-07-10,Alternative,Big Loud Rock,196,317,single,214810,Cage The Elephant,18,577046
567679,Sirius,117,111.4,2007-03-05,2486,6985405,The Best of The Alan Parsons Project,2007-10-12,Pop|Rock,Arista,2954,1283,album,3702,The Alan Parsons Project,40,297213
420896442,Elegia,295,153.12,2017-10-27,2692,50414792,Stranger Things (Soundtrack from the Netflix Original Series),2017-10-27,Films/Jeux vidéo|Musiques de films,Legacy Recordings,3842,65326,album,2016,New Order,78,946704
373746261,Meeting in the Aisle (Remastered),187,0.0,2017-06-23,423238,43197211,OK Computer OKNOTOK 1997 2017,2017-06-23,Alternative,XL Recordings,5547,74146,album,399,Radiohead,45,4086655
3030871471,What Kind Of Mix Is This?,251,0.0,2025-01-24,432886,652110631,The Bad Fire,2025-01-24,Alternative,Rock Action Records,3284,3344,album,1207,Mogwai,55,141158
3465088091,Layered Presence,187,0.0,2025-10-24,7885,847240702,Touch,2025-10-24,Jazz,International Anthem,2326,875,album,7244,Tortoise,16,16047
491703672,Motr,221,91.88,1997-01-21,321673,62219552,Surrender To The Night,1997-01-21,Alternative,Thrill Jockey,2696,210,album,15297,Trans Am,14,1842
2791959832,Odyssey,459,0.0,2024-09-04,409713,584397472,Odyssey,2024-09-04,Rock,Napalm Records Handels GmbH,1535,89,single,16337,God Is an Astronaut,26,60646
1717985587,Arpeggiator,268,0.0,1998-04-01,364396,310453917,End Hits,1998-04-01,Alternative,Dischord Records,2858,1551,album,2873,Fugazi,21,65620
2131842137,smolder,198,0.0,2023-04-07,307873,402646707,catharsis,2023-04-07,Alternative|Rock,Triple Crown Records,1710,814,album,1444150,Covet,14,8535
1172680,La Mer,277,0.0,1999-09-27,489571,125487,The Fragile,1999-01-01,Rock,Universal-Island Records Ltd.,6220,28149,album,407,Nine Inch Nails,40,549017
909891,Innsbruck (Robert Smith Home Demo),156,98.7,2006-08-14,329662,102600,The Head On The Door,2006-08-08,Alternative,UMC (Universal Music Catalogue),5150,21667,album,381,The Cure,82,2527779
1038557,Whale & Wasp,155,101.8,1993-11-02,448256,113578,Jar Of Flies,1993-11-02,Pop|Rock,Columbia,1842,34010,ep,691,Alice in Chains,25,1296116
2285655887,Loved Ones,370,0.0,2023-09-15,263180,441926437,End,2023-09-15,Alternative,Bella Union UK,2726,1230,album,1234,Explosions in the Sky,23,79899
8597807,Rano Pano,315,92.9,2011-02-14,360451,790506,"Hardcore Will Never Die, but You Will (Music for a Forgotten Future)",2011-02-14,Alternative,Rock Action Records,4575,12007,album,1207,Mogwai,55,141158
2607318802,Bodies in the Flotsam,175,0.0,2024-02-20,250056,530732532,Bodies in the Flotsam,2024-02-20,Rock,Relapse Records,344,1,single,1256299,Zombi,28,2153
2816166692,Coup De Gronk,244,0.0,2024-09-06,285357,591291552,Crime In Australia,2024-09-06,Alternative|Rock|Rock Indé/Pop Rock,Temporary Residence Ltd.,2429,267,album,12536398,Party Dozen,24,844
2868758132,Love Rudiments,394,0.0,2024-08-30,262618,608379822,Love Rudiments,2024-08-30,Alternative|Rock,Drag City,2160,384,album,406900,Ty Segall,65,32029
14649030,This is not the end,173,99.86,2011-11-11,304666,1348802,Resistance is futile,2011-11-11,Alternative,Record Union,2156,701,album,1491684,Oh Hiroshima,15,5940
108662544,Unmake the Wild Light,383,162.77,2013-10-29,302246,11330352,Wild Light,2013-01-01,Alternative|Pop Indé|Rock indé,Superball Music,3017,2060,album,14670,65daysofstatic,27,25129
125979175,For Dinner… (Remastered),305,82.03,2014-06-24,252552,13258113,Spiderland (remastered),2014-06-24,Alternative|Rock,Touch and Go Records,7121,8659,album,4760,Slint,9,14054
2437413475,Confluence,516,0.0,2024-01-19,330370,483427735,ILION,2024-01-19,Alternative,Sub Pop Records,4744,2684,album,12325928,SLIFT,9,10100
3262134281,EMPTY LINE,314,0.0,2025-03-19,297504,722091101,EMPTY LINE,2025-03-19,Rock,L'Antre du Drac,314,10,single,92549992,BØL,8,388
76650765,Defcon 5,194,171.6,2013-04-22,210898,7604368,Defcon 5...4...3...2...1,2013-04-22,Rock,WARM Electronic Recordings,2150,778,album,2726,Man or Astro-man?,20,2743
2847280022,Monsoons,213,0.0,2024-10-04,238337,601636982,The Last Flight,2024-09-27,Alternative,So Recordings,2360,520,album,524601,Public Service Broadcasting,49,15286
2336088195,Jazzman,316,0.0,2023-07-07,252175,455830605,The Gallows Pole: Original Score,2023-07-07,Alternative|Rock,Rocket Recordings,2931,266,album,71719,Goat,42,11107
124840402,Ocean,699,197.82,2016-05-20,462727,13115492,Ocean,2016-05-20,Alternative|Reggae,Jarrah Records,699,1339,single,345147,John Butler,17,13358
378817761,Flipside,119,0.0,1993-08-30,276422,43927741,Last Splash,1993-08-10,Alternative,4AD,2378,12804,album,1625,The Breeders,18,62115
1367176592,0,251,0.0,2010-04-30,325588,228811362,Omar Rodríguez-López & John Frusciante,2010-04-30,Alternative|Rock|Rock Indé/Pop Rock,Clouds Hill,1729,1240,album,614601,Omar Rodríguez-López,53,12776
1804818627,Lowered (Instrumental),251,0.0,2022-07-25,266107,330786267,Lowered,2022-07-25,Rock,Federal Prisoner,1205,36,single,4708167,Greg Puciato,16,1843
1740844227,Bloom,416,0.0,2022-08-19,10326,742630381,Gnosis,2022-08-19,Rock,Sargent House,2379,782,album,13606,Russian Circles,23,37756
1028121462,Tara,186,0.0,2018-03-09,250977,161954452,Banlieue triste,2018-03-09,Alternative|Rock indé|Rock,The Noose,4032,1082,album,795929,Hangman's Chair,15,6238
64633499,(Druun),128,0.0,2012-06-26,7871,1030566042,Oshin,2012-06-26,Alternative|Rock,Captured Tracks,2417,73,album,2699111,DIIV,27,37873
2075892717,Real Hippies Are Cowboys,482,0.0,2022-12-30,237850,388073977,Real Hippies Are Cowboys,2022-12-30,Rock,All Them Witches,482,171,single,2750711,All Them Witches,40,34723
2692661862,Low Sun,188,0.0,2024-03-14,600668,556976572,Low Sun,2024-03-14,,Easy Eye Sound,188,383,single,4617291,Hermanos Gutierrez,25,33287
3660481,Asteroid,288,181.3,1994-06-07,369753,344691,Welcome to Sky Valley,1994-06-07,Alternative|Rock|Rock Indé/Pop Rock,Rhino/Elektra,3110,8998,album,2982,Kyuss,5,57977
3131295,Ricky's Theme,224,93.12,1994-08-27,220828,301839,Ill Communication,1994-08-27,Rap/Hip Hop,Capitol Records,3579,7479,album,194746,Beastie Boys,39,687017
936873,Cecilia Ann,126,0.0,1997-10-06,325621,105352,Death to the Pixies,1997-10-06,Alternative,4AD,2852,54867,album,652,Pixies,46,1103950
504902202,Stratosphere,418,0.0,1998-02-24,451608,64484712,Stratosphere,1998-02-24,Rock,Numero Group,3231,11307,album,77142812,Duster,14,28428
1266589292,instrumental no. 2,284,0.0,2012-05-04,255026,212768362,ep’s 1988-1991 and rare tracks,2012-05-04,Alternative,Domino Recording Co,6066,2440,album,2465,my bloody valentine,4,96773
740457812,"Feedbacker, Pt. 5",212,0.0,2019-10-04,7874,861639312,Boris at Last - Feedbacker,2019-10-04,Metal,Third Man Records,2628,353,album,11507431,Boris,60,4460
101715479,Altered Course (Remastered),597,136.0,2004-01-01,7781,956439861,Panopticon (Remastered),2018-01-01,Rock,Ipecac Recordings,3551,263,album,2984,Isis,10,23151
2543814081,Cyclone,303,0.0,2023-11-28,206102,512984301,Cyclone,2023-11-28,Rock,Morning Crash Records,303,12,single,184415417,Hanry,11,437
1808102107,Vanishing,194,0.0,2022-09-30,169471,331519397,In the Interim,2022-09-30,Alternative|Rock indé|Rock,Church Road Records,2562,50,album,5315121,No Sun,5,57
1791493927,Shallow Ends,341,0.0,2022-10-28,18563,698242561,High Art Lite,2022-10-28,Alternative,Invada Records,2306,35,album,8061169,TVAM,26,803
2754806911,Years Ago,314,0.0,2024-08-09,214702,574574531,Megafauna,2024-08-09,Rock,Pelagic Records,2604,466,album,396882,And So I Watch You From Afar,20,15771
132679450,A Quick One Before the Eternal Worm Devours Connecticut,472,148.72,2014-09-16,487498,14107478,Deathconsciousness,2014-09-16,Alternative|Rock,The Flenser,5075,17106,album,426504,Have a Nice Life,10,22036
2504500681,EXIT,225,0.0,2023-11-01,211165,501907251,EXIT,2023-11-01,Alternative,La Claudière,225,8,single,147539212,Carmen Sea,5,402
2891176262,Dune,327,0.0,2024-09-13,641,701970621,Tundra Rock,2024-09-13,Pop|Rock,Stickman Records,2294,1687,album,75706492,Slomosa,8,8430
4248454261,Kid,220,0.0,2026-09-03,647689,1064033691,Kid,2026-09-03,Alternative,Fantasy,220,46,single,2699111,DIIV,27,37873
4238186622,LIGHT DESIGN: OKLOU VERSION,166,0.0,2026-08-28,557284,1059875612,NEVER ENOUGH: VERSIONS,2026-08-28,Rock|Metal,Roadrunner Records,5407,1217,album,1072674,Turnstile,21,50744
3979903851,The Start,196,0.0,2026-09-04,753954,967827501,Karaoke Bar,2026-09-04,Folk|Singer & Songwriter,Angus & Julia Stone,2110,1080,album,170482,Angus & Julia Stone,41,443504
4255907191,Blind,189,0.0,2026-09-04,553070,1067008501,Blind,2026-09-04,Pop,Mom+Pop Music,189,5,single,581758,AFTER,18,1312
4191271332,Blister Sunrise,200,0.0,2026-09-25,670174,1042121642,I Wrote You A Letter,2026-09-25,Alternative|Electro,M83 Recording Inc,2401,120,album,678,M83,39,966120
4243655292,Love Ruins Everything,200,0.0,2026-08-28,529643,1062135492,Keepers,2026-08-28,Alternative,Mom+Pop Music,2277,160,album,182579047,Tiny Habits,23,1677
4221771522,WILDFIRE,161,0.0,2026-08-27,506153,1053391102,WILDFIRE,2026-08-27,Alternative,They Are Evil,314,37,single,13117393,Current Joys,26,79297
3919621321,Silhouette on the Hill,260,0.0,2026-09-04,747352,946721331,The Fatal Flaw,2026-09-04,Alternative,Nettwerk Music Group,2893,1798,album,106394202,Paris Paloma,38,40443
4230953072,Everything in the shade,216,0.0,2026-09-02,536238,1057171032,Everything in the shade,2026-09-02,Alternative,Escho,216,11,single,103923382,Fine,85,3
4199993862,Hurt You,214,0.0,2026-09-03,489168,1045524392,Hurt You,2026-09-03,Alternative,Promised Land Recordings,505,16,single,8905300,Mormor,16,6851
4233250342,No Better Woman - A COLORS SHOW,272,0.0,2026-09-03,532728,1058005372,No Better Woman - A COLORS SHOW,2026-09-03,Alternative|Pop Indé,Warner Music UK,272,12,single,184257827,Florence Road,15,4726
4059985401,No Other,223,0.0,2026-08-28,483627,996852021,Into The Sky,2026-08-28,Alternative,Domino Recording Co.,2426,290,album,1187094,LA Priest,26,6016
4110605061,The Only One (feat. Christine and the Queens),251,0.0,2026-09-02,838920,1013321521,The Only One (feat. Christine and the Queens),2026-09-02,Electro,Therapy,635,154,single,64537962,Logic1000,22,2274
4219608872,True Feeling,265,0.0,2026-09-02,568104,1052559472,True Feeling,2026-09-02,Folk,Tucker Hill Records under exclusive license to Giant Music,265,1,single,7333096,Hans Williams,19,454
4183097042,California Sober,200,0.0,2026-08-27,558023,1040501632,California Sober / In Your Ocean (Acoustic),2026-08-27,Alternative|Singer & Songwriter,Sub Pop Records,410,32,single,1653,Iron & Wine,40,108738
4182566002,The Hardest Thing,201,0.0,2026-08-24,663822,1040317562,The Hardest Thing,2026-08-24,Alternative,4AD,549,80,single,9252958,Julia Jacklin,27,12008
3951244771,Just West of Nicollet,338,0.0,2026-08-21,284750,968670401,Punching the Clown,2026-08-21,Alternative,City Slang,2864,1980,album,1677,Lambchop,28,18846
4171259492,Lichen Trip,170,0.0,2026-08-19,542911,1035796182,Lichen Trip,2026-08-19,Electro,Warp Records,447,28,single,298968,Bibio,59,54239
4131120971,Heaven,147,0.0,2026-09-04,512800,1020610911,Ok ok now,2026-09-04,Alternative|Pop|Pop indé/Folk|Rock|Rock Indé/Pop Rock,Noah Hill,1715,92,album,394843701,Noah Hill,2,118
4146776612,Tough Luck (When You Don’t Call),212,0.0,2026-08-26,537422,1026311572,Tough Luck (When You Don’t Call),2026-08-26,Alternative|Electro,Atlantic Records,212,36,single,8512914,Boy Harsher,25,30759
3984175931,Endlessly,331,0.0,2026-05-19,239994,973153301,Out Into,2026-09-18,Alternative|Rock indé|Rock,City Slang,2175,115,album,1256645,Son Lux,33,49976
3990367441,I Got Mine,157,0.0,2026-09-04,470092,971458781,Poison Time,2026-09-04,Alternative|Pop,b4 sounds,2333,74,album,10445334,Faux Real,11,1133
4243370192,"Hi, Society (Quiet Light Version)",176,0.0,2026-09-03,429256,1062014832,"Hi, Society (Quiet Light Version)",2026-09-03,Electro,BingBong 95! Rekordz,176,0,single,346275101,Ms* Gloom,12,206
4172563272,Additional Driver (feat. Declan McKenna),312,0.0,2026-08-27,447911,1036292862,Additional Driver (feat. Declan McKenna),2026-08-27,Alternative|Pop Indé,Distiller Records,312,15,single,1659308,Blossoms,78,31796
4018196111,Actress,154,0.0,2026-09-04,510250,981520571,before/after,2026-09-04,Alternative|Rock indé,Stones Throw Records,2059,181,album,92267702,Sofie Royer,24,1908
4108694551,Basic Witch,189,0.0,2026-09-01,411033,1012763291,Basic Witch,2026-09-01,Alternative,Suicide Squeeze Records,351,5,single,6557219,Death Valley Girls,28,2114
4250717891,Hang Me Up To Dry (Phantogram Version),195,0.0,2026-09-04,518303,1064834731,Hang Me Up To Dry (Phantogram Version),2026-09-04,Alternative,Cold War Kids PD,195,8,single,11335,Cold War Kids,54,72790
4231979402,I WANNA LOVE YOU BABE,274,0.0,2026-09-04,403307,1057520792,I WANNA LOVE YOU BABE,2026-09-04,Alternative|Pop,FADER Label,274,1,single,12066236,LAUNDRY DAY,35,1079
4015057591,Spread For Me,152,0.0,2026-09-04,387737,980635501,CAFE PARADISO,2026-09-04,Alternative|Rap/Hip Hop,Transgressive Records,2383,174,album,4777400,Mykki Blanco,31,13011
4039387161,On & On,282,0.0,2026-08-25,516826,989157981,On & On,2026-08-25,Alternative,Psychic Hotline,656,45,single,4888025,Sylvan Esso,38,22342
4136443061,together in my head,170,0.0,2026-09-04,485468,1022583631,lemon gelato,2026-09-04,Alternative|Pop Indé,love sundays,2345,71,album,572974,Cassia,41,3781
4238186652,MAGIC MAN: ALEX G VERSION,174,0.0,2026-08-28,402128,1059875612,NEVER ENOUGH: VERSIONS,2026-08-28,Rock|Metal,Roadrunner Records,5407,1217,album,1072674,Turnstile,21,50744
4193863362,Life in theory,183,0.0,2026-10-09,426838,1043037042,WORLD VS BRAIN,2026-10-09,Alternative|Pop Indé,Mansions and Millions,1300,2,album,48938521,WORLD BRAIN,7,637
4222227222,act like you know ? (feat. Muni Long),143,0.0,2026-09-04,476831,1053552392,act like you know ? (feat. Muni Long),2026-09-04,Alternative,Big Family Music Limited,630,9,ep,4531219,Master Peace,53,2123
4195081952,best friend,206,0.0,2026-09-04,485589,1043457452,best friend,2026-09-04,Alternative|Pop,Dev Lemons,206,13,single,100674382,Dev Lemons,29,1983
4158445262,Lose All Your Friends,301,0.0,2026-08-26,465989,1030824362,Lose All Your Friends,2026-08-26,Dance,Lab Records,301,7,single,80423,Friendly Fires,34,55301
3919908561,Human Assholes,348,0.0,2026-09-04,373537,946843601,Human Assholes,2026-09-04,Alternative|Rock indé,Bella Union,2969,96,album,1703284,Personal Trainer,33,436
4194449042,I Want U,213,0.0,2026-08-27,498171,1043184812,I Want U,2026-08-27,Alternative|Electro,Roche Musique,213,23,single,4738512,FKJ,36,156584
4170169622,Alyse,231,0.0,2026-08-20,501799,1035358582,Alyse,2026-08-20,Alternative|Pop|Pop indé/Folk|Rock|Rock Indé/Pop Rock,Because Music Ltd.,231,52,single,410246,Shygirl,58,25318
4214786112,Sunshine,191,0.0,2026-08-14,751652,1050743822,Sunshine,2026-08-14,Pop,Caiola Records,1953,5112,album,436163,Jungle,49,260194
4155333622,Terrified,180,0.0,2026-08-28,453616,1029644232,Terrified,2026-08-28,Alternative,In My Room,180,26,single,5210,Trentemøller,58,102486
4236795832,Make It Stop,175,0.0,2026-08-28,405101,1059353882,Thank You,2026-08-28,Alternative,Capitol Records,2358,48,album,389210251,Mike D,6,1086
4145822682,LÉTAL,165,0.0,2026-10-02,747793,1025939792,POPSTAR SPEEDRUN,2026-10-02,Alternative,Glory Box Music,1899,1161,album,195760897,THÉA,19,25176
4234741602,Unlimited Love,252,0.0,2026-09-04,487383,1058590152,Unlimited Love b/w The Peace (Frost Children Remix),2026-09-04,Pop,Mom+Pop Music,488,41,single,11926479,Underscores,44,9205
4243222152,girls will be girls,202,0.0,2026-08-28,410666,1061957402,MINI SKIRT WARRIOR,2026-08-28,Pop,Capitol Records,2155,63,album,99305252,flowerovlove,22,3343
4207254772,DIVA CLUB,248,0.0,2026-08-27,381145,1047595712,DIVA CLUB,2026-08-27,Alternative|Pop Indé,goldendays FM,767,9,single,103781012,UCHE YARA,12,969
4238154072,Paranoia,154,0.0,2026-08-28,620744,1059863172,Paranoia / James,2026-08-28,Rock,Mom+Pop Music,353,14,ep,5060249,Porch Light,16,1220
4193676202,I've Never Felt So Hated,196,0.0,2026-08-28,391063,1042995902,I've Never Felt So Hated,2026-08-28,Alternative,stolen juice,196,11,single,226653735,Chloe Slater,13,1328
4014415921,Chaotic Princess,190,0.0,2026-08-28,301044,980438941,Mask Lady and Late Night Girl,2026-08-28,Alternative|Pop Indé|Rock indé,Arbutus Records,1856,39,album,4041021,Marci,8,320
4198769542,Un espoir pour...,268,0.0,2026-08-25,389884,1045068702,reprises,2026-08-25,,PSYCHO PLANET,1941,48,ep,112201092,POiSON GiRL FRiEND,10,2646
4157953512,aimee lou wood freestyle,159,0.0,2026-08-26,296354,1030673102,aimee lou wood freestyle,2026-08-26,Alternative,Dirty Hit,159,2,single,229324585,untitled (halo),9,118
4184581672,"O, wind",192,0.0,2026-08-26,311167,1041126792,"O, wind",2026-08-26,Alternative|Pop Indé|Rock indé,10k,192,2,single,13418937,Jespfur,10,223
4146637682,Last Call,95,0.0,2026-08-21,434407,1026250022,Last Call,2026-08-21,Alternative|Rock indé,Nettwerk Music Group,95,14,single,554672,Vacations,21,82629
4158450422,Cleveland,173,0.0,2026-08-18,306195,1030827342,Cleveland,2026-08-18,Alternative,Polyvinyl Records,632,0,ep,13316469,Squirrel Flower,22,1362
4214761462,Robotboy,154,0.0,2026-08-12,444646,1050734172,Robotboy,2026-08-12,Alternative,Young,154,46,single,5097674,Yung Lean,48,62346
4000894431,Sensational,217,0.0,2026-08-18,331482,975486711,Sensational,2026-08-18,Alternative|Rock indé,Winspear,649,5,single,13681561,Wishy,10,453
4168028302,Hellishly Hot,194,0.0,2026-08-18,432758,1034518372,Hellishly Hot,2026-08-18,Alternative,Wharf Cat Records,194,3,single,7359766,Holy Motors,14,1840
4174623112,The Baby,147,0.0,2026-08-19,466929,1037109822,The Baby,2026-08-19,Electro,Play It Again Sam,147,60,single,10300962,Warhaus,21,17235
4021101511,Another Kind Of Love,252,0.0,2026-09-25,318156,982587821,3,2026-09-25,Alternative|Pop Indé,Bella Union,2238,14,album,8950722,Penelope Isles,16,952
4153628632,What Does Forever Look Like?,247,0.0,2026-08-21,494753,1028992992,Hope Our Paths Cross,2026-08-07,Alternative,Dirty Hit,1398,16,ep,72174222,Tommy WÁ,6,242
4022864201,From Down Here,241,0.0,2026-05-22,676799,983214281,From Down Here,2026-05-22,Alternative,Universal-Island Records Ltd.,241,584,single,9266850,Lola Young,41,95986
4167365202,Big Strong Man,229,0.0,2026-08-14,428082,1034336982,Big Strong Man,2026-08-14,Alternative,Futures Music Group,229,57,single,12668305,Cavetown,66,291884
4079022131,Spill,195,0.0,2026-08-11,312205,1002858441,Spill,2026-08-11,Alternative,Anti/Epitaph,195,2,single,12611413,Slow Pulp,21,4166
4122207231,Floette ft. John Glacier,192,0.0,2026-08-04,556106,1017327661,Floette ft. John Glacier,2026-08-04,Alternative,Transgressive,382,96,single,13286961,Arlo Parks,43,55419
4161107312,She Doesn't Love Me,194,0.0,2026-08-12,334129,1031845632,She Doesn't Love Me,2026-08-12,Alternative,Dead Oceans,194,8,single,94919,Claud,25,3608
4051626731,Cotton,223,0.0,2026-06-05,510496,993652651,Cry Baby,2026-06-05,Alternative,Loma Vista Recordings,2124,3663,album,4037971,Vince Staples,32,93059
4214284542,Fell Asleep in the Sun,231,0.0,2026-08-14,424363,1050565212,Fell Asleep in the Sun,2026-08-14,Pop,Mom+Pop Music,231,10,single,581758,AFTER,18,1312
4129918591,Notting Hill,189,0.0,2026-07-10,547259,1020152521,Loveland,2026-07-10,Alternative,Suki Waterhouse PS/ Island,2607,1225,album,11284896,Suki Waterhouse,26,27169
3945137681,always,174,0.0,2026-08-14,120800,955623041,satellite,2026-07-17,Alternative|Pop Indé|Pop,Fast Friends,193,24,single,95844392,Grentperez,41,6765
4151331622,Never Say Goodbye,258,0.0,2026-08-04,326891,1028124622,Never Say Goodbye,2026-08-04,Alternative,Secretly Canadian,258,18,single,174087,Yoko Ono,56,68843
4160044872,Vogue,239,0.0,2026-08-10,421090,1031497402,Vogue,2026-08-10,Alternative|Pop Indé,LAOLAO Records,239,81,single,77341042,Wasia Project,16,8257
4125280261,Blood Spilled,358,0.0,2026-07-29,511018,1018442881,Blood Spilled,2026-07-29,Alternative,section1,358,128,single,1508,Blonde Redhead,35,60920
4017792011,elmyra,283,0.0,2026-08-14,363590,981421871,fata morgana,2026-08-07,Alternative,Mexican Summer,2370,375,album,12846673,L'Rain,15,1006
4153017002,Oh No Now My,188,0.0,2026-08-05,360611,1028769002,Oh No Now My,2026-08-05,Alternative,Matador,377,50,single,12635619,This Is Lorelei,63,929
3974668881,What I Had,181,0.0,2026-08-14,423653,966281451,Big World,2026-08-14,Alternative,Arts & Crafts,2168,121,album,9706644,Hovvdy,38,1238
4159333602,better late than never,225,0.0,2026-07-24,463526,1031198672,better late than never,2026-07-24,Alternative,Hollywood Records,225,19,single,14252125,almost monday,35,4741
4169266762,Now I've Got A Lot You Know,310,0.0,2026-08-14,387808,1035023062,Now I've Got A Lot You Know,2026-08-14,Electro|Electro Pop/Electro Rock,A24 Music,310,6,single,70082492,Sophia Stel,20,637
4158280292,Dirty Hotel Blues,208,0.0,2026-08-12,180991,1031731182,Dirty Hotel Blues,2026-08-12,Alternative|Pop Indé|Rock indé,Clouds Hill,383,55,ep,356529,Django Django,59,60786
4127922761,Switchblade,181,0.0,2026-07-16,564111,1019426551,Switchblade,2026-07-16,Rock,beabadoobee,181,193,single,13499081,beabadoobee,39,206644
4137109061,Tracking the Tropics,241,0.0,2026-10-09,267421,1022847451,A Mile South of Heaven,2026-10-09,Alternative,"New West Records, LLC",2768,15,album,5498727,Jess Williamson,22,1158
4209417142,partedemipartedeti,216,0.0,2026-08-06,291532,1048456772,partedemipartedeti,2026-08-06,Alternative,Atlantic Records,216,23,single,103751992,AKRIILA,38,2566
4127321191,Sleeping,212,0.0,2026-08-11,442791,1019212401,Sleeping,2026-08-11,Alternative|Pop Indé,Nettwerk Music Group,212,10,single,10246628,Fenne Lily,18,5412
3956445241,I Don't Like You (But I Love You),183,0.0,2026-08-14,106971,977091081,The Big One,2026-08-14,Alternative,Carpark,2157,51,album,1380509,Dent May,32,11747
4015330821,Three Reds,232,0.0,2026-08-10,360516,980741201,Three Reds,2026-08-10,Alternative|Pop Indé|Rock indé|Folk,Double Double Whammy,670,1,single,15332841,Babehoven,22,373
4083711561,Homesick For Another World,231,0.0,2026-08-14,376967,1004376461,Lost In Another World,2026-08-14,Alternative,Domino Recording Co.,2874,1008,album,5824077,James Ellis Ford,7,308
4146064752,It Didn't Matter,217,0.0,2026-07-31,386300,1026026132,It Didn't Matter,2026-07-31,Alternative|Rock indé,Abysmal Records,217,26,single,308867,The Drums,30,162150
4168484192,SYW (feat. Cecile Believe),166,0.0,2026-08-07,340446,1034697912,SYW (feat. Cecile Believe),2026-08-07,Alternative,Major Arcana / Giant Music,509,11,single,229996625,Empress Of,32,2321
3962124691,Painting After Painting,228,0.0,2026-08-14,82813,971646421,Blowin' Up,2026-08-14,Alternative|Pop Indé|Rock indé,Perennial / K Records,2383,111,album,56852792,Kiwi jr.,11,811
4180024382,Mentirasmentiras,248,0.0,2026-08-05,313311,1039332202,Mentirasmentiras,2026-08-05,Latino,Big Dada,651,35,single,11977606,Girl Ultra,32,4354
4122666211,One One,147,0.0,2026-08-07,354635,1017484301,One One,2026-08-07,Pop,Many Hats Distribution,300,16,single,13606773,Coco & Clair Clair,29,6538
4090219931,If I Could,231,0.0,2026-08-07,277905,1006810041,If I Could,2026-08-07,Alternative|Rock indé,Future Classic,231,10,single,14172175,Freak Slug,18,2339
4150511062,Punish My Mind,184,0.0,2026-08-04,356112,1027854012,Punish My Mind,2026-08-04,Alternative,4AD,583,18,single,62922352,@,10,221
4151325422,doom,0,0.0,2026-07-17,668144,1028123642,Oh yeah?,2026-07-17,Alternative|Pop,L-M Records/RCA Records,2104,7907,album,65574,Steve Lacy,24,276156
3969529171,Sargasso Sea,204,0.0,2026-07-31,365869,964328221,Renascent,2026-07-10,Alternative|Rock|Rock Indé/Pop Rock,London Records (Because Ltd),2492,1691,album,11109,The Durutti Column,38,8550
4151120732,Shell,238,0.0,2026-08-05,226643,1028057412,Shell,2026-08-05,Alternative,Chrysalis Records,1092,3,ep,69979412,Gia Ford,19,562
4191929122,Dobro,165,0.0,2026-08-06,336031,1042303272,Dobro,2026-08-06,Alternative,Universal-Island Records Ltd.,165,44,single,287625131,Westside Cowboy,12,2226
4146342492,Love Me Like You Used To,273,0.0,2026-07-29,345685,1026120532,Love Me Like You Used To,2026-07-29,Alternative,Strawberry Guy,273,21,single,14510531,Strawberry Guy,12,51107
4144817502,There Goes Ma Head,156,0.0,2026-07-17,462144,1025538962,Emotional Junglist,2026-07-17,Electro,Universal-Island Records Ltd.,2439,1085,album,96293712,Nia Archives,33,8873
4103617991,Hummer,361,0.0,2026-06-23,594049,1011172081,Hummer,2026-06-23,Alternative,Sumerian Records,361,341,single,134790,Tame Impala,40,1132211
4122053331,My Lost One,316,0.0,2026-07-29,290130,1017275631,My Lost One,2026-07-29,Alternative,Domino Recording Co.,828,36,single,1366136,Julia Holter,24,12951
4143648572,The Blade of a Knife,253,0.0,2026-07-30,335806,1025063222,The Blade of a Knife,2026-07-30,Alternative,Lewis Recordings,253,24,single,3668401,Skinshape,34,24875
4014965211,Don't Let It End,158,0.0,2026-05-22,560259,980608321,Favourite Places,2026-05-22,Alternative|Pop Indé|Rock indé,Pura Vida,2268,596,album,136134612,Nerin,17,642
3638277612,Easy Love,176,0.0,2025-11-14,560027,850396752,Easy Love,2025-11-14,Alternative|Pop Indé|Rock indé,Pura Vida,919,44,ep,347795901,Kahona,15,54
3867377501,Just Like This,127,0.0,2026-03-06,524774,927344771,Out Of Office,2026-03-06,Alternative|Pop Indé|Rock indé,Pura Vida,814,22,ep,136134612,Nerin,17,642
3885619391,Stay Till Midnight,144,0.0,2026-03-13,551418,934145321,Long Way Home,2026-03-13,Alternative|Pop Indé|Rock indé,Pura Vida,715,23,ep,196442727,Jonah Dean,44,96
4138711271,Best Is Yet To Come,126,0.0,2026-07-17,532762,1023325941,This One Is For You,2026-07-17,Alternative|Pop Indé|Rock indé,Pura Vida,844,90,ep,136134612,Nerin,17,642
3623794552,Small Town Nights,185,0.0,2025-10-31,536084,845429872,Wind Down Evening,2025-10-31,Alternative|Pop Indé|Rock indé,Pura Vida,789,2,ep,196442727,Jonah Dean,44,96
4014965121,Little Moments,125,0.0,2026-05-22,576439,980608321,Favourite Places,2026-05-22,Alternative|Pop Indé|Rock indé,Pura Vida,2268,596,album,136134612,Nerin,17,642
3972995131,Where I Found Myself,137,0.0,2026-05-01,534676,965686081,Made For This,2026-05-01,Alternative|Pop Indé|Rock indé,Pura Vida,811,32,ep,400914401,August Green,11,22
3886283331,Love Till Sunday,171,0.0,2026-03-20,541659,934376081,Love Till Sunday,2026-03-20,Alternative|Pop Indé|Rock indé,Pura Vida,765,33,ep,136134612,Nerin,17,642
4138711791,Hallelujah In My Heart,208,0.0,2026-07-05,533336,1023326061,Where I Found Myself,2026-07-05,Alternative|Pop Indé|Rock indé,Pura Vida,1555,55,album,400914401,August Green,11,22
3886283371,Now Or Never,190,0.0,2026-03-20,514193,934376081,Love Till Sunday,2026-03-20,Alternative|Pop Indé|Rock indé,Pura Vida,765,33,ep,136134612,Nerin,17,642
4014965061,Golden Days,120,0.0,2026-05-22,626482,980608321,Favourite Places,2026-05-22,Alternative|Pop Indé|Rock indé,Pura Vida,2268,596,album,136134612,Nerin,17,642
3728727842,Good Old Days,178,0.0,2026-01-16,496738,881245732,Good Old Days,2026-01-16,Alternative|Pop Indé|Rock indé,Pura Vida,741,0,ep,296223841,Coco azul,15,5
4014965141,Feels Like This,143,0.0,2026-05-22,530668,980608321,Favourite Places,2026-05-22,Alternative|Pop Indé|Rock indé,Pura Vida,2268,596,album,136134612,Nerin,17,642
4138711821,Counting My Blessings,135,0.0,2026-07-05,486987,1023326061,Where I Found Myself,2026-07-05,Alternative|Pop Indé|Rock indé,Pura Vida,1555,55,album,400914401,August Green,11,22
3631252772,The Best Version Of Me,142,0.0,2025-11-07,479942,847869252,Relaxing Chill Music,2025-11-07,Alternative|Pop Indé|Rock indé,Pura Vida,928,10,ep,7189880,Lune & Soleil,24,36
4127121961,Run Into My Arms,130,0.0,2026-07-10,472304,1019138941,Run Into My Arms,2026-07-10,Alternative|Pop Indé|Rock indé,Pura Vida,130,0,single,196442727,Jonah Dean,44,96
4014965091,Nights Like These,121,0.0,2026-05-22,510987,980608321,Favourite Places,2026-05-22,Alternative|Pop Indé|Rock indé,Pura Vida,2268,596,album,136134612,Nerin,17,642
3623794592,Fantasy,147,0.0,2025-10-31,488508,845429872,Wind Down Evening,2025-10-31,Alternative|Pop Indé|Rock indé,Pura Vida,789,2,ep,196442727,Jonah Dean,44,96
4153549172,Somewhere In September,157,0.0,2026-08-07,505302,1028959132,Summer We'll Remember,2026-08-07,Alternative|Pop Indé|Rock indé,Pura Vida,695,114,ep,136134612,Nerin,17,642
3604301982,The Leaves Remember,158,0.0,2025-10-20,470581,838639572,Cozy Cafe Vibes,2025-10-20,Alternative|Pop Indé|Rock indé,Pura Vida,2327,15,album,7189880,Lune & Soleil,24,36
4138711231,These Are The Days,184,0.0,2026-07-17,501470,1023325941,This One Is For You,2026-07-17,Alternative|Pop Indé|Rock indé,Pura Vida,844,90,ep,136134612,Nerin,17,642
3660816452,Keep It Cool,146,0.0,2025-11-21,470149,858204342,Good Company,2025-11-21,Alternative|Pop Indé|Rock indé,Pura Vida,734,2,ep,400914401,August Green,11,22
4138711221,Days Into Memories,127,0.0,2026-07-17,483706,1023325941,This One Is For You,2026-07-17,Alternative|Pop Indé|Rock indé,Pura Vida,844,90,ep,136134612,Nerin,17,642
3631252762,Best I've Ever Been,159,0.0,2025-11-07,478543,847869252,Relaxing Chill Music,2025-11-07,Alternative|Pop Indé|Rock indé,Pura Vida,928,10,ep,7189880,Lune & Soleil,24,36
3867377491,One More Song,142,0.0,2026-03-06,440665,927344771,Out Of Office,2026-03-06,Alternative|Pop Indé|Rock indé,Pura Vida,814,22,ep,136134612,Nerin,17,642
3674788342,Feels Like A Sign,179,0.0,2025-11-28,485236,862978422,Feels Like A Sign,2025-11-28,Alternative|Pop Indé|Rock indé,Pura Vida,816,14,ep,196442727,Jonah Dean,44,96
3886283351,Fresh Eyes,131,0.0,2026-03-20,429379,934376081,Love Till Sunday,2026-03-20,Alternative|Pop Indé|Rock indé,Pura Vida,765,33,ep,136134612,Nerin,17,642
4138711841,I Was Never Lost,153,0.0,2026-07-05,483812,1023326061,Where I Found Myself,2026-07-05,Alternative|Pop Indé|Rock indé,Pura Vida,1555,55,album,400914401,August Green,11,22
4014965201,We Got Time,123,0.0,2026-05-22,454508,980608321,Favourite Places,2026-05-22,Alternative|Pop Indé|Rock indé,Pura Vida,2268,596,album,136134612,Nerin,17,642
3638277642,Just My Type,149,0.0,2025-11-14,459708,850396752,Easy Love,2025-11-14,Alternative|Pop Indé|Rock indé,Pura Vida,919,44,ep,347795901,Kahona,15,54
3867377481,Stay In The Moment,132,0.0,2026-03-06,436699,927344771,Out Of Office,2026-03-06,Alternative|Pop Indé|Rock indé,Pura Vida,814,22,ep,136134612,Nerin,17,642
4138711811,Faith Came Back To Me,119,0.0,2026-07-05,461093,1023326061,Where I Found Myself,2026-07-05,Alternative|Pop Indé|Rock indé,Pura Vida,1555,55,album,400914401,August Green,11,22
3745726832,Rewrite History,174,0.0,2026-01-16,439301,887173092,"Said It, Didn't Mean It",2026-01-16,Alternative|Pop Indé|Rock indé,Pura Vida,928,3,ep,79852692,Olivia Luna,42,20
4153549162,I’m Gonna Miss This,135,0.0,2026-08-07,486761,1028959132,Summer We'll Remember,2026-08-07,Alternative|Pop Indé|Rock indé,Pura Vida,695,114,ep,136134612,Nerin,17,642
4138711851,Back Where I Belong,126,0.0,2026-07-05,427436,1023326061,Where I Found Myself,2026-07-05,Alternative|Pop Indé|Rock indé,Pura Vida,1555,55,album,400914401,August Green,11,22
3613928022,Something in the Air,159,0.0,2025-10-31,526772,842007032,Chill Coffee Mood,2025-10-31,Alternative|Pop Indé|Rock indé,Pura Vida,961,72,ep,136134612,Nerin,17,642
3885619411,Late Light,144,0.0,2026-03-13,439298,934145321,Long Way Home,2026-03-13,Alternative|Pop Indé|Rock indé,Pura Vida,715,23,ep,196442727,Jonah Dean,44,96
4138711281,Through The Years,163,0.0,2026-07-17,425138,1023325941,This One Is For You,2026-07-17,Alternative|Pop Indé|Rock indé,Pura Vida,844,90,ep,136134612,Nerin,17,642
3972995141,I Just Started Living,178,0.0,2026-05-01,431213,965686081,Made For This,2026-05-01,Alternative|Pop Indé|Rock indé,Pura Vida,811,32,ep,400914401,August Green,11,22
3684994242,What Do You Want From Me,160,0.0,2025-12-05,461886,866363862,She's Not Mine,2025-12-05,Alternative|Pop Indé|Rock indé,Pura Vida,809,4,ep,7189880,Lune & Soleil,24,36
3660816422,Good Company,141,0.0,2025-11-21,435404,858204342,Good Company,2025-11-21,Alternative|Pop Indé|Rock indé,Pura Vida,734,2,ep,400914401,August Green,11,22
3638277652,Some Kind Of Magic,160,0.0,2025-11-14,425647,850396752,Easy Love,2025-11-14,Alternative|Pop Indé|Rock indé,Pura Vida,919,44,ep,347795901,Kahona,15,54
3613927992,Favourite Places,142,0.0,2025-10-31,487190,842007032,Chill Coffee Mood,2025-10-31,Alternative|Pop Indé|Rock indé,Pura Vida,961,72,ep,136134612,Nerin,17,642
3906836461,A House Isn't A Home Without You,161,0.0,2026-03-20,404399,941954981,The Little Things,2026-03-20,Alternative|Pop Indé|Rock indé,Pura Vida,747,4,ep,347795901,Kahona,15,54
3631252792,Something Good,169,0.0,2025-11-07,447544,847869252,Relaxing Chill Music,2025-11-07,Alternative|Pop Indé|Rock indé,Pura Vida,928,10,ep,7189880,Lune & Soleil,24,36
3886283341,Before We Start,138,0.0,2026-03-20,420222,934376081,Love Till Sunday,2026-03-20,Alternative|Pop Indé|Rock indé,Pura Vida,765,33,ep,136134612,Nerin,17,642
4014965041,Summer on Repeat,144,0.0,2026-05-22,535822,980608321,Favourite Places,2026-05-22,Alternative|Pop Indé|Rock indé,Pura Vida,2268,596,album,136134612,Nerin,17,642
3972995121,On My Way Back,165,0.0,2026-05-01,426759,965686081,Made For This,2026-05-01,Alternative|Pop Indé|Rock indé,Pura Vida,811,32,ep,400914401,August Green,11,22
3906836491,Best Part Of It,149,0.0,2026-03-20,412434,941954981,The Little Things,2026-03-20,Alternative|Pop Indé|Rock indé,Pura Vida,747,4,ep,347795901,Kahona,15,54
3886283361,Calling Your Name,135,0.0,2026-03-20,415455,934376081,Love Till Sunday,2026-03-20,Alternative|Pop Indé|Rock indé,Pura Vida,765,33,ep,136134612,Nerin,17,642
3972995111,Don't Overthink It,155,0.0,2026-05-01,430450,965686081,Made For This,2026-05-01,Alternative|Pop Indé|Rock indé,Pura Vida,811,32,ep,400914401,August Green,11,22
3631253042,Whisky & Dust,148,0.0,2025-11-07,444676,847869292,Country Coffee Mornings,2025-11-07,Alternative|Pop Indé|Rock indé,Pura Vida,740,10,ep,196442727,Jonah Dean,44,96
3710459612,Caught In The Middle,163,0.0,2025-12-19,405401,875303052,Caught In The Middle,2025-12-19,Alternative|Pop Indé|Rock indé,Pura Vida,163,3,single,196442727,Jonah Dean,44,96
3804408072,You're My Everything,148,0.0,2026-02-06,410918,905573962,Roads That Lead To You,2026-02-06,Alternative|Pop Indé|Rock indé,Pura Vida,1042,1,album,127881042,Harmony Joy,17,7
3906836481,Meeting Your Family,159,0.0,2026-03-20,408215,941954981,The Little Things,2026-03-20,Alternative|Pop Indé|Rock indé,Pura Vida,747,4,ep,347795901,Kahona,15,54
3684993652,Take You With Me,137,0.0,2025-12-05,401637,866363712,Take You With Me,2025-12-05,Alternative|Pop Indé|Rock indé,Pura Vida,692,2,ep,562482,Silver Pines,39,12
3728727782,Something Shifted,157,0.0,2026-01-09,404782,881245712,Before It Faded,2026-01-09,Alternative|Pop Indé|Rock indé,Pura Vida,949,5,ep,196442727,Jonah Dean,44,96
3684993662,Your 2 AM Call,141,0.0,2025-12-05,368911,866363712,Take You With Me,2025-12-05,Alternative|Pop Indé|Rock indé,Pura Vida,692,2,ep,562482,Silver Pines,39,12
3684994212,Safe With You,145,0.0,2025-12-05,381406,866363862,She's Not Mine,2025-12-05,Alternative|Pop Indé|Rock indé,Pura Vida,809,4,ep,7189880,Lune & Soleil,24,36
3557159251,Just the Two of Us,164,0.0,2025-10-03,389064,821883691,Just the Two of Us,2025-10-03,Alternative|Pop Indé|Rock indé,Pura Vida,164,1,single,562482,Silver Pines,39,12
3728727622,She Wants Something,142,0.0,2026-01-09,385874,881245692,Before I Get Attached,2026-01-09,Alternative|Pop Indé|Rock indé,Pura Vida,751,5,ep,400914401,August Green,11,22
4143533121,Here and Now,149,0.0,2026-07-17,392571,1025017041,Best Part Of My Day,2026-07-17,Alternative|Pop Indé|Rock indé,Pura Vida,998,4,ep,562482,Silver Pines,39,12
3933035291,Little Longer,164,0.0,2026-04-10,388144,951742151,Right On Time,2026-04-10,Alternative|Pop Indé|Rock indé,Pura Vida,730,0,ep,296223841,Coco azul,15,5
3638277632,Make You Mine,142,0.0,2025-11-14,385312,850396752,Easy Love,2025-11-14,Alternative|Pop Indé|Rock indé,Pura Vida,919,44,ep,347795901,Kahona,15,54
3804408252,Feels Like Summer,190,0.0,2026-02-06,415758,905574022,"Windows Down, Nowhere To Go",2026-02-06,Alternative|Pop Indé|Rock indé,Pura Vida,1133,17,album,400914401,August Green,11,22
3804408282,Running Into You,170,0.0,2026-02-06,381909,905574022,"Windows Down, Nowhere To Go",2026-02-06,Alternative|Pop Indé|Rock indé,Pura Vida,1133,17,album,400914401,August Green,11,22
3613928102,Late Night Smile,170,0.0,2025-10-31,433944,842007032,Chill Coffee Mood,2025-10-31,Alternative|Pop Indé|Rock indé,Pura Vida,961,72,ep,136134612,Nerin,17,642
3758625032,I Screwed Up,149,0.0,2026-01-16,347995,891885372,Call Me After Midnight,2026-01-16,Alternative|Pop Indé|Rock indé,Pura Vida,756,3,ep,347795811,Ruby Ocean,19,15
3552362371,It Ain't Me,166,0.0,2025-09-26,343037,820042881,It Ain't Me,2025-09-26,Alternative|Pop Indé|Rock indé,Pura Vida,166,1,single,562482,Silver Pines,39,12
3674788362,Late Summer Feeling,126,0.0,2025-11-28,379438,862978422,Feels Like A Sign,2025-11-28,Alternative|Pop Indé|Rock indé,Pura Vida,816,14,ep,196442727,Jonah Dean,44,96
3866611861,Out The Sunroof,148,0.0,2026-03-06,406829,927087471,Life Feels Like A Movie,2026-03-06,Alternative|Pop Indé|Rock indé,Pura Vida,777,6,ep,196442727,Jonah Dean,44,96
3866611871,Summer Underneath,164,0.0,2026-03-06,402230,927087471,Life Feels Like A Movie,2026-03-06,Alternative|Pop Indé|Rock indé,Pura Vida,777,6,ep,196442727,Jonah Dean,44,96
4127122511,Summer Feels,163,0.0,2026-07-10,391771,1019139001,Summer Feels,2026-07-10,Alternative|Pop Indé|Rock indé,Pura Vida,163,0,single,196442727,Jonah Dean,44,96
3804408302,Windows Down,143,0.0,2026-02-06,398399,905574022,"Windows Down, Nowhere To Go",2026-02-06,Alternative|Pop Indé|Rock indé,Pura Vida,1133,17,album,400914401,August Green,11,22
4153549192,Friends Like Home,156,0.0,2026-08-07,433756,1028959132,Summer We'll Remember,2026-08-07,Alternative|Pop Indé|Rock indé,Pura Vida,695,114,ep,136134612,Nerin,17,642
3885619611,See You Smile,149,0.0,2026-03-13,375412,934145431,Make Your Own Luck,2026-03-13,Alternative|Pop Indé|Rock indé,Pura Vida,691,3,ep,400914401,August Green,11,22
3866611881,Follow The Sun,164,0.0,2026-03-06,380428,927087471,Life Feels Like A Movie,2026-03-06,Alternative|Pop Indé|Rock indé,Pura Vida,777,6,ep,196442727,Jonah Dean,44,96
3804408322,Tomorrow Can Wait,175,0.0,2026-02-06,360547,905574022,"Windows Down, Nowhere To Go",2026-02-06,Alternative|Pop Indé|Rock indé,Pura Vida,1133,17,album,400914401,August Green,11,22
4153549152,Summer We’ll Remember,122,0.0,2026-08-07,443042,1028959132,Summer We'll Remember,2026-08-07,Alternative|Pop Indé|Rock indé,Pura Vida,695,114,ep,136134612,Nerin,17,642
4151037862,Easy To Love You,173,0.0,2026-07-24,345411,1028026742,You Are The One,2026-07-24,Alternative|Pop Indé|Rock indé,Pura Vida,838,2,ep,369691722,Ever and Green,3,3
4014965101,Nothing But Blue Skies,132,0.0,2026-05-22,469016,980608321,Favourite Places,2026-05-22,Alternative|Pop Indé|Rock indé,Pura Vida,2268,596,album,136134612,Nerin,17,642
4151037872,You Feel Like Home,177,0.0,2026-07-24,334741,1028026742,You Are The One,2026-07-24,Alternative|Pop Indé|Rock indé,Pura Vida,838,2,ep,369691722,Ever and Green,3,3
3885619401,August Doesn't Ask,144,0.0,2026-03-13,353983,934145321,Long Way Home,2026-03-13,Alternative|Pop Indé|Rock indé,Pura Vida,715,23,ep,196442727,Jonah Dean,44,96
3842992781,Feels Good To Be Alive,120,0.0,2026-02-20,334239,918383621,One More Drive,2026-02-20,Alternative|Pop Indé|Rock indé,Pura Vida,599,3,ep,347795901,Kahona,15,54
3867377471,Out Of Office,122,0.0,2026-03-06,350580,927344771,Out Of Office,2026-03-06,Alternative|Pop Indé|Rock indé,Pura Vida,814,22,ep,136134612,Nerin,17,642
3885619381,Long Way Home,139,0.0,2026-03-13,389172,934145321,Long Way Home,2026-03-13,Alternative|Pop Indé|Rock indé,Pura Vida,715,23,ep,196442727,Jonah Dean,44,96
4014965191,This Is It,118,0.0,2026-05-22,402844,980608321,Favourite Places,2026-05-22,Alternative|Pop Indé|Rock indé,Pura Vida,2268,596,album,136134612,Nerin,17,642
3804408262,The First Warm Evening,153,0.0,2026-02-06,340890,905574022,"Windows Down, Nowhere To Go",2026-02-06,Alternative|Pop Indé|Rock indé,Pura Vida,1133,17,album,400914401,August Green,11,22
4143533141,Better By Your Side,162,0.0,2026-07-17,340986,1025017041,Best Part Of My Day,2026-07-17,Alternative|Pop Indé|Rock indé,Pura Vida,998,4,ep,562482,Silver Pines,39,12
3866611851,Made It To The Coastline,155,0.0,2026-03-06,348715,927087471,Life Feels Like A Movie,2026-03-06,Alternative|Pop Indé|Rock indé,Pura Vida,777,6,ep,196442727,Jonah Dean,44,96
4138711241,Moments Like These,115,0.0,2026-07-17,395532,1023325941,This One Is For You,2026-07-17,Alternative|Pop Indé|Rock indé,Pura Vida,844,90,ep,136134612,Nerin,17,642
3885619421,Leave The Windows Open,144,0.0,2026-03-13,340263,934145321,Long Way Home,2026-03-13,Alternative|Pop Indé|Rock indé,Pura Vida,715,23,ep,196442727,Jonah Dean,44,96
4151037812,You Are The One,168,0.0,2026-07-24,361202,1028026742,You Are The One,2026-07-24,Alternative|Pop Indé|Rock indé,Pura Vida,838,2,ep,369691722,Ever and Green,3,3
3866611841,Life Feels Like A Movie,146,0.0,2026-03-06,364280,927087471,Life Feels Like A Movie,2026-03-06,Alternative|Pop Indé|Rock indé,Pura Vida,777,6,ep,196442727,Jonah Dean,44,96
4151037842,Come Find Me,184,0.0,2026-07-24,324010,1028026742,You Are The One,2026-07-24,Alternative|Pop Indé|Rock indé,Pura Vida,838,2,ep,369691722,Ever and Green,3,3
4143533131,Heat Wave,162,0.0,2026-07-17,339592,1025017041,Best Part Of My Day,2026-07-17,Alternative|Pop Indé|Rock indé,Pura Vida,998,4,ep,562482,Silver Pines,39,12
3674788372,Strangely Enough,158,0.0,2025-11-28,331054,862978422,Feels Like A Sign,2025-11-28,Alternative|Pop Indé|Rock indé,Pura Vida,816,14,ep,196442727,Jonah Dean,44,96
4143533161,Pretty and Happy,189,0.0,2026-07-17,353531,1025017041,Best Part Of My Day,2026-07-17,Alternative|Pop Indé|Rock indé,Pura Vida,998,4,ep,562482,Silver Pines,39,12
3567778771,Getting Back My Spark,148,0.0,2025-10-06,404868,825685181,Getting Back My Spark,2025-10-06,R&B,Pura Vida,898,17,ep,345613181,MeaVee,21,20
4138711211,This One Is For You,129,0.0,2026-07-17,361997,1023325941,This One Is For You,2026-07-17,Alternative|Pop Indé|Rock indé,Pura Vida,844,90,ep,136134612,Nerin,17,642
4143533151,Little More Alive,150,0.0,2026-07-17,406474,1025017041,Best Part Of My Day,2026-07-17,Alternative|Pop Indé|Rock indé,Pura Vida,998,4,ep,562482,Silver Pines,39,12
4153549182,Life We Made,125,0.0,2026-08-07,497937,1028959132,Summer We'll Remember,2026-08-07,Alternative|Pop Indé|Rock indé,Pura Vida,695,114,ep,136134612,Nerin,17,642
4143533111,Best Part Of My Day,186,0.0,2026-07-17,326499,1025017041,Best Part Of My Day,2026-07-17,Alternative|Pop Indé|Rock indé,Pura Vida,998,4,ep,562482,Silver Pines,39,12
4151037852,You Make Me Brave,136,0.0,2026-07-24,343911,1028026742,You Are The One,2026-07-24,Alternative|Pop Indé|Rock indé,Pura Vida,838,2,ep,369691722,Ever and Green,3,3
3867377521,No Big Deal,131,0.0,2026-03-06,350992,927344771,Out Of Office,2026-03-06,Alternative|Pop Indé|Rock indé,Pura Vida,814,22,ep,136134612,Nerin,17,642
3567778741,Different Meaning,170,0.0,2025-10-06,385098,825685181,Getting Back My Spark,2025-10-06,R&B,Pura Vida,898,17,ep,345613181,MeaVee,21,20
3728727582,Dangerous,144,0.0,2026-01-09,381933,881245692,Before I Get Attached,2026-01-09,Alternative|Pop Indé|Rock indé,Pura Vida,751,5,ep,400914401,August Green,11,22
3710459512,Mixed Signals,140,0.0,2025-12-19,317899,875302982,Mixed Signals,2025-12-19,Alternative|Pop Indé|Rock indé,Pura Vida,140,1,single,400914401,August Green,11,22
3613928042,Good To Be Alive,179,0.0,2025-10-31,355434,842007032,Chill Coffee Mood,2025-10-31,Alternative|Pop Indé|Rock indé,Pura Vida,961,72,ep,136134612,Nerin,17,642
3790618842,Come and Lie,120,0.0,2026-01-30,363041,902839872,Come and Lie,2026-01-30,Alternative|Pop Indé|Rock indé,Pura Vida,120,0,single,127881042,Harmony Joy,17,7
3567778761,Stuck In My Head,122,0.0,2025-10-06,363122,825685181,Getting Back My Spark,2025-10-06,R&B,Pura Vida,898,17,ep,345613181,MeaVee,21,20
3972995101,Made For This,176,0.0,2026-05-01,342221,965686081,Made For This,2026-05-01,Alternative|Pop Indé|Rock indé,Pura Vida,811,32,ep,400914401,August Green,11,22
3710459662,Almost Mine,138,0.0,2025-12-19,388603,875303082,Almost Mine,2025-12-19,Alternative|Pop Indé|Rock indé,Pura Vida,138,2,single,347795901,Kahona,15,54
4014965161,Right Here Right Now,120,0.0,2026-05-22,406621,980608321,Favourite Places,2026-05-22,Alternative|Pop Indé|Rock indé,Pura Vida,2268,596,album,136134612,Nerin,17,642
3710459062,Say It Like You Mean It,191,0.0,2025-12-19,363768,875302882,Say It Like You Mean It,2025-12-19,Alternative|Pop Indé|Rock indé,Pura Vida,191,2,single,296223841,Coco azul,15,5
3842992751,One More Drive,141,0.0,2026-02-20,314943,918383621,One More Drive,2026-02-20,Alternative|Pop Indé|Rock indé,Pura Vida,599,3,ep,347795901,Kahona,15,54
3684994202,She's Not Mine,187,0.0,2025-12-05,428839,866363862,She's Not Mine,2025-12-05,Alternative|Pop Indé|Rock indé,Pura Vida,809,4,ep,7189880,Lune & Soleil,24,36
3554111001,I Can See Clearly Now,170,0.0,2025-09-22,309631,820653561,I Can See Clearly Now,2025-09-22,Alternative|Pop Indé|Rock indé,Pura Vida,170,1,single,562482,Silver Pines,39,12
4017857021,Before You Leave,181,0.0,2026-05-22,289035,981433431,Before You Leave,2026-05-22,Alternative|Pop Indé|Rock indé,Pura Vida,763,0,ep,369691702,Hazel Veil,4,3
4005033741,I Don't Wait Around,137,0.0,2026-05-15,309988,976928811,Take Your Time,2026-05-15,Alternative|Pop Indé|Rock indé,Pura Vida,705,0,ep,187058347,April Bloom,20,4
3684993692,Born To Be Alive,144,0.0,2025-12-05,301435,866363712,Take You With Me,2025-12-05,Alternative|Pop Indé|Rock indé,Pura Vida,692,2,ep,562482,Silver Pines,39,12
3942759651,Call It What It Was,120,0.0,2026-04-10,325290,954672851,I Know My Worth,2026-04-10,Alternative|Pop Indé|Rock indé,Pura Vida,621,3,ep,79852692,Olivia Luna,42,20
4017857031,Already Us,157,0.0,2026-05-22,303591,981433431,Before You Leave,2026-05-22,Alternative|Pop Indé|Rock indé,Pura Vida,763,0,ep,369691702,Hazel Veil,4,3
4145779712,Easy On The Eyes,115,0.0,2026-07-17,298781,1025924292,Easy On The Eyes,2026-07-17,Soul & Funk|Soul,Pura Vida,803,0,ep,384394711,Sienna Soul,3,4
3684994222,I Didn't Deserve This,161,0.0,2025-12-05,340688,866363862,She's Not Mine,2025-12-05,Alternative|Pop Indé|Rock indé,Pura Vida,809,4,ep,7189880,Lune & Soleil,24,36
3638277602,Got That Feeling,144,0.0,2025-11-14,340583,850396752,Easy Love,2025-11-14,Alternative|Pop Indé|Rock indé,Pura Vida,919,44,ep,347795901,Kahona,15,54
4005033701,Take Your Time,124,0.0,2026-05-15,307235,976928811,Take Your Time,2026-05-15,Alternative|Pop Indé|Rock indé,Pura Vida,705,0,ep,187058347,April Bloom,20,4
3558735341,Weather With You,132,0.0,2025-09-22,306152,822488021,Weather With You,2025-09-22,Alternative|Pop Indé|Rock indé,Pura Vida,132,1,single,562482,Silver Pines,39,12
4017857101,Accidentally Falling,150,0.0,2026-05-22,332336,981433471,Accidentally Falling,2026-05-22,Alternative|Pop Indé|Rock indé,Pura Vida,779,8,ep,196442727,Jonah Dean,44,96
3604298752,Chasing Sunsets (Acoustic Edit),128,0.0,2025-10-20,300329,838638012,Chasing Sunsets,2025-10-20,Alternative|Pop Indé|Rock indé,Miami Beats,128,3,single,5743739,Alex Grey,81,927
3710459032,Take The Lead,169,0.0,2025-12-19,322516,875302862,Take The Lead,2025-12-19,Alternative|Pop Indé|Rock indé,Pura Vida,169,1,single,562482,Silver Pines,39,12
4005033751,Just Like That,130,0.0,2026-05-15,315960,976928811,Take Your Time,2026-05-15,Alternative|Pop Indé|Rock indé,Pura Vida,705,0,ep,187058347,April Bloom,20,4
3933035251,That's What I Like,134,0.0,2026-04-10,330982,951742151,Right On Time,2026-04-10,Alternative|Pop Indé|Rock indé,Pura Vida,730,0,ep,296223841,Coco azul,15,5
4017857111,In My Clothes,157,0.0,2026-05-22,316589,981433471,Accidentally Falling,2026-05-22,Alternative|Pop Indé|Rock indé,Pura Vida,779,8,ep,196442727,Jonah Dean,44,96
3760696442,Glued Back Together,121,0.0,2026-01-16,340622,892662052,I'm Right Here,2026-01-16,Alternative|Pop Indé|Rock indé,Pura Vida,780,4,ep,196442727,Jonah Dean,44,96
3613928112,When You're Around,147,0.0,2025-10-31,323217,842007032,Chill Coffee Mood,2025-10-31,Alternative|Pop Indé|Rock indé,Pura Vida,961,72,ep,136134612,Nerin,17,642
3807195862,Choosing Me,159,0.0,2026-02-06,311901,906371242,Choosing Me,2026-02-06,Alternative|Pop Indé|Rock indé,Pura Vida,159,0,single,345613181,MeaVee,21,20
3818551411,Dance On It Slowly,152,0.0,2026-02-13,332709,910358161,Dance On It Slowly,2026-02-13,Alternative|Pop Indé|Rock indé,Pura Vida,152,2,single,136134612,Nerin,17,642
3885619641,Live While You're Young,131,0.0,2026-03-13,317971,934145431,Make Your Own Luck,2026-03-13,Alternative|Pop Indé|Rock indé,Pura Vida,691,3,ep,400914401,August Green,11,22
3885619621,I Feel Alive,138,0.0,2026-03-13,326813,934145431,Make Your Own Luck,2026-03-13,Alternative|Pop Indé|Rock indé,Pura Vida,691,3,ep,400914401,August Green,11,22
3684994232,Tell Me You Want Me,156,0.0,2025-12-05,309813,866363862,She's Not Mine,2025-12-05,Alternative|Pop Indé|Rock indé,Pura Vida,809,4,ep,7189880,Lune & Soleil,24,36
3885619601,Make Your Own Luck,136,0.0,2026-03-13,316572,934145431,Make Your Own Luck,2026-03-13,Alternative|Pop Indé|Rock indé,Pura Vida,691,3,ep,400914401,August Green,11,22
4145779702,Good Days Coming,177,0.0,2026-07-17,260227,1025924292,Easy On The Eyes,2026-07-17,Soul & Funk|Soul,Pura Vida,803,0,ep,384394711,Sienna Soul,3,4
3567778791,I'll Be There,123,0.0,2025-10-06,298172,825685181,Getting Back My Spark,2025-10-06,R&B,Pura Vida,898,17,ep,345613181,MeaVee,21,20
3933035231,Say It Again,139,0.0,2026-04-10,363950,951742151,Right On Time,2026-04-10,Alternative|Pop Indé|Rock indé,Pura Vida,730,0,ep,296223841,Coco azul,15,5
3892986061,Lipstick On Purpose,122,0.0,2026-03-20,341569,936967211,"Say Less, Darling",2026-03-20,Alternative|Pop Indé|Rock indé,Pura Vida,674,2,ep,345613181,MeaVee,21,20
3867377511,Keep It Light,160,0.0,2026-03-06,303085,927344771,Out Of Office,2026-03-06,Alternative|Pop Indé|Rock indé,Pura Vida,814,22,ep,136134612,Nerin,17,642
3728727542,"Bad Idea, But Here We Are",145,0.0,2026-01-09,295299,881245692,Before I Get Attached,2026-01-09,Alternative|Pop Indé|Rock indé,Pura Vida,751,5,ep,400914401,August Green,11,22
3557160551,Sexual Healing,230,0.0,2025-09-22,260827,821884251,Sexual Healing,2025-09-22,Alternative|Pop Indé|Rock indé,Pura Vida,230,1,single,187058347,April Bloom,20,4
3885619631,Did It My Way,137,0.0,2026-03-13,307740,934145431,Make Your Own Luck,2026-03-13,Alternative|Pop Indé|Rock indé,Pura Vida,691,3,ep,400914401,August Green,11,22
3942759671,Not That Girl Anymore,126,0.0,2026-04-10,297911,954672851,I Know My Worth,2026-04-10,Alternative|Pop Indé|Rock indé,Pura Vida,621,3,ep,79852692,Olivia Luna,42,20
4145779772,Nothing But Sunshine,194,0.0,2026-07-17,296026,1025924292,Easy On The Eyes,2026-07-17,Soul & Funk|Soul,Pura Vida,803,0,ep,384394711,Sienna Soul,3,4
3758625022,Call Me After Midnight,134,0.0,2026-01-16,301918,891885372,Call Me After Midnight,2026-01-16,Alternative|Pop Indé|Rock indé,Pura Vida,756,3,ep,347795811,Ruby Ocean,19,15
3942759641,My Own Time,136,0.0,2026-04-10,292796,954672851,I Know My Worth,2026-04-10,Alternative|Pop Indé|Rock indé,Pura Vida,621,3,ep,79852692,Olivia Luna,42,20
3804408272,Stay Out A Little Longer,148,0.0,2026-02-06,320473,905574022,"Windows Down, Nowhere To Go",2026-02-06,Alternative|Pop Indé|Rock indé,Pura Vida,1133,17,album,400914401,August Green,11,22
3922840511,Exit Sign,175,0.0,2026-04-10,302084,947941491,Acoustic Soul (by Hazel Veil),2026-04-10,Alternative|Pop Indé|Rock indé,Pura Vida,809,1,ep,369691702,Hazel Veil,4,3
3758625512,Somehow You,183,0.0,2026-01-16,309386,891885552,Somehow You,2026-01-16,Alternative|Pop Indé|Rock indé,Pura Vida,183,0,single,400914401,August Green,11,22
3933035201,Right On Time,158,0.0,2026-04-10,316084,951742151,Right On Time,2026-04-10,Alternative|Pop Indé|Rock indé,Pura Vida,730,0,ep,296223841,Coco azul,15,5
4017857131,Nothing Together,155,0.0,2026-05-22,277787,981433471,Accidentally Falling,2026-05-22,Alternative|Pop Indé|Rock indé,Pura Vida,779,8,ep,196442727,Jonah Dean,44,96
3728727642,Pull Me Back,178,0.0,2026-01-09,299515,881245692,Before I Get Attached,2026-01-09,Alternative|Pop Indé|Rock indé,Pura Vida,751,5,ep,400914401,August Green,11,22
3674788352,"Oddly Enough, It's You",171,0.0,2025-11-28,265682,862978422,Feels Like A Sign,2025-11-28,Alternative|Pop Indé|Rock indé,Pura Vida,816,14,ep,196442727,Jonah Dean,44,96
3660816442,Got That Glow,151,0.0,2025-11-21,291209,858204342,Good Company,2025-11-21,Alternative|Pop Indé|Rock indé,Pura Vida,734,2,ep,400914401,August Green,11,22
3906836471,A Little Bit Like Me,142,0.0,2026-03-20,352676,941954981,The Little Things,2026-03-20,Alternative|Pop Indé|Rock indé,Pura Vida,747,4,ep,347795901,Kahona,15,54
3942759631,I Know My Worth,114,0.0,2026-04-10,263835,954672851,I Know My Worth,2026-04-10,Alternative|Pop Indé|Rock indé,Pura Vida,621,3,ep,79852692,Olivia Luna,42,20
3922840551,Not Your Passenger,141,0.0,2026-04-10,296278,947941491,Acoustic Soul (by Hazel Veil),2026-04-10,Alternative|Pop Indé|Rock indé,Pura Vida,809,1,ep,369691702,Hazel Veil,4,3
3567778781,Was It All a Dream,164,0.0,2025-10-06,253869,825685181,Getting Back My Spark,2025-10-06,R&B,Pura Vida,898,17,ep,345613181,MeaVee,21,20
3567778751,Here For You,171,0.0,2025-10-06,263218,825685181,Getting Back My Spark,2025-10-06,R&B,Pura Vida,898,17,ep,345613181,MeaVee,21,20
3881054271,in love with a ghost,155,0.0,2026-03-13,283804,932454841,bedroom confessions,2026-03-13,Alternative|Pop Indé|Rock indé,Pura Vida,751,1,ep,369691702,Hazel Veil,4,3
3760696432,Imposter,172,0.0,2026-01-16,290372,892662052,I'm Right Here,2026-01-16,Alternative|Pop Indé|Rock indé,Pura Vida,780,4,ep,196442727,Jonah Dean,44,96
3552362251,Englishman in New York,204,0.0,2025-09-26,280084,820042771,Englishman in New York,2025-09-26,Alternative|Pop Indé|Rock indé,Pura Vida,204,1,single,562482,Silver Pines,39,12
3842992771,Soft Focus,166,0.0,2026-02-20,270657,918383621,One More Drive,2026-02-20,Alternative|Pop Indé|Rock indé,Pura Vida,599,3,ep,347795901,Kahona,15,54
3933035271,Say What You Want,135,0.0,2026-04-10,269702,951742151,Right On Time,2026-04-10,Alternative|Pop Indé|Rock indé,Pura Vida,730,0,ep,296223841,Coco azul,15,5
3906836501,Something New,136,0.0,2026-03-20,299639,941954981,The Little Things,2026-03-20,Alternative|Pop Indé|Rock indé,Pura Vida,747,4,ep,347795901,Kahona,15,54
3804408102,Roads That Lead To You,168,0.0,2026-02-06,279214,905573962,Roads That Lead To You,2026-02-06,Alternative|Pop Indé|Rock indé,Pura Vida,1042,1,album,127881042,Harmony Joy,17,7
3811024662,A Love That Is Loud,166,0.0,2026-02-06,295913,907656492,Nashville Girls,2026-02-06,Alternative|Pop Indé|Rock indé,Pura Vida,720,0,ep,127881042,Harmony Joy,17,7
3613928072,Learning How To Shine Again,164,0.0,2025-10-31,311259,842007032,Chill Coffee Mood,2025-10-31,Alternative|Pop Indé|Rock indé,Pura Vida,961,72,ep,136134612,Nerin,17,642
3942759661,Better Without You,125,0.0,2026-04-10,281607,954672851,I Know My Worth,2026-04-10,Alternative|Pop Indé|Rock indé,Pura Vida,621,3,ep,79852692,Olivia Luna,42,20
3842992761,Nothing To Prove,172,0.0,2026-02-20,263791,918383621,One More Drive,2026-02-20,Alternative|Pop Indé|Rock indé,Pura Vida,599,3,ep,347795901,Kahona,15,54
3892986001,Last Minute Face,135,0.0,2026-03-20,265264,936967211,"Say Less, Darling",2026-03-20,Alternative|Pop Indé|Rock indé,Pura Vida,674,2,ep,345613181,MeaVee,21,20
4005033711,Comes So Natural,149,0.0,2026-05-15,269518,976928811,Take Your Time,2026-05-15,Alternative|Pop Indé|Rock indé,Pura Vida,705,0,ep,187058347,April Bloom,20,4
3660817022,By The Fire,174,0.0,2025-11-21,264341,858204552,Chill Winter Lounge,2025-11-21,Alternative|Pop Indé|Rock indé,Pura Vida,874,17,ep,400914401,August Green,11,22
4017857041,Staying In,128,0.0,2026-05-22,272250,981433431,Before You Leave,2026-05-22,Alternative|Pop Indé|Rock indé,Pura Vida,763,0,ep,369691702,Hazel Veil,4,3
3811024622,Nashville Girls,128,0.0,2026-02-06,306027,907656492,Nashville Girls,2026-02-06,Alternative|Pop Indé|Rock indé,Pura Vida,720,0,ep,127881042,Harmony Joy,17,7
3892986091,"Gold Rings, Cheap Wine",126,0.0,2026-03-20,265554,936967211,"Say Less, Darling",2026-03-20,Alternative|Pop Indé|Rock indé,Pura Vida,674,2,ep,345613181,MeaVee,21,20
4017857141,You Make Simple Look Good,151,0.0,2026-05-22,259630,981433471,Accidentally Falling,2026-05-22,Alternative|Pop Indé|Rock indé,Pura Vida,779,8,ep,196442727,Jonah Dean,44,96
3660817032,Cozy Nights,174,0.0,2025-11-21,286780,858204552,Chill Winter Lounge,2025-11-21,Alternative|Pop Indé|Rock indé,Pura Vida,874,17,ep,400914401,August Green,11,22
3705755542,Finding My Way,168,0.0,2025-12-19,255310,873973922,Finding My Way,2025-12-19,Alternative|Pop Indé|Rock indé,Pura Vida,168,3,single,345613181,MeaVee,21,20
3552362331,Fireflies,229,0.0,2025-09-26,259054,820042851,Fireflies,2025-09-26,Alternative|Pop Indé|Rock indé,Pura Vida,229,1,single,196442727,Jonah Dean,44,96
3892986041,Table For One,165,0.0,2026-03-20,268642,936967211,"Say Less, Darling",2026-03-20,Alternative|Pop Indé|Rock indé,Pura Vida,674,2,ep,345613181,MeaVee,21,20
3541223801,Sunday Slow,150,0.0,2025-09-12,268237,816254461,Sunday Slow,2025-09-12,Alternative|Pop Indé|Rock indé,Pura Vida,150,1,single,319552971,Fosco,46,28
4005033721,All Mine To Lose,165,0.0,2026-05-15,317845,976928811,Take Your Time,2026-05-15,Alternative|Pop Indé|Rock indé,Pura Vida,705,0,ep,187058347,April Bloom,20,4
3745726792,He Said He Was Serious,137,0.0,2026-01-16,274925,887173092,"Said It, Didn't Mean It",2026-01-16,Alternative|Pop Indé|Rock indé,Pura Vida,928,3,ep,79852692,Olivia Luna,42,20
3892986021,He Called Too Late,126,0.0,2026-03-20,263761,936967211,"Say Less, Darling",2026-03-20,Alternative|Pop Indé|Rock indé,Pura Vida,674,2,ep,345613181,MeaVee,21,20
3814556432,Grow Old Together,149,0.0,2026-02-13,285242,908802402,Grow Old Together,2026-02-13,Alternative|Pop Indé|Rock indé,Pura Vida,149,1,single,196442727,Jonah Dean,44,96
3804408152,Just Tell Me,150,0.0,2026-02-06,305802,905573962,Roads That Lead To You,2026-02-06,Alternative|Pop Indé|Rock indé,Pura Vida,1042,1,album,127881042,Harmony Joy,17,7
3804408292,Sing It Out Loud,154,0.0,2026-02-06,296324,905574022,"Windows Down, Nowhere To Go",2026-02-06,Alternative|Pop Indé|Rock indé,Pura Vida,1133,17,album,400914401,August Green,11,22
3760696422,I'm Right Here,172,0.0,2026-01-16,248681,892662052,I'm Right Here,2026-01-16,Alternative|Pop Indé|Rock indé,Pura Vida,780,4,ep,196442727,Jonah Dean,44,96
4017857121,All I Need Is This,166,0.0,2026-05-22,248536,981433471,Accidentally Falling,2026-05-22,Alternative|Pop Indé|Rock indé,Pura Vida,779,8,ep,196442727,Jonah Dean,44,96
3710457712,January,171,0.0,2025-12-19,310850,875302752,January,2025-12-19,Alternative|Pop Indé|Rock indé,Pura Vida,171,1,single,127881042,Harmony Joy,17,7
3604299492,Gravity (Acoustic Edit),151,0.0,2025-10-20,297052,838638432,Gravity,2025-10-20,Alternative|Pop Indé|Rock indé,Miami Beats,151,2,single,238676321,Emily Dawn,56,675
3660816432,Feels Like Home,158,0.0,2025-11-21,296231,858204342,Good Company,2025-11-21,Alternative|Pop Indé|Rock indé,Pura Vida,734,2,ep,400914401,August Green,11,22
3811024652,Moving On,134,0.0,2026-02-06,279350,907656492,Nashville Girls,2026-02-06,Alternative|Pop Indé|Rock indé,Pura Vida,720,0,ep,127881042,Harmony Joy,17,7
3604302132,The Way You Look,141,0.0,2025-10-20,251220,838639572,Cozy Cafe Vibes,2025-10-20,Alternative|Pop Indé|Rock indé,Pura Vida,2327,15,album,7189880,Lune & Soleil,24,36
3773815732,Love Scammer,158,0.0,2026-01-23,265625,897328562,Illusion,2026-01-23,Alternative|Pop Indé|Rock indé,Pura Vida,754,6,ep,196442727,Jonah Dean,44,96
3774544732,Finally Free,144,0.0,2026-01-23,255666,897566372,Life's a Roadtrip,2026-01-23,Alternative|Pop Indé|Rock indé,Pura Vida,742,2,ep,562482,Silver Pines,39,12
3604302042,The Moment I Saw You,133,0.0,2025-10-20,275513,838639572,Cozy Cafe Vibes,2025-10-20,Alternative|Pop Indé|Rock indé,Pura Vida,2327,15,album,7189880,Lune & Soleil,24,36
3818551351,My Muse,102,0.0,2026-02-13,245169,910358121,My Muse,2026-02-13,Pop,Pura Vida,102,1,single,196442727,Jonah Dean,44,96
4017857051,Too Comfortable Too Fast,165,0.0,2026-05-22,236194,981433431,Before You Leave,2026-05-22,Alternative|Pop Indé|Rock indé,Pura Vida,763,0,ep,369691702,Hazel Veil,4,3
3773815752,Nothing But a Face,148,0.0,2026-01-23,272476,897328562,Illusion,2026-01-23,Alternative|Pop Indé|Rock indé,Pura Vida,754,6,ep,196442727,Jonah Dean,44,96
3804408122,The Way You Tease,142,0.0,2026-02-06,262331,905573962,Roads That Lead To You,2026-02-06,Alternative|Pop Indé|Rock indé,Pura Vida,1042,1,album,127881042,Harmony Joy,17,7
3710459082,orbeting you,201,0.0,2025-12-19,268848,875302902,orbeting you,2025-12-19,Alternative|Pop Indé|Rock indé,Pura Vida,201,2,single,7189880,Lune & Soleil,24,36
4017857061,One More Night,132,0.0,2026-05-22,244793,981433431,Before You Leave,2026-05-22,Alternative|Pop Indé|Rock indé,Pura Vida,763,0,ep,369691702,Hazel Veil,4,3
3804408082,A Little More,125,0.0,2026-02-06,291480,905573962,Roads That Lead To You,2026-02-06,Alternative|Pop Indé|Rock indé,Pura Vida,1042,1,album,127881042,Harmony Joy,17,7
3541224021,Longing for Autumn,202,0.0,2025-09-12,292851,816254591,Longing for Autumn,2025-09-12,Alternative|Pop Indé|Rock indé,Pura Vida,202,1,single,319552971,Fosco,46,28
3728727602,If You Only Meant It,142,0.0,2026-01-09,282759,881245692,Before I Get Attached,2026-01-09,Alternative|Pop Indé|Rock indé,Pura Vida,751,5,ep,400914401,August Green,11,22
3811024642,Time Doesn't Matter Tonight,160,0.0,2026-02-06,296489,907656492,Nashville Girls,2026-02-06,Alternative|Pop Indé|Rock indé,Pura Vida,720,0,ep,127881042,Harmony Joy,17,7
3774544772,Still Here,149,0.0,2026-01-23,279350,897566372,Life's a Roadtrip,2026-01-23,Alternative|Pop Indé|Rock indé,Pura Vida,742,2,ep,562482,Silver Pines,39,12
3804408092,Always On My Mind,167,0.0,2026-02-06,283013,905573962,Roads That Lead To You,2026-02-06,Alternative|Pop Indé|Rock indé,Pura Vida,1042,1,album,127881042,Harmony Joy,17,7
3773815742,Before the Pain,158,0.0,2026-01-23,271807,897328562,Illusion,2026-01-23,Alternative|Pop Indé|Rock indé,Pura Vida,754,6,ep,196442727,Jonah Dean,44,96
3660817062,December Lights,166,0.0,2025-11-21,266961,858204552,Chill Winter Lounge,2025-11-21,Alternative|Pop Indé|Rock indé,Pura Vida,874,17,ep,400914401,August Green,11,22
3760696452,The Life You Want,133,0.0,2026-01-16,257568,892662052,I'm Right Here,2026-01-16,Alternative|Pop Indé|Rock indé,Pura Vida,780,4,ep,196442727,Jonah Dean,44,96
3594976822,Almost Told You,162,0.0,2025-10-17,268300,835307412,It Was You,2025-10-17,Alternative|Pop Indé|Rock indé,Pura Vida,730,2,ep,196442727,Jonah Dean,44,96
3752655252,My Forever Mine,140,0.0,2026-01-09,277904,889583912,My Forever Mine,2026-01-09,Alternative|Pop Indé|Rock indé,Pura Vida,140,0,single,296223841,Coco azul,15,5
3811024632,Who I Am,132,0.0,2026-02-06,309445,907656492,Nashville Girls,2026-02-06,Alternative|Pop Indé|Rock indé,Pura Vida,720,0,ep,127881042,Harmony Joy,17,7
3604299712,In The Silence (Acoustic Edit),144,0.0,2025-10-20,268138,838638592,In The Silence,2025-10-20,Alternative|Pop Indé|Rock indé,Miami Beats,144,1,single,1067743,Vive,38,306
3954051691,Not Build To Stay,131,0.0,2026-04-17,314754,958949001,You Heard Right,2026-04-17,Country,Modern Outlaws,701,0,ep,408108742,Scarlett Rose,5,0
3774544762,Wherever I Go,141,0.0,2026-01-23,285801,897566372,Life's a Roadtrip,2026-01-23,Alternative|Pop Indé|Rock indé,Pura Vida,742,2,ep,562482,Silver Pines,39,12
3922840501,Stay Till The Morning,171,0.0,2026-04-10,292977,947941491,Acoustic Soul (by Hazel Veil),2026-04-10,Alternative|Pop Indé|Rock indé,Pura Vida,809,1,ep,369691702,Hazel Veil,4,3
3728727772,The First Spark,183,0.0,2026-01-09,271297,881245712,Before It Faded,2026-01-09,Alternative|Pop Indé|Rock indé,Pura Vida,949,5,ep,196442727,Jonah Dean,44,96
3745726842,Clearer Without You,166,0.0,2026-01-16,262208,887173092,"Said It, Didn't Mean It",2026-01-16,Alternative|Pop Indé|Rock indé,Pura Vida,928,3,ep,79852692,Olivia Luna,42,20
3728727812,The Fade Out,134,0.0,2026-01-09,281352,881245712,Before It Faded,2026-01-09,Alternative|Pop Indé|Rock indé,Pura Vida,949,5,ep,196442727,Jonah Dean,44,96
3752655222,Fine Line,144,0.0,2026-01-09,243024,889583882,Fine Line,2026-01-09,Alternative|Pop Indé|Rock indé,Pura Vida,144,0,single,347795901,Kahona,15,54
3728727882,Here's To Right Now,142,0.0,2026-01-16,233035,881245732,Good Old Days,2026-01-16,Alternative|Pop Indé|Rock indé,Pura Vida,741,0,ep,296223841,Coco azul,15,5
3604301992,Want You Back,183,0.0,2025-10-20,242647,838639572,Cozy Cafe Vibes,2025-10-20,Alternative|Pop Indé|Rock indé,Pura Vida,2327,15,album,7189880,Lune & Soleil,24,36
3580465171,I Love You Always Forever,214,0.0,2025-10-06,238271,830238111,I Love You Always Forever,2025-10-06,Alternative|Pop Indé|Rock indé,Pura Vida,214,3,single,7189880,Lune & Soleil,24,36
3728727822,The Night I Still Replay,136,0.0,2026-01-09,263623,881245712,Before It Faded,2026-01-09,Alternative|Pop Indé|Rock indé,Pura Vida,949,5,ep,196442727,Jonah Dean,44,96
3922840541,Your Old Mustang,155,0.0,2026-04-10,274359,947941491,Acoustic Soul (by Hazel Veil),2026-04-10,Alternative|Pop Indé|Rock indé,Pura Vida,809,1,ep,369691702,Hazel Veil,4,3
3674788382,Underestimated Love,182,0.0,2025-11-28,263158,862978422,Feels Like A Sign,2025-11-28,Alternative|Pop Indé|Rock indé,Pura Vida,816,14,ep,196442727,Jonah Dean,44,96
3728727802,Lines We Shouldn't Cross,162,0.0,2026-01-09,248557,881245712,Before It Faded,2026-01-09,Alternative|Pop Indé|Rock indé,Pura Vida,949,5,ep,196442727,Jonah Dean,44,96
3774544742,Road On My Sleeve,163,0.0,2026-01-23,266678,897566372,Life's a Roadtrip,2026-01-23,Alternative|Pop Indé|Rock indé,Pura Vida,742,2,ep,562482,Silver Pines,39,12
3773815722,Illusion,136,0.0,2026-01-23,241212,897328562,Illusion,2026-01-23,Alternative|Pop Indé|Rock indé,Pura Vida,754,6,ep,196442727,Jonah Dean,44,96
3631253502,I'm Fine,146,0.0,2025-11-07,267139,847869502,Late Night Emo,2025-11-07,Alternative|Pop Indé|Rock indé,Pura Vida,1446,2,album,127881042,Harmony Joy,17,7
3594976812,Then You Go Back to Him,134,0.0,2025-10-17,264272,835307412,It Was You,2025-10-17,Alternative|Pop Indé|Rock indé,Pura Vida,730,2,ep,196442727,Jonah Dean,44,96
3954051731,Say It Again,133,0.0,2026-04-17,282242,958949001,You Heard Right,2026-04-17,Country,Modern Outlaws,701,0,ep,408108742,Scarlett Rose,5,0
3757265842,After Dark,159,0.0,2026-01-23,284699,891362072,After Dark,2026-01-23,Alternative|Pop Indé|Rock indé,Pura Vida,159,0,single,187058347,April Bloom,20,4
3705755822,Something Honest,166,0.0,2025-12-19,251407,873974012,Something Honest,2025-12-19,Alternative|Pop Indé|Rock indé,Pura Vida,166,1,single,127881042,Harmony Joy,17,7
4002737901,It All Works Out,161,0.0,2026-05-15,268292,976148781,Cowgirl Heart,2026-05-15,Country,Modern Outlaws,863,0,ep,408104402,Dakota Brooks,4,1
3638277622,Late Night Talking,148,0.0,2025-11-14,266707,850396752,Easy Love,2025-11-14,Alternative|Pop Indé|Rock indé,Pura Vida,919,44,ep,347795901,Kahona,15,54
3773815762,Like You're Real,154,0.0,2026-01-23,284263,897328562,Illusion,2026-01-23,Alternative|Pop Indé|Rock indé,Pura Vida,754,6,ep,196442727,Jonah Dean,44,96
3660817042,Winter Vibes,166,0.0,2025-11-21,247387,858204552,Chill Winter Lounge,2025-11-21,Alternative|Pop Indé|Rock indé,Pura Vida,874,17,ep,400914401,August Green,11,22
3551838921,Can't Fight the Moonlight,176,0.0,2025-09-19,278469,819859121,Can't Fight the Moonlight,2025-09-19,Alternative|Pop Indé|Rock indé,Pura Vida,176,1,single,562482,Silver Pines,39,12
4057338301,On My Sleeve,163,0.0,2026-06-05,267395,995916841,A Girl Like Me,2026-06-05,Country,Modern Outlaws,763,1,ep,408108742,Scarlett Rose,5,0
3557159211,Lady - Hear Me Tonight,136,0.0,2025-10-03,230426,821883661,Lady - Hear Me Tonight,2025-10-03,Alternative|Pop Indé|Rock indé,Pura Vida,136,1,single,562482,Silver Pines,39,12
3604299292,Fall Into Place (Acoustic Edit),137,0.0,2025-10-20,267829,838638302,Fall Into Place,2025-10-20,Alternative|Pop Indé|Rock indé,Miami Beats,137,1,single,354456122,Tanlines,28,134
3728727872,All This Time,159,0.0,2026-01-16,251538,881245732,Good Old Days,2026-01-16,Alternative|Pop Indé|Rock indé,Pura Vida,741,0,ep,296223841,Coco azul,15,5
3758625622,a quiet constellation,215,0.0,2026-01-16,254207,891885582,a quiet constellation,2026-01-16,Alternative|Pop Indé|Rock indé,Pura Vida,215,3,single,7189880,Lune & Soleil,24,36
3760696462,Almost Us,182,0.0,2026-01-16,277125,892662052,I'm Right Here,2026-01-16,Alternative|Pop Indé|Rock indé,Pura Vida,780,4,ep,196442727,Jonah Dean,44,96
3550652161,Falling For You,179,0.0,2025-09-19,252867,819428291,Falling For You,2025-09-19,Alternative|Pop Indé|Rock indé,Pura Vida,179,2,single,196442727,Jonah Dean,44,96
3155839,Don't Know Why,184,176.7,2003-03-03,796380,303440,Don't Know Why,2003-03-03,Singer & Songwriter,Parlophone,832,5764,single,810,Norah Jones,86,2391068
1084242152,I Wished On The Moon,158,0.0,2020-09-25,608008,174181332,This Dream Of You,2020-09-25,Jazz,Verve,3048,9811,album,3281,Diana Krall,29,834601
483551472,That Old Feeling,161,111.74,2018-04-13,620470,60828672,Pops Is Tops: The Verve Studio Albums,2018-04-13,Jazz,Verve Reissues,6392,1156,album,2337,Louis Armstrong,143,2062641
124197788,Consequence Of Love,200,128.0,2016-05-06,631345,13030410,Take Me To The Alley,2016-05-06,Jazz,Universal Music Division Decca Records France,3072,21765,album,1035779,Gregory Porter,52,419084
401682762,New Waltz,249,122.68,2017-09-15,588133,47332092,Opening,2017-09-15,Jazz,jazz family,3786,1096,album,8991864,Fred Nardin,11,453
1226151922,Home,217,0.0,2021-02-12,581123,203729332,Home (Singel),2021-02-12,Jazz,Naxos Sweden - Prophone Records,217,34,single,2748891,SE-Quartet,19,163
3256750,My Kinda Blues,308,123.4,2009-02-02,595092,310652,Sunset Eyes,2009-02-02,Jazz,Blue Note Records,2774,186,album,111840,Teddy Edwards,54,476
540485,Where or When,169,122.3,2007-07-31,592493,71591,Standards & Ballads,2007-07-31,Jazz,Columbia/Legacy,4279,2954,album,69689,Wynton Marsalis,70,104968
932331,I've Grown Accustomed To Your Face (Rudy Van Gelder Remaster),291,139.2,2008-04-01,656615,104890,Plays For Bird (RVG Remaster),2008-04-01,Jazz,Prestige,3159,641,album,146791,Sonny Rollins Quintet,11,335
1084246232,Sunset In The Blue,272,0.0,2020-09-25,584831,174182312,Sunset In The Blue,2020-09-25,Jazz,Decca (UMO),272,3058,single,74289,Melody Gardot,44,620246
1444366372,You Must Believe In Spring,344,0.0,2021-08-01,612390,247042952,Best Of Bill Evans 1977-1980,2021-08-01,Jazz,Craft Recordings,4733,1079,album,2060,Bill Evans,93,271742
1241758572,I've Got You Under My Skin,214,0.0,2021-02-26,573406,207186912,That's Life,2021-02-26,Country|Folk,Legacy Recordings,2089,2391,album,2947,Willie Nelson,137,370049
849696322,Minor Swing,142,0.0,2020-06-19,721806,126089322,Frenchy,2020-03-06,Jazz,Universal Music Division Decca Records France,3125,28270,album,17224,Thomas Dutronc,28,206985
1073809402,Chopin: Prelude Op. 28 #4 (Live in Paris / 2018),254,0.0,2020-09-11,554962,171923622,Plays,2020-09-11,Jazz,Concord Jazz,5278,3292,album,8568,Chick Corea,92,404157
649834832,It's All About Love,214,0.0,2019-04-26,543877,90613502,Secrets of My Heart,2019-03-29,Jazz,Normandy Lane Music,3471,1036,album,713014,Sarah McKenzie,16,7395
911085,In A Sentimental Mood,255,145.6,2008-02-19,699364,102689,Duke Ellington & John Coltrane,2016-12-19,Jazz,Impulse!,2070,25817,album,57504,Duke Ellington,49,356387
543098922,O Grande Amor,285,151.44,2018-08-04,535039,71053522,Jazz 'Round Midnight,2012-04-22,Jazz,Verve Reissues,3624,514,album,3458,Stan Getz,132,348027
1060917602,Reminiscence,423,0.0,2020-09-25,543397,169224542,End of Summer,2020-09-25,Jazz,Rune Grammofon,2233,474,album,396238,ESPEN ERIKSEN TRIO,11,1378
585621132,When You're Smiling,170,152.0,2018-11-16,574965,78632382,love (Deluxe Edition),2018-11-16,Pop,Reprise,2698,30366,album,1478,Michael Bublé,74,1589952
97693846,I'm a Fool to Want You,204,84.2,1958-06-01,622766,9947216,Lady In Satin: The Centennial Edition,1958-06-01,Jazz,Okeh,6073,3787,album,1036,Billie Holiday,26,723780
570239,Moonlight Serenade,204,77.0,2005-06-27,551953,73977,The Essential Glenn Miller,2005-06-27,Jazz,RCA Victor/Legacy,4681,7419,album,1831,Glenn Miller,43,121813
72398167,Everybody Loves Somebody,161,80.7,2013-11-19,661294,7116143,The Reprise Years,2013-11-19,Pop,Legacy Recordings,3883,3027,album,1126,Dean Martin,73,370722
552385922,Hello,275,75.86,2018-09-14,515174,72691342,All About That Basie,2018-09-14,Jazz,Concord Jazz,2885,783,album,61715,The Count Basie Orchestra,27,1243
71483080,"Theme From New York, New York (2008 Remastered)",206,107.1,2013-10-01,726794,7021224,Nothing But The Best (2008 Remastered),2013-10-01,Jazz,FRANK SINATRA DIGITAL REPRISE,4456,95943,album,617,Frank Sinatra,92,2482637
984748832,How I Weep,282,0.0,2020-06-12,593596,153149612,Pick Me Up Off The Floor,2020-06-12,Pop,Blue Note Records,2729,11356,album,810,Norah Jones,86,2391068
1100916,Solitude,342,114.5,2007-09-25,520304,118774,River: The Joni Letters,2007-01-01,Jazz,Verve,4768,4066,album,1406,Herbie Hancock,67,428055
1031007,Take Five,324,172.3,1991-09-15,726353,112876,Dave Brubeck's Greatest Hits,1991-09-15,Jazz,Columbia/Legacy,2617,13089,album,4080,Dave Brubeck,90,206963
665415882,There’ll Be Another Spring,227,144.05,2019-04-19,498280,93658982,Once In A While,2019-04-19,Jazz,Verve Label Group,3536,607,album,981171,Seth MacFarlane,24,5093
451447542,Why Are You Falling Down,258,142.07,2018-02-02,516008,55296952,DO,2018-02-02,Jazz,jazz family,2706,1652,album,4333912,Rémi Panossian,2,1125
440119532,There,184,0.0,2018-01-12,490682,53355322,Out of Chaos,2018-01-12,Jazz,Sound Surveyor Music,2818,452,album,9907610,Julie Erikssen,5,352
740176192,Joey's Smile,237,0.0,2019-10-18,504968,108834372,2.0,2019-10-18,Jazz,Naive,2952,933,album,153630,Stéphane Belmondo,13,3932
895201602,Prophet Birds,359,0.0,2025-01-27,8801,135074832,Skin in the Game,2020-03-20,Jazz,Cristal records,4355,147,album,153634,David Linx,41,2194
589789082,The Windmills of Your Mind,217,158.41,2019-01-25,500561,79350182,Mare Nostrum III,2019-01-25,Jazz,ACT Music,3667,3973,album,76404,Paolo Fresu,110,14438
4619054,Baby I'm A Fool,211,113.0,2009-11-09,724014,424888,My One And Only Thrill,2009-11-09,Jazz,Decca (UMO),4507,74978,album,74289,Melody Gardot,44,620246
1073818772,If It's Magic,208,0.0,2020-09-11,557273,171925452,ARTEMIS,2020-09-11,Jazz,Blue Note Records,3114,921,album,109573432,ARTEMIS,12,774
2193348,Kiss From A Rose,245,120.89,2008-10-17,496221,219326,The End Of A Summer,2008-10-17,Jazz,ECM Records,2833,716,album,134787,Julia Hülsmann Trio,6,784
143246746,Too Late,304,106.83,2017-05-19,609757,15509766,She Moves On,2017-05-19,Jazz,ACT Music,3038,8900,album,417662,Youn Sun Nah,25,36795
681554692,Sambacara,167,91.47,2019-05-24,470563,97274622,Tropical Jazz Trio,2019-05-24,Jazz,French Paradox,3433,594,album,65783782,Tropical Jazz Trio,2,184
2328309,"Big City Blues (Live At Webster Hall, New York City / December 18, 1962)",341,92.7,1995-02-03,487412,231772,Verve Jazz Masters 36: Gerry Mulligan,1995-02-03,Jazz,Verve,4150,73,album,57557,Gerry Mulligan,39,40207
606467242,Still Awake,335,145.07,2019-02-15,476439,82152472,Songs Of The Degrees,2019-02-15,Jazz,Universal Music Division Decca Records France,3461,2077,album,162182,Yaron Herman Trio,4,3640
71483069,Strangers In The Night (2008 Remastered),156,180.5,2013-10-01,672893,7021224,Nothing But The Best (2008 Remastered),2013-10-01,Jazz,FRANK SINATRA DIGITAL REPRISE,4456,95943,album,617,Frank Sinatra,92,2482637
2495216,Stars Fell On Alabama,201,0.0,1988-01-19,488989,245314,Stan Getz Plays (Expanded Edition),1988-01-19,Jazz,Verve,2976,1073,album,3458,Stan Getz,132,348027
1019483712,Hipsippy Blues,400,0.0,2020-07-17,458205,160263902,Just Coolin',2020-07-17,Jazz,Blue Note Records,2333,1787,album,3636,Art Blakey,65,84177
626191422,Athens IV,326,144.05,2019-03-08,9870,601528352,Athens,2019-03-08,Jazz,recordJet,2252,27,album,4701821,Melina Paxinos,10,160
671138142,P.P.P.,175,103.62,2019-05-03,494639,94858122,No Problem,2019-05-03,Jazz,jazz family,3414,412,album,64328452,Tristan Mélia,4,107
767332862,Si tu vois ma mère,221,0.0,2019-10-04,462718,113300952,Mademoiselle in New York,2019-10-04,Classique,Warner Classics,3589,2542,album,12767137,Lucienne Renaudin Vary,11,3913
670530512,Influencia do Jazz,169,105.47,2019-06-14,465122,94727422,Atlantico,2019-06-14,Musique brésilienne,SKIP Records,2769,298,album,12593,Paula Morelenbaum,22,1449
93408678,Stella by Starlight,272,102.6,2015-01-12,7893,142182882,"Jimmy Raney Visits Paris (10"" Album of 1954)",2020-04-30,Alternative|Pop,Jazz Time Paris,1832,11,album,89140,Jimmy Raney,100,4320
1019491442,Inside Your Heart,291,0.0,2020-07-17,428383,160265082,Love Letter,2020-07-17,Jazz,Verve,2672,1548,album,284911,Jimmy Heath,54,1921
549284472,Unsophisticated,207,96.6,2018-09-07,541273,72171372,Indigo,2018-09-07,Jazz,Blue Note (BLU),2901,2561,album,6646688,Kandace Springs,21,8737
2232911,Theme For Lester Young,349,124.91,2002-05-14,466439,223414,Charles Mingus' Finest Hour,2002-05-07,Jazz,Verve,3563,239,album,5123,Charles Mingus,61,140684
1028990,Night and Day,218,94.8,1997-04-11,653985,112810,Sinatra Sings His Greatest Hits,1997-04-11,Pop,Columbia/Legacy,3341,1696,album,617,Frank Sinatra,92,2482637
1145132,One September Day,168,112.0,2007-06-04,10077,79884472,I Put A Spell On You,2018-11-30,Jazz,Verve Reissues,2030,17201,album,744,Nina Simone,49,2556588
3105576,Lullaby Of The Leaves (1998 Digital Remaster),193,124.2,1998-07-02,465965,300284,The Original Quartet With Chet Baker,1998-07-02,Jazz,Blue Note Records,4523,830,album,57557,Gerry Mulligan,39,40207
139103745,Can Anyone Explain?,189,99.38,2016-12-30,559628,14949763,The Decca Singles 1949-1958,2016-12-30,Pop,Verve Reissues,6013,2434,album,2337,Louis Armstrong,143,2062641
549326752,Moonlight In Vermont,144,127.21,2018-09-07,516684,72175182,Getz For Lovers,2002-01-14,Jazz,Verve Reissues,3613,767,album,3458,Stan Getz,132,348027
1014317722,Undertow,442,0.0,2020-07-10,481442,159205802,RoundAgain,2020-07-10,Jazz,Nonesuch,2677,4355,album,16007,Joshua Redman,42,26962
563842092,Homegrown,231,146.61,2019-02-08,432406,74818252,Reflections and Odysseys,2019-01-11,Jazz,jazzland recordings,2860,728,album,52209952,Rymden,13,1340
85897671,It Never Entered My Mind (Bonus Track),326,114.8,2014-01-01,7003,466394205,Kind of Blue,2023-08-05,Pop|R&B,DECCO Recordings,2723,22,album,1910,Miles Davis,365,1115565
995186992,Oi,171,0.0,2020-08-21,1621,547419512,Marcos Valle JID003,2020-08-21,Musique brésilienne,Jazz Is Dead,1649,102,album,9728,Marcos Valle,64,22045
483551252,You Turned The Tables On Me (Stereo Version),154,80.12,2018-04-13,406580,60828672,Pops Is Tops: The Verve Studio Albums,2018-04-13,Jazz,Verve Reissues,6392,1156,album,2337,Louis Armstrong,143,2062641
654735962,Come What May,406,0.0,2019-03-29,454823,91548472,Come What May,2019-03-29,Jazz,Nonesuch,2587,1720,album,324003,Joshua Redman Quartet,2,1750
1099154,My Romance (Remastered 2006),256,106.0,2006-03-21,463522,118580,Boss Tenor (RVG Remasters / Remastered 2006),2011-03-03,Jazz,Prestige,2156,1180,album,57529,Gene Ammons,40,12814
84791903,Ev'ry Time We Say Goodbye,189,148.7,2014-09-23,473325,8548989,Cheek To Cheek (Deluxe),2014-09-23,Jazz,Streamline/Columbia/Interscope,2663,54847,album,75491,Lady Gaga,98,9264137
349721961,No Moon at All,126,152.56,1962-03-31,518752,39890281,Deep Roots,1962-03-31,Jazz,Poppydisc,1686,74,album,133116,Lorez Alexandria,46,617
109577656,When There Is No Sun feat. John Gilmore (mixed),267,100.59,2015-10-30,541722,11415392,Gilles Peterson Presents Sun Ra And His Arkestra: To Those Of Earth... And Other Worlds (Mixed Tracks),2015-10-30,Jazz,Strut,5437,1610,album,9317,Sun Ra,100,18963
932473,Someday My Prince Will Come,297,92.5,2008-03-04,463681,104899,Portrait In Jazz [Keepnews Collection],2008-01-01,Jazz,Riverside,3613,4660,album,2060,Bill Evans,93,271742
642349582,When I Close My Eyes,216,0.0,2019-05-17,472519,89130082,Songs Were Made to Sing,2019-05-17,Jazz,Smoke Sessions,3922,195,album,185950,Mary Stallings,16,445
779675432,I Don't Feel No Home,228,0.0,2019-11-08,412351,115462752,Les Mauvais Tempéraments,2019-11-08,Jazz,Jazz & People,3247,566,album,1005140,Christophe Panzani,27,493
2202727,Love Roots,122,102.34,2006-02-28,2087,68510591,My Mama Pinned A Rose On Me,2006-02-28,Jazz,Original Jazz Classics,3546,71,album,57542,Mary Lou Williams,97,3339
1087696622,Play Piano Play,146,0.0,2020-09-23,2005,598535592,Best Collection Errol Garner,2020-09-23,Jazz,Vintage Experience,3565,12,album,82033,Errol Garner,33,1853
1052647982,Together Is A Beautiful Place To Be,456,0.0,2020-08-21,474019,167429152,SOURCE,2020-08-21,Jazz,Concord Jazz,3643,4857,album,9872848,Nubya Garcia,27,7545
662643222,Mood,289,115.49,2019-03-29,411945,93076412,Past&Present / A Quiet Place,2019-03-29,Jazz,Peninsula Music,5667,184,album,155991,Alex Tassel,5,570
95965796,Good Morning Heartache,352,88.0,2015-03-30,431187,9760414,Yesterday I Had The Blues - The Music Of Billie Holiday,2015-02-04,Jazz,UNIVERSAL MUSIC LLC,2951,3493,album,75289,Jose James,49,44462
751420922,The Second Page (Live),370,0.0,2019-10-25,437321,110641502,Live in Gothenburg,2019-10-25,Jazz,ACT Music,6404,2056,album,5807,Esbjörn Svensson Trio,18,30203
780636912,Anything Goes,216,0.0,2019-10-25,431263,115643902,True Love: A Celebration Of Cole Porter,2019-10-25,Jazz,Harry Connick Jr,3035,3390,album,80912,Harry Connick Jr.,55,34589
834906,On the Sunny Side of the Street (Remastered 2002),198,111.4,2010-02-10,520932,96361,Ring Dem Bells,2010-02-10,Jazz,RCA Bluebird,2965,453,album,13024,Lionel Hampton,33,33320
610847502,While We're Young,161,0.0,2019-03-15,464920,83062542,Immigrance,2019-03-15,Jazz,GroundUP,3262,7812,album,471526,Snarky Puppy,35,83110
4250715161,So it goes,156,0.0,2026-09-04,633637,1064834011,And so it goes...,2026-09-04,Pop,Liana Flores,1077,152,ep,14960107,Liana Flores,10,17128
3965183441,Une ligne,267,0.0,2026-09-04,565428,962998511,Art Is Simple,2026-09-04,Jazz,Naive,2837,88,album,159153,Baptiste Trotignon,6,12450
4007151081,Indlela,250,0.0,2026-09-04,550294,977693321,L I N D A,2026-09-04,Jazz,Universal Music (Pty) Ltd.,2587,67,album,12955591,Linda Sikhakhane,11,158
4168102222,low tide,178,0.0,2026-09-03,607447,1034548362,low tide,2026-09-03,Jazz,DEMAIN,178,13,single,191201537,Ferdi,19,4853
4192077042,Prophet Juno,302,0.0,2026-09-04,554046,1042356922,Drum Seeds,2026-09-04,Electro|Jazz,Compost Records,2625,18,album,5438613,Peter Gall,9,30
4264079542,Found You (Live at Real World Studios) (Alternate Take),300,0.0,2026-09-03,498841,1070056332,Found You (Live at Real World Studios) (Alternate Take),2026-09-03,Jazz,Sekito,300,0,single,4660257,Alfa Mist,30,25779
4237545012,Pleine Forêt,219,0.0,2026-09-04,662432,1059649542,Pleine Forêt,2026-09-04,Rap/Hip Hop,Masterworks,219,29,single,14960533,Léon Phal,26,3035
4171017402,Just a Little Lovin’,289,0.0,2026-09-04,511303,1035696982,Just a Little Lovin',2026-09-04,Jazz,Nettwerk Music Group,289,1,single,12043712,Laura Anglade,28,316
4171169472,Testimony OM,432,0.0,2026-09-01,512636,1035756362,OM,2026-09-01,Jazz,Bash! Village Records,2885,14,album,1139837,Jowee Omicil,44,2618
4217186422,Narrow Waters,197,0.0,2026-09-04,447020,1051668282,Imanu,2026-09-04,Jazz,RealBird Records,2736,6,album,9557680,Itamar Borochov,12,556
4174541472,Remorse,512,0.0,2026-09-04,432467,1037077732,Key Energy,2026-09-04,Classique,Blue Keys Productions,4024,4,album,201448,Jef Neve,55,2568
4199474032,The Trail,268,0.0,2026-09-01,609400,1045309082,The Trail,2026-09-01,Jazz,Planètes Rouges,268,46,single,132964,Yom,26,23266
4168496672,Leipzig Club,392,0.0,2026-09-04,559172,1034702682,Vincent Peirani: Leipzig Club,2026-09-04,Classique,harmonia mundi,392,40,single,4658551,François Salque,23,1374
4250840551,Happiness Hotel,151,0.0,2026-09-04,466562,1064881381,Happiness Hotel,2026-09-04,Jazz,The Muppet Album,151,3,single,981171,Seth MacFarlane,24,5093
4242016422,Supermoon,193,0.0,2026-09-01,406151,1061530802,Supermoon,2026-09-01,Jazz,apart.RECORDS,193,0,single,9208582,H ZETTRIO,104,506
4172937432,Black Market,370,0.0,2026-09-04,472947,1036426222,Black Market,2026-09-04,Jazz,Gaya Music Production,370,6,single,582411,Samy Thiébault,22,1425
4065211471,Jubilee Feeling,255,0.0,2026-08-25,640557,998783241,Jubilee Feeling,2026-08-25,Jazz,Partisan Records,255,88,single,13882529,Ezra Collective,42,24896
4156476322,Constellation,157,0.0,2026-08-25,507705,1030080682,Constellation,2026-08-25,Jazz,Jazz Is Dead,157,10,single,305351,Adrian Younge,90,4783
4233926152,Black Box (feat. Kamasi Washington),256,0.0,2026-08-27,467485,1058263392,Black Box (feat. Kamasi Washington),2026-08-27,R&B|Soul,Young,256,14,single,2056,Erykah Badu,30,424657
4126401131,They Said It Before,213,0.0,2026-08-28,485617,1018897861,Swingin' Love Songs,2026-08-28,Jazz,Love Productions Records,2171,5,album,334415,Allan Harris,23,721
4020342181,Aria II,227,0.0,2026-08-28,491566,982291221,Leave That In There,2026-08-28,Jazz,Artwork Records,2347,300,album,5150543,Sullivan Fortner,16,1526
4173620572,EXiT,173,0.0,2026-07-31,490786,1036706152,WHO ASKED?,2026-07-31,Jazz,Blue Note Records,3217,1246,album,165408677,DOMi & JD BECK,4,8242
4117735461,Central Park West,364,0.0,2026-09-18,430706,1015580641,Dedicated To You,2026-09-18,Jazz,Marsalis Music/Blue Note Records,4476,62,album,71756,Branford Marsalis Quartet,22,4302
4145054632,Don’t You Want Me,276,0.0,2026-10-02,572451,1025639932,Synonym,2026-10-02,R&B,Blue Note Records,3715,277,album,265315,Meshell Ndegeocello,44,23230
3990772601,Mandala,246,0.0,2026-08-07,467248,971569621,Joyce e Tutty Moreno JID027,2026-08-07,Musique brésilienne,Jazz Is Dead,1725,138,album,413673,Joyce Moreno,26,2968
4164550242,潮起潮落 Ebb and Flow,175,0.0,2026-08-06,503726,1033315302,潮起潮落 Ebb and Flow,2026-08-06,Jazz,Sony Music Entertainment,175,0,single,232747691,Strucky Yi,15,8
4192716322,Estate,261,0.0,2026-08-07,493958,1042609492,Estate,2026-08-07,Jazz,Universal Music Division Decca Records France,261,134,single,17224,Thomas Dutronc,28,206985
4206715992,Ramat Gan,636,0.0,2026-08-07,446984,1047375122,Omer Avital & His Band Of The East,2026-08-07,Jazz,Zamzama Records,4560,30,album,1342084,Omer Avital,34,10967
4056972451,Throw Something,307,0.0,2026-08-07,439107,995787751,What Does It Take to Bloom?,2026-08-07,Jazz,"Salon Africana, Inc.",3020,29,album,77576882,Somi,18,994
4082335971,EYE LEVEL,189,0.0,2026-07-10,463437,1003880411,FATHERS,2026-07-10,Jazz,Blue Note Records,1634,524,album,540808,Nate Smith,22,4558
4160428542,Dreamland Sirocco,224,0.0,2026-07-31,419757,1031646912,Dreamland Sirocco,2026-07-31,Jazz,Tuba French Touch / Halton Road / Ipanema Music,224,21,single,7356534,Thomas Leleu,14,1164
4128523521,dancing shadow,148,0.0,2026-07-24,393995,1019635061,dancing shadow,2026-07-24,Jazz,Tiny Records,148,2,single,410763,Greg Spero,253,621
4112792781,Dodeca Blues,223,0.0,2026-07-24,375771,1014046251,Dodeca Blues,2026-07-24,Jazz,Prisma Music,223,5,single,6958901,Ghali hadefi,30,20
4045831731,Water World,272,0.0,2026-07-31,463803,991614141,Water World,2026-07-31,Jazz,Zennez Records,528,2,single,49529702,Sjoerd van Eijck,8,6
4048655361,A Pufferfish Kind of Day,112,0.0,2026-07-31,460644,992568061,A Pufferfish Kind of Day,2026-07-31,Jazz,Davide Perico,112,1,single,6483733,Davide Perico,154,80
4096667631,there will never be another you,171,0.0,2026-07-31,451489,1008892031,there will never be another you,2026-07-31,Jazz,Frankie June,171,0,single,242541031,Frankie June,18,10
4060987731,The Luckiest In The World,382,0.0,2026-07-31,445244,997159331,The Luckiest In The World,2026-07-31,Jazz,Resensitize Records,382,0,single,10499069,Monika Ryan,36,15
4081958571,Lucifer,341,0.0,2026-07-27,364439,1003720871,Tino`s Tribute,2026-07-27,Jazz,Rewire Music,3720,2,album,159974,Tino Contreras,35,339
4158196972,S.C.P. (Sottofondo con pianoforte) (Rework),222,0.0,2026-07-31,383070,1030748422,S.C.P. (Sottofondo con pianoforte) (Rework),2026-07-31,Jazz,CAM Sugar,222,3,single,52752892,Béesau,31,6279
4017316871,A Radical's Love,332,0.0,2026-07-31,442529,981343961,A Radical's Love,2026-07-31,Jazz,Motema,332,0,single,215669,Stefon Harris,35,819
3299231261,Never Lost,263,0.0,2025-07-11,416699,734436771,Tuff Times Never Last,2025-07-11,Jazz|R&B,Brownswood Recordings,2973,5215,album,12002350,Kokoroko,29,27962
3354607371,Numero Uno,252,0.0,2025-09-05,379733,752705721,MALIK,2025-09-05,Jazz|Soul,Cashmere Thoughts,2995,1794,album,433795,Venna,14,3083
3556917371,ROSE PISCINE,208,0.0,2025-10-03,395500,821790281,ROSE PISCINE,2025-10-03,Jazz,DEMAIN,208,46,single,132137502,VEEKO,8,1283
3558188291,Une fleur et des papillons,332,0.0,2025-11-07,446133,822283111,Une fleur et des papillons,2025-11-07,Electro|Jazz,Out Of (The) Blue / La Belle Kaki,2340,944,album,52752892,Béesau,31,6279
3509403491,Say Less,319,0.0,2025-08-22,261547,805192631,Code Derivation,2025-08-22,Jazz,Loma Vista Recordings,3468,1134,album,215702,Robert Glasper,31,43536
3629948872,Amami (feat. Minami Kizuki),324,0.0,2025-11-19,421320,847441972,Amami (feat. Minami Kizuki),2025-11-19,Jazz,Brownswood Recordings,324,234,single,10918548,Yussef Dayes,26,29881
3107352571,muffled screams,925,0.0,2025-01-31,156094,674127201,honey from a winter stone,2025-01-17,Jazz,Nonesuch,4478,713,album,648200,Ambrose Akinmusire,23,6728
3378319571,Roulette,459,0.0,2025-10-03,232017,760560921,Roulette,2025-10-03,Jazz,Sekito,3186,1546,album,4660257,Alfa Mist,30,25779
3138211511,The Smile of the Snake,327,0.0,2025-02-28,158164,682667541,ARBORESQUE,2025-02-28,Jazz,Blue Note Records,2589,615,album,109573432,ARTEMIS,12,774
3199910741,"Salinda, la fille aux yeux de sel",218,0.0,2025-03-21,279201,702129231,La femme aux yeux de sel,2025-03-21,Jazz,Masterworks,3030,4216,album,8793928,Gabi Hartmann,20,14934
3288208061,Spiral Dance,501,0.0,2025-03-28,199781,730683361,Belonging,2025-03-28,Jazz,"Marsalis Music, LLC/Blue Note Records",3771,639,album,71756,Branford Marsalis Quartet,22,4302
3193678781,A Visit to Reality,264,0.0,2025-04-04,305823,700256861,Poems for Travellers,2025-04-04,Jazz,SKIP Records,3424,1080,album,5232933,Emil Brandqvist Trio,20,3459
3089561181,Strive,352,0.0,2025-04-04,173941,669579351,Radio Paradise,2025-04-04,Jazz,Naive,2576,590,album,16876,Yaron Herman,22,8478
3329847001,I Don't Know Why (I Just Do),224,0.0,2025-04-25,280132,744190611,Still Blooming,2025-04-25,Jazz,Decca (UMO),2385,3021,album,1370672,Jeff Goldblum & the Mildred Snitzer Orchestra,33,9720
3244912841,3 Colors,172,0.0,2025-05-02,137445,716743171,Solo: Miniatures & Tales,2025-05-02,Classique|Jazz,Naive,2806,500,album,5181414,Shai Maestro,19,8047
3309786591,Look For The Silver Lining,214,0.0,2025-05-16,159627,737557961,Chet Baker Re:imagined,2025-05-16,Jazz,Decca (UMO),3109,225,album,5202837,Joel Culpepper,13,3858
3264777681,Intro : A Heart's Desires,76,0.0,2025-05-23,145642,722917091,Promises,2025-05-23,Jazz,Art District Music,2253,745,album,83808302,Estelle Perrault,6,583
3179308051,Iniziò,194,0.0,2025-05-24,171046,695700071,Nidi di Note,2025-06-20,Jazz,Tuk Music,2697,248,album,76404,Paolo Fresu,110,14438
3391485451,Give Me The Simple Life,151,0.0,2025-06-06,195648,764764601,Lush Life: The Lost Sinatra Arrangements,2025-06-06,Jazz,Seth MacFarlane New LP 2025,2251,314,album,981171,Seth MacFarlane,24,5093
3328022561,Beginning to See the Light,313,0.0,2025-06-13,141935,743564541,Elemental,2025-06-13,Jazz,Mack Avenue Records,2815,278,album,14864,Dee Dee Bridgewater,36,32895
3308606611,Umbra,192,0.0,2025-06-20,402535,737190571,Necessary Fictions,2025-06-20,Electro,XXIM Records,2926,3290,album,4052492,GoGo Penguin,20,48812
3257446051,prelude 3,140,0.0,2025-06-13,136995,720616601,Dream Manifest,2025-06-13,Jazz,Dom Recs,2466,596,album,1079222,Theo Croker,36,4633
3363442061,Whodunit,257,0.0,2025-08-29,156591,755610721,88888888,2025-08-29,Jazz,Naive,2279,365,album,1039907,Rémi Panossian Trio,11,3351
3377738671,The Edge (Intro),146,0.0,2025-08-29,313610,760420981,Atlantis,2025-08-29,Jazz,Jusqu'à la nuit,2623,2392,album,151678,Anne Paceo,27,12607
3453708121,Estate,330,0.0,2025-09-05,322562,785974581,ITALIA,2025-09-05,Jazz,earMUSIC,3876,1696,album,75414,Till Brönner,33,21386
3390618561,FREEDOM JAZZ DANCE,229,0.0,2025-09-12,138700,764465361,CREAM,2025-09-12,Rap/Hip Hop|Jazz,Warp Records,2176,476,album,5205364,Kassa Overall,16,1046
3514614061,undo my eyes,183,0.0,2025-09-19,154112,807016901,spirit,2025-09-19,,R&R Digital,1937,190,album,8895242,Cktrl,18,735
3402452581,La Sultane,282,0.0,2025-10-10,296415,768489781,La Sultane,2025-10-10,Jazz,[PIAS] Recordings France,3050,2180,album,211413,André Manoukian,11,22170
3566846561,Rose Fragrance,184,0.0,2025-11-14,355066,825362921,Shiraz ,2025-11-14,Jazz,ACT Music,3070,2138,album,353454,Dhafer Youssef,17,33603
3554462241,Throw it Away,282,0.0,2025-11-11,296189,820786431,sMiLes,2025-11-11,Jazz,Bash! Village Records,3414,781,album,1139837,Jowee Omicil,44,2618
3200966501,Got Myself A Good Man,345,0.0,2025-01-31,96515,702411211,Jazz Dispensary & Fords Gin Present: The Negroni Sessions,2025-01-31,Jazz,Craft Recordings,2440,251,album,450614,Pucho And The Latin Soul Brothers,8,103
3079931411,Southern Nights,337,0.0,2025-02-14,176925,666973291,Southern Nights,2025-02-14,Jazz,Artwork Records,2952,698,album,5150543,Sullivan Fortner,16,1526
3134516271,Petit Matin,355,0.0,2025-02-07,215477,681731861,BelleJazzClub (Vol. 1),2025-07-02,Jazz,Naive,1715,827,album,7950732,Adrien Soleiman,12,1781
3115016981,Come Rain or Come Shine,215,0.0,2025-02-14,121319,676242691,Some Other Time: 60 Years of Monica Zetterlund & Bill Evans - Waltz for Debby,2025-02-14,,ACT Music,1707,176,album,142025352,Anna Gréta,7,161
3181052951,Dialogue I (Live),548,0.0,2025-02-14,103150,696277881,Live at Mu,2025-02-14,Jazz,Maps For Getting Lost,2744,60,album,13048709,Yusuf Ahmed,6,60
3196419661,Moon Inhabitants,307,0.0,2025-02-21,138443,701143761,Moon Inhabitants,2025-02-21,Jazz,Sunnyside,3373,83,album,1022689,Russ Lossing,23,73
3205760201,Stan's Mood,282,0.0,2025-02-21,10008,716444331,Ballads,2025-02-21,Jazz,Chill Tone Records,2258,12,album,1022255,Noah Preminger,30,261
3186519541,Belle-Île-En-Mer,230,0.0,2025-03-28,239331,698094871,Mare Nostrum IV,2025-03-28,Jazz,ACT Music,2788,878,album,7888,Richard Galliano,67,23426
3288209861,Seagulls,103,0.0,2025-03-28,183419,730683791,Letters From The Atlantic,2025-03-28,Jazz,Concord Jazz,2533,704,album,6823977,Butcher Brown,43,3605
3329764691,Birdly Serenade,323,0.0,2025-04-25,88561,744164121,Birdly Serenade,2025-04-25,Jazz,Impulse!,3670,203,album,1335347,David Murray Quartet,6,65
3148970081,Drought (Live),563,0.0,2025-04-25,10027,848289122,"Live at Slugs', Volume I & II",2025-04-25,Jazz,Mack Avenue Records,6567,12,album,207620,Charles Tolliver,14,315
3299502931,The Burning Roads,361,0.0,2025-04-25,188682,734523591,"Requiem for a Nomad King, Vol.1",2025-04-25,Jazz,The Vault,2389,231,album,10079176,Benjamin Petit,11,281
3327267701,"Are We there Yet (Live in Paris at the Sunside - June 13, 2024)",263,0.0,2025-05-16,66521,743316171,Are We There Yet (Live at the Sunside),2025-05-23,Jazz,Bonsaï Music,3608,168,album,157864,Ben Sidran,49,2435
3228832671,Prelude: Expansion,95,0.0,2025-05-23,141541,711480401,Expanding To One,2025-05-23,Jazz,Gondwana Records,3705,525,album,84881942,Phi-Psonics,4,386
3346814821,"Une Histoire à Trois (Music from ""Une histoire à soi"")",231,0.0,2025-05-23,178987,750010891,Poets of Forest,2025-05-23,Jazz,Samana Production,1632,431,album,5609413,Arnaud Dolmen,26,1307
3401801821,Reckoning,125,0.0,2025-06-13,167869,768244941,Gadabout Season,2025-06-13,Jazz,Impulse!,2558,541,album,4684435,Brandee Younger,23,2296
3311199681,A Message To Unsend,309,0.0,2025-06-20,219538,738070151,Words Fall Short,2025-06-20,Jazz,Blue Note Records,2727,1266,album,16007,Joshua Redman,42,26962
3401798581,Breathing Underwater,136,0.0,2025-06-13,226608,768244471,Let Go,2025-06-13,Jazz,Loma Vista Recordings,3534,813,album,215702,Robert Glasper,31,43536
3321265831,"The Summer Knows (Theme from ""Summer of '42"")",244,0.0,2025-06-27,127704,741203451,Le grand Michel [A Journey With Michel Legrand],2025-06-27,Jazz,Bonsaï Music,3225,458,album,984154,Giovanni Ceccarelli,16,209
3336352511,Presence,488,0.0,2025-06-27,105516,746461531,Sound Remains,2025-06-27,Jazz,Whirlwind Recordings,3326,112,album,1673306,Rez Abbasi,19,250
3413847051,Grana Od Bora,371,0.0,2025-07-04,323720,772229251,Sou Kora,2025-07-04,Jazz,No Format!,2056,3115,album,152610,Ballaké Sissoko,33,26211
3193547161,Sub City,311,0.0,2025-02-07,117561,700206961,Fervency,2025-02-07,Jazz,Masterworks,3355,210,album,6762255,Pasquale Grasso,22,1226
3243608231,"Hey World, Here I Am! (Intro)",36,0.0,2025-07-18,123084,716326081,Bitter Orange,2025-07-18,Jazz,La Reserve Records,2261,185,album,5059648,Emma Smith,27,503
3294485001,Depois do Amor,202,0.0,2025-07-25,141080,732731851,Samantha & Adrian,2025-07-25,Musique brésilienne,Linear Labs,2123,236,album,305351,Adrian Younge,90,4783
3520025371,Moon River (Instrumental),267,0.0,2025-08-29,71979,808836801,Moon River,2025-08-29,Jazz,Decca (UMO),965,160,ep,1370672,Jeff Goldblum & the Mildred Snitzer Orchestra,33,9720
3432167511,Another Time,302,0.0,2025-09-12,97210,778616251,IBUKA,2025-09-12,Jazz,Music Connection,2474,45,album,12645599,Ineza,18,32
3379000591,Aviary I | Sunrise,707,0.0,2025-09-12,82706,760782731,Environments,2025-09-12,Alternative,Anti/Epitaph,3175,65,album,4019100,Rafiq Bhatia,8,415
3313843581,Mariposa,158,0.0,2025-09-12,21707,1024990351,Cicero Nights,2025-09-12,Jazz,DeepMatter Records,1374,35,album,316802611,Blue Earth Sound,5,84
3458629621,Words,408,0.0,2025-09-12,72667,787724541,Teasing Reflections,2025-09-12,Jazz,ECN Music,2747,20,album,1227241,Brigitte Beraha,14,26
3468982861,Rebirth,213,0.0,2025-09-19,122164,791112931,Continuation,2025-09-19,Electro|Jazz,Folded Music,2062,175,album,10268614,Asta Hiroki,36,966
3439559081,All I Can Say of the Blossoms,342,0.0,2025-09-26,168578,781139771,It's Always About Love,2025-09-26,Jazz,Gondwana Records,2385,291,album,84161302,Ancient Infinity Orchestra,3,339
3529777811,Primo Tema,377,0.0,2025-09-26,76162,812067191,LA DIMORA DELL'ALTROVE- TWO THEMES AND VARIATIONS,2025-09-26,Jazz,Diggers Factory,2259,41,album,6153196,Luigi Grasso,8,103
3384806481,Le Cabinet des Énigmes,347,0.0,2025-09-26,251356,762708201,Living Being IV (Time Reflections),2025-09-26,Jazz,ACT Music,3593,2213,album,4658553,Vincent Peirani,33,13842
3381291811,SILENT PATH (EMERGENCE),409,0.0,2025-10-10,392136,761484721,LE RYTHME DU SILENCE,2025-10-10,Jazz,Komos,3082,2898,album,132964,Yom,26,23266
3417635731,A demain,299,0.0,2025-10-10,115807,773525751,BRIBES,2025-10-10,Jazz,PeeWee!,3093,166,album,169238807,Pierre Carbonneaux,1,37
3452185641,Amber's Ballad,243,0.0,2025-10-17,265984,785470141,The Getdown,2025-10-17,Jazz,Artwork Records,2534,722,album,347411601,The Getdown,4,242
3590043981,Trust,310,0.0,2025-11-07,110327,833702341,Trust,2025-11-07,Jazz,Prophone Records,3797,121,album,7599248,Trio X of Sweden,11,237
3503456781,Oh Morning Light,255,0.0,2025-11-07,110240,803090951,Open Every Window,2025-11-07,Jazz,Prophone Records,2502,118,album,340604981,Isabel Berglund,3,13
3592261652,A Prayer for Peace,174,0.0,2025-11-14,192698,834446382,Play,2025-10-31,Jazz,ACT Music,2604,452,album,1079222,Theo Croker,36,4633
3551890051,Poems Will Make You Sing,165,0.0,2025-11-14,184519,819878301,Poems for Dance,2025-11-14,Jazz,Label Bleu,3054,267,album,54782,Ji Dru,6,734
2645344562,Oyster Jam,157,0.0,2024-02-23,517204,542582372,Oyster Jam,2024-02-23,Jazz,Délicieuse Records,157,56,single,198397247,dublon,26,1536
2201406577,jazz is for ordinary people,164,0.0,2023-04-07,629436,420026227,jazz is for ordinary people,2023-04-07,Electro,berlioz,164,871,single,208429867,Berlioz,11,24486
3346101471,⁠Apt To Sidewalk Stand,204,0.0,2025-10-10,443615,749813821,How To Dance Freely Without Social Anxiety,2025-10-10,Electro|Techno/House|Dance,Delicieuse Records,1541,17,album,194741637,Tar Blanche,16,105
3594266602,Endless Sensation,179,0.0,2025-11-07,430680,835100502,Endless Sensation,2025-11-07,Electro|Techno/House,Egoplanet,179,5,single,322100061,Luke Gambini,10,6
3301173931,Tappan Z,154,0.0,2025-05-30,442475,735170741,Tappan Z,2025-05-30,Dance,Egoplanet,154,7,single,5099413,Jimmy Q,21,44
3252491241,Salve,193,0.0,2025-04-18,416402,719172871,Nectar,2025-04-18,Electro|Techno/House,Délicieuse Records,1227,586,ep,198397247,dublon,26,1536
3580002371,Tropical Luxury,237,0.0,2026-02-27,443642,830080101,Wind Flow,2026-02-27,Electro|Techno/House,Egoplanet,2200,12,album,12153266,Juando,28,93
3194303091,Highway (Teuteu Remix),153,0.0,2025-02-28,460388,700446561,Highway (Teuteu Remix),2025-02-28,Electro|Techno/House|Dance,Jazz Alley,153,9,single,7584726,Michael Benedikt,65,65
3607518162,Reset,152,0.0,2025-11-21,388682,839784712,Reset,2025-11-21,Electro|Techno/House|Dance,Egoplanet,152,2,single,384153501,DAWSON,7,25
3475937771,Ventura,275,0.0,2025-10-01,428990,793486221,Ventura,2025-10-01,Electro|Techno/House,Egoplanet,275,2,single,337051131,MARINI,8,16
3634058032,thoughts of blue,177,0.0,2025-11-15,8951,864651132,thoughts of blue,2025-11-15,Electro|Techno/House|Dance,Egoplanet,176,2,single,339948711,fyodor,10,103
2874313762,Evolution,118,0.0,2024-07-26,504191,610266042,Evolution,2024-07-26,Jazz,Délicieuse Records,118,94,single,198397247,dublon,26,1536
3594144382,Drowned in Blue,178,0.0,2025-11-07,409670,835057722,Drowned in Blue,2025-11-07,Electro,Délicieuse Records,178,2,single,4231417,Godblesscomputers,32,2171
3340602131,Skylight,161,0.0,2025-06-05,398306,747895801,Skylight,2025-06-05,,Egoplanet,161,2,single,234775451,Twill Street,21,24
3575010911,Captain Hosa,213,0.0,2026-01-16,378048,828191911,Boleta,2026-01-16,Electro|Techno/House|Dance,Egoplanet,845,6,ep,14215419,Aguava,57,64
3421562791,New Day,193,0.0,2025-08-26,364323,774903431,New Day,2025-08-26,Electro|Techno/House|Dance,Egoplanet,193,2,single,11148404,Ajmw,24,480
3580002391,Orchid Design Studio,221,0.0,2026-02-27,403697,830080101,Wind Flow,2026-02-27,Electro|Techno/House,Egoplanet,2200,12,album,12153266,Juando,28,93
3271702111,Jazz Feel,154,0.0,2025-03-28,426009,725140161,Jazz Feel,2025-03-28,Electro|Techno/House,Délicieuse Records,154,4,single,4231417,Godblesscomputers,32,2171
3583490111,"Feel Everything, All at Once",292,0.0,2025-11-06,361423,831297111,"Feel Everything, All at Once",2025-11-06,Electro,Noire & Blanche,292,0,single,6410316,Kareem Ali,80,486
3318712771,"Girl, I Need You",274,0.0,2025-06-11,366740,740612281,"Girl, I Need You",2025-06-11,Electro,Egoplanet,274,3,single,287097201,Flying Moth,12,109
3626031522,Serenade,213,0.0,2025-11-28,370201,846184312,Serenade,2025-11-28,Dance,Egoplanet,213,1,single,310753,Gaston,42,1996
2710014662,Weak (Mav's Version),164,0.0,2024-03-22,384827,561793872,Weak (Mav's Version),2024-03-22,Soul,Vintage Culture,366,36,single,4782876,Vintage Culture,196,531663
3548177461,Parallel,172,0.0,2025-10-15,371459,818647151,Parallel,2025-10-15,Electro|Techno/House|Dance,Egoplanet,172,5,single,384153501,DAWSON,7,25
3461116571,Nightshade,259,0.0,2025-10-31,334597,788455101,Nocturne,2025-10-31,Electro|Techno/House,Egoplanet,1326,7,ep,337051131,MARINI,8,16
1295835892,Uważaj Jak Tańczysz,214,0.0,2021-04-29,427995,218607442,Ostatni Dzień Lata,2021-04-29,Electro|Chill Out/Trip-Hop/Lounge,The Very Polish Cut Outs,2672,143,album,78839002,Pejzaż,15,206
3374492801,Gloria,151,0.0,2025-06-18,409769,759353441,Gloria,2025-06-18,Electro|Techno/House|Dance|Jazz,Egoplanet,151,11,single,384153501,DAWSON,7,25
3455726041,Mars,283,0.0,2025-11-07,351299,786621471,Orbits,2025-11-07,Electro,Noire & Blanche,1619,18,ep,93691022,Soulstatejazz,6,74
3368816301,Every Night I Dream Of Catching Trains,310,0.0,2025-07-18,333495,757343311,Azura,2025-07-18,Electro,Noire & Blanche,1358,8,ep,5524429,Edmondson,27,136
3445425811,Turn Turn Turn,221,0.0,2025-08-27,356805,783013891,Turn Turn Turn,2025-08-27,Electro|Techno/House|Dance,Egoplanet,221,6,single,9991816,Melle Jutte,24,91
3221070751,Yemanjá (Tar Blanche Remix),253,0.0,2025-04-11,365795,709036301,Yemanjá (Tar Blanche Remix),2025-04-11,Musique brésilienne|Jazz,Hip Dozer,253,6,single,6870537,Sreya,22,139
1704229307,Floating on Silence,381,0.0,2022-05-13,393224,307319697,Floating on Silence,2022-05-13,Electro|Techno/House,Noire & Blanche,381,29,single,11616041,Tour-Maubourg,67,2358
3472238001,Quartz,348,0.0,2025-08-27,347427,792237271,Quartz,2025-08-27,Electro|Techno/House,Délicieuse Records,348,6,single,13830803,Teuteu,31,619
3525921291,Fugazi,356,0.0,2025-09-18,334080,810896401,Fugazi,2025-09-18,Electro|Techno/House,Egoplanet,356,3,single,292009771,Lamchopz,12,282
3176849991,As If,143,0.0,2025-02-14,378456,694972561,As If,2025-02-14,Jazz,Délicieuse Records,143,22,single,198397247,dublon,26,1536
2643678552,Between Us,174,0.0,2024-03-07,371930,542136132,A place between us,2024-03-07,Jazz,Current Moves,1630,613,album,90673462,Okvsho,20,1488
3499426551,One Night,236,0.0,2025-09-25,341514,801831501,One Night,2025-09-25,Electro|Jazz,Egoplanet,236,2,single,238787011,Milan93,23,79
834721722,Kindness,156,0.0,2020-01-31,349313,123458832,Kindness,2020-01-31,Rap/Hip Hop,HNNY,156,93,single,2710131,HNNY,22,6971
632333762,Opendoors,162,0.0,2019-05-03,477943,87284632,Honeycomb,2019-05-03,R&B|Soul,Tartelet Records,2323,1321,album,5345989,Jitwam,43,2025
3401313311,Cosmic Future,232,0.0,2025-08-29,358108,768069221,Cosmic Club,2025-08-29,Electro,Egoplanet,969,5,ep,7891850,YSV,31,3
3397763291,pinot noir,137,0.0,2025-07-10,326406,766883531,pinot noir,2025-07-10,Electro|Techno/House,Egoplanet,137,11,single,271222492,the wine is ok,20,685
3491991261,Lola (Edmondson's Alpilles Air Remix),315,0.0,2025-10-01,333489,799413661,Lola (Edmondson's Alpilles Air Remix),2025-10-01,Electro|Dance|Jazz|Jazz instrumental,Hip Dozer,315,1,single,125850652,Tremendous Aron,32,180
2863848842,No More,357,0.0,2017-11-25,384413,606805722,Saint Amour,2017-11-25,Electro|Techno/House,AOC Records,1975,198,ep,6055914,Bellaire,42,20647
3250530321,Waving,176,0.0,2025-05-09,316710,718561261,Waving,2025-05-09,Electro,Délicieuse Records,176,3,single,4231417,Godblesscomputers,32,2171
3147685321,Uniformity,170,0.0,2025-04-16,300783,685405651,Uniformity,2025-04-16,Electro|Techno/House|Dance,Egoplanet,170,1,single,238787011,Milan93,23,79
3051170191,Beauty In Imperfection,143,0.0,2024-11-28,417585,658516731,Beauty In Imperfection,2024-11-28,Electro|Techno/House,Egoplanet,143,7,single,415004162,Gabriel,13,0
3374071591,Midnight On The 52nd,174,0.0,2025-07-25,369214,759224261,Midnight On The 52nd,2025-07-25,Electro,Egoplanet,174,1,single,5247362,Tullio,122,333
3615716102,Mirage,164,0.0,2025-11-26,307045,842604852,Mirage,2025-11-26,Dance,55 LOUNGE,164,3,single,352254152,Tom Loves Rainbows,7,23
4143553421,Moon & I,218,0.0,2026-07-31,393164,1025024611,Moon & I,2026-07-31,Jazz,Thunderlightning Recordings,218,3,single,1488378,Azekel,40,1343
4108392501,Feel So Good (Opolopo Remix),479,0.0,2026-07-31,354704,1012688891,Feel So Good (Opolopo Remix),2026-07-31,Jazz,Dome Records Ltd,1616,5,ep,11641,Down to the Bone,21,4622
3950295381,Three Years Later,271,0.0,2026-07-31,424961,957551521,Peace Anthems,2026-07-31,Pop,Red Hook Records,2048,28,album,6870285,Qasim Naqvi,17,249
4146023342,LOOK TO THE SKY,409,0.0,2026-07-29,345577,1026012412,LOOK TO THE SKY / SHE F*CK WITH THE RACKS,2026-07-29,R&B|R&B contemporain,Candid,599,0,single,13501589,Zacchae'us Paul,23,43
3983762841,Riddim Song,279,0.0,2026-07-31,343419,968966021,Trip the Night Fantastic,2026-07-31,Jazz,Candid,3887,100,album,880143,Terri Lyne Carrington,39,3287
4150580112,"Asleep, A Dream (Radio Edit)",211,0.0,2026-07-30,342253,1027877672,"Asleep, A Dream (Radio Edit)",2026-07-30,Jazz,Albert's Favourites,608,3,single,336444,Scrimshire,66,837
3734267602,Affection,368,0.0,2026-07-26,343751,883133202,Affection,2026-07-26,Jazz,SS,368,2,single,5249840,Augusto Mattoso,25,14
4125680361,What A Wonderful World,294,0.0,2026-07-29,368665,1018599771,What A Wonderful World,2026-07-29,Jazz,"Venus Records, Inc.",3009,1,album,400821211,Vladimir Shafranov Japan Trio,1,1
3935165351,Drum Song for Chino,394,0.0,2026-07-31,400168,952272681,Hancestry,2026-07-31,Jazz,Music Connection,2633,11,album,52320142,The Solomon Gundy Band,4,4
4158225382,hey hey,213,0.0,2026-07-31,388022,1030758252,hey hey,2026-07-31,Rap/Hip Hop|Soul,King Dada Sounds,213,13,single,1330,One Self,16,3206
4160601902,"Only, Then",352,0.0,2026-07-31,381832,1031719802,"Only, Then",2026-07-31,Alternative,Tristan de Liege,352,1,single,1227246,Obscured By Clouds,4,211
4108939451,VIII. Colorida,327,0.0,2026-07-30,320397,1012820341,Colorida,2026-07-30,Musique brésilienne|Jazz,YB Music,327,0,single,152291662,Stephanie Borgani,9,17
4155971072,Mandrake Root (A Tribute To Jon),193,0.0,2026-07-28,388343,1029881502,Mandrake Root (A Tribute To Jon),2026-07-28,Jazz,Acid Jazz UK,378,0,single,361999502,Steve White Trio,4,16
4112823561,Valse Folle,222,0.0,2026-07-31,374381,1014059391,Valse Folle,2026-07-31,Jazz,Fine Music,811,3,single,134666,Quadro Nuevo,7,2809
3950948151,Monsieur Charpentier Raises the Curtain,107,0.0,2026-07-31,315271,957809991,Jazz at Berlin Philharmonic XVIII: Jazz Goes Baroque,2026-07-31,Jazz,ACT Music,2436,50,album,181936,Bernd Lhotzky,19,46
4014464541,Hello!,495,0.0,2026-07-31,359091,980457341,Hello!,2026-07-31,Jazz,North Texas Jazz,495,0,single,13536571,Two O'Clock Lab Band,10,2
4078141351,Cheffrey's Place,229,0.0,2026-07-29,332546,1002572901,Cheffrey's Place,2026-07-29,Jazz,Adhyâropa Records,229,0,single,3437491,Sam Sadigursky,24,21
4075382421,Hanerot (Live),221,0.0,2026-07-27,300635,1001615001,Hanerot (Live),2026-07-27,Jazz,Adhyâropa Records,221,1,single,5115955,Meg Okura,12,23
4129548591,Le Map Pale,186,0.0,2026-07-31,78960,1024982901,Soul Jazz Records presents RARA IN HAITI: Street Music Of Haiti,2026-07-17,Alternative,Soul Jazz Records,2245,4,album,9251718,Rara Group,0,2
4049819851,The Blessing,657,0.0,2026-07-24,303710,992999511,Sangam & Friends,2026-07-24,Jazz,Blue Note Records,2718,115,album,14645,Charles Lloyd,49,4860
4117735451,They Say It’s Wonderful,388,0.0,2026-09-18,343992,1015580641,Dedicated To You,2026-09-18,Jazz,Marsalis Music/Blue Note Records,4476,62,album,71756,Branford Marsalis Quartet,22,4302
4165256012,"Ice Water (From ""Camp Snoopy"")",143,0.0,2026-07-24,451037,1033553242,"Ice Water (From ""Camp Snoopy"")",2026-07-24,Jeunesse|Films/Jeux vidéo|Musiques de films,Peanuts Worldwide LLC,143,32,single,270831,Mayer Hawthorne,22,39423
4155115692,One Day Away,235,0.0,2026-07-22,393605,1029569892,One Day Away,2026-07-22,Rock|Blues,Concord Records,235,52,single,69959,Keb' Mo',47,100236
4158161782,Proud of Me,141,0.0,2026-07-21,326166,1030739712,Proud of Me,2026-07-21,Soul,Linear Labs,141,9,single,7471084,ALA.NI,23,10508
4096613791,One Day I'll Fly Away (Live),403,0.0,2026-08-28,343894,1008877171,Nils Landgren 70 - Jazz at Berlin Philharmonic XIX,2026-08-28,Jazz,ACT Music,4300,81,album,194088,Nils Landgren,57,11895
4078818001,The Nearness Of You,351,0.0,2026-07-24,306657,1002785641,The Nearness Of You,2026-07-24,Jazz,Candid,711,14,single,4116,Lizz Wright,16,24405
3959616431,Bem Querer,221,0.0,2026-07-24,384748,961159741,Curió Curió,2026-07-24,Musique brésilienne,Mr Bongo,2260,300,album,292471041,Curio Curio,5,106
4136196381,UK Rain,266,0.0,2026-07-17,485595,1022488511,UK Rain,2026-07-17,Jazz,Masterworks,266,6,single,14960533,Léon Phal,26,3035
4144923622,Bowling Ball,248,0.0,2026-07-17,356659,1025582392,Bowling Ball,2026-07-17,Jazz,Fontana,248,10,single,132827522,Knats,12,325
3497616741,Secrets,199,0.0,2025-09-04,339087,801270201,Secrets,2025-09-04,Electro|Techno/House|Dance,Egoplanet,199,4,single,384153501,DAWSON,7,25
3156154961,Pollen,120,0.0,2025-01-17,392553,687821211,Pollen,2025-01-17,Jazz,Délicieuse Records,120,35,single,198397247,dublon,26,1536
2748889241,peace,219,0.0,2024-07-12,509745,572668161,open this wall,2024-07-12,Dance,berlioz,2076,10818,album,208429867,Berlioz,11,24486
3294443681,Spec,206,0.0,2025-05-02,311847,732717261,Spec,2025-05-02,Electro|Techno/House,Délicieuse Records,206,6,single,13830803,Teuteu,31,619
3596470532,Continuum,136,0.0,2025-11-13,301583,835840722,Continuum,2025-11-13,Electro|Techno/House|Dance,Egoplanet,136,1,single,415004162,Gabriel,13,0
3265872251,This Life,175,0.0,2025-05-23,250800,723288411,Mawimbi,2025-05-23,Electro,Noire & Blanche,789,13,ep,6410316,Kareem Ali,80,486
3342514731,Don't Cry (It's OK to Cry),298,0.0,2025-05-21,293680,748576591,Don't Cry (It's OK to Cry),2025-05-21,Electro|Techno/House|Dance,Egoplanet,298,2,single,253477162,Half Dead Dave,12,24
3354515751,Not Now,276,0.0,2025-07-11,276009,752683401,Serena,2025-07-11,Electro,Egoplanet,1156,7,ep,287097201,Flying Moth,12,109
3294434641,Azura,346,0.0,2025-05-14,319410,732714331,Azura,2025-05-14,Electro,Noire & Blanche,346,1,single,5524429,Edmondson,27,136
3476477391,Lights Down Low,189,0.0,2025-09-03,276823,793696231,Lights Down Low,2025-09-03,Dance,Egoplanet,189,2,single,162892967,NRMNT,81,142
354186591,Vue,358,119.84,2017-05-26,323202,40590151,Westside Movements,2017-05-26,Electro|Techno/House|Dance,Noire & Blanche,1745,359,ep,11209606,Loure,26,734
2431865205,Word To Roy,67,0.0,2023-08-30,240200,481992125,Sound In Motion,2023-08-30,Electro|Dance,CosmoFlux,1942,12,album,6410316,Kareem Ali,80,486
2168378347,deep in it,154,0.0,2023-03-10,661872,412031197,deep in it,2023-03-10,Dance,berlioz,154,1429,single,208429867,Berlioz,11,24486
3586073421,Boulevardier,202,0.0,2025-10-24,358134,832171021,Boulevardier,2025-10-24,Jazz,Crosswalk Records,202,2,single,55318012,YERE,48,75
3596472152,Duality,138,0.0,2025-10-23,288195,835841442,Duality,2025-10-23,Electro|Techno/House|Dance,Egoplanet,138,1,single,415004162,Gabriel,13,0
3244227861,Nectar,135,0.0,2025-03-07,323446,716546021,Nectar,2025-03-07,Jazz,Délicieuse Records,398,17,single,198397247,dublon,26,1536
3401030511,Rotary Club,188,0.0,2025-06-26,290513,767974401,Rotary Club,2025-06-26,Electro,Egoplanet,188,1,single,7891850,YSV,31,3
3252491271,Brush,283,0.0,2025-04-18,335471,719172871,Nectar,2025-04-18,Electro|Techno/House,Délicieuse Records,1227,586,ep,198397247,dublon,26,1536
3265326491,"Silky, Buttery, Smooth",184,0.0,2025-04-18,319905,723105881,"Silky, Buttery, Smooth",2025-04-18,Electro,Noire & Blanche,184,0,single,6410316,Kareem Ali,80,486
75411198,Lyk U Use 2,343,182.9,2014-01-27,369841,7465906,Moodymann,2014-01-27,Electro|Techno/House,Kdj Records,3614,6279,album,10234,Moodymann,18,22460
3419066251,The Backroom,171,0.0,2025-07-17,267661,774041831,The Backroom,2025-07-17,Electro,Egoplanet,171,2,single,80851522,Yambow,17,138
2420620145,nine thirty (the glow),94,0.0,2024-07-08,329476,478786135,dear dialE,2024-07-08,Rap/Hip Hop,dial who,878,350,album,11590785,Diale,18,653
3147685331,Acidjazzacid,128,0.0,2025-03-05,248595,685405661,Acidjazzacid,2025-03-05,Electro|Techno/House|Dance,Egoplanet,128,0,single,238787011,Milan93,23,79
2988291271,Tess,212,0.0,2024-10-18,332132,641372421,Tess,2024-10-18,Electro|Techno/House,Délicieuse Records,390,13,single,13830803,Teuteu,31,619
3315685581,My Heart Goes Right,315,0.0,2025-05-07,232791,739628791,My Heart Goes Right,2025-05-07,Electro,Egoplanet,315,0,single,287097201,Flying Moth,12,109
2387554975,Keep It Rising,194,0.0,2023-08-18,438018,469949355,Happy Music,2023-08-18,Electro|Dance,Beyond The Groove,2664,1746,album,9541996,SuperShy,9,1800
2650826672,On My Way,201,0.0,2003-01-01,336135,544355262,On My Way,2019-10-25,Electro|Techno/House|Dance,King Street Sounds,1419,20,ep,11389,Kerri Chandler,106,14812
3265326471,Reach Into Your Soul,214,0.0,2025-03-21,226217,723105861,Reach Into Your Soul,2025-03-21,Electro,Noire & Blanche,214,0,single,6410316,Kareem Ali,80,486
3439575721,Ripple Effect,190,0.0,2025-08-01,274862,781145141,Ripple Effect,2025-08-01,Electro|Techno/House|Dance,Egoplanet,190,11,single,384153501,DAWSON,7,25
3140888611,Mr. Particular,238,0.0,2025-02-26,263893,683371591,Mr. Particular,2025-02-26,Electro,Egoplanet,238,0,single,12153266,Juando,28,93
3247527961,Barcode,288,0.0,2025-03-26,284204,717704041,Barcode,2025-03-26,Electro|Disco,Egoplanet,288,1,single,57294802,Bård Berg,31,27
1082181362,Actually,227,0.0,2020-11-13,314788,173736402,Small Moments,2020-11-13,Electro|Dance|Disco,Rhythm Section International,2545,543,album,11409088,Dan Kye,4,946
2779213761,Does It Get Easier?,316,0.0,2024-08-30,248054,580998751,Nights Over Melbourne,2024-08-30,Electro,Noire & Blanche,1454,8,ep,5327392,Holo,77,202
3210581551,Maitri,177,0.0,2025-02-28,273534,705642231,Maitri,2025-02-28,Electro,Délicieuse Records,177,1,single,4231417,Godblesscomputers,32,2171
2697941782,Naima Blue,282,0.0,2024-03-11,307667,558621092,"13th Hour, Vol. 5",2024-03-11,Electro|Dance,Soul Wun,612,11,single,14363591,Soul Wun,18,284
3124223151,Villa Palmera,235,0.0,2025-01-17,308810,678918061,Villa Palmera,2025-01-17,Electro,Egoplanet,235,1,single,12153266,Juando,28,93
460890062,Sands of Aruba,279,117.12,2018-04-13,254459,56850942,Cerebral Hemispheres,2018-04-13,Dance,Alleviated Records,6004,1303,album,17304,Mr. Fingers,21,3763
2791873142,sea of cloud,181,0.0,2005-11-11,504361,584380342,Modal Soul,2005-11-11,Rap/Hip Hop,Hydeout Productions,3810,9942,album,1978,Nujabes,12,108482
3461587121,Lola (The Offline's Fleur Tropicale Remix),178,0.0,2025-09-05,321665,788545121,Lola (The Offline's Fleur Tropicale Remix),2025-09-05,Jazz|Soul & Funk,Hip Dozer,178,0,single,125850652,Tremendous Aron,32,180
3250465381,Um Dia (Kareem Ali Remix),206,0.0,2025-05-02,252312,718540991,Um Dia (Kareem Ali Remix),2025-05-02,Electro,Hip Dozer,206,0,single,6870537,Sreya,22,139
2856592022,SUNRISE 5000,265,0.0,2024-10-04,328889,604327272,SONGS ABOUT THE SUN,2024-10-04,Electro,Noire & Blanche,1642,18,ep,7661686,ELWD,56,164
3152559491,Yeux Vers l'Invisible,243,0.0,2025-01-31,278622,686614521,Yeux Vers l'Invisible,2025-01-31,Jazz,Delicieuse Records,243,1,single,4545051,Izzy Wise,32,100
3186109861,If You Can't Trust Your Heart,178,0.0,2025-02-07,315658,697973971,If You Can't Trust Your Heart,2025-02-07,Electro|Techno/House|Dance,Delicieuse Records,178,2,single,194741637,Tar Blanche,16,105
354186561,In the Evenings,281,119.84,2017-05-26,267869,40590151,Westside Movements,2017-05-26,Electro|Techno/House|Dance,Noire & Blanche,1745,359,ep,11209606,Loure,26,734
3496124361,Ceres,150,0.0,2025-08-25,272234,800851611,Ceres,2025-08-25,Electro|Techno/House,Egoplanet,150,2,single,280565811,Gaston,7,84
3147685361,Dogs,131,0.0,2025-02-05,219009,685405691,Dogs,2025-02-05,Electro|Techno/House|Dance,Egoplanet,131,1,single,238787011,Milan93,23,79
1205932092,Get Freaky Now (feat. Marlon) (Acid Jazz Mix),324,0.0,1992-02-14,215297,199465342,Get Freaky Now,1992-02-14,Dance,Irma Dancefloor,1333,7,ep,54568,S-tone Inc,51,1904
3276524821,Time Doesn't Wait For Me,190,0.0,2025-04-17,260042,726768221,Time Doesn't Wait For Me,2025-04-17,Electro|Techno/House,Egoplanet,190,3,single,280565811,Gaston,7,84
3140929661,Celestial Bean,275,0.0,2025-04-04,222563,683385071,Celestial Bean,2025-04-04,Electro,Egoplanet,556,1,single,253477162,Half Dead Dave,12,24
2997095541,Raining but It's Ok,228,0.0,2024-09-27,337470,644042951,Raining but It's Ok,2024-09-27,Jazz,Délicieuse Records,228,44,single,198397247,dublon,26,1536
773527892,All Blues,181,0.0,2018-09-28,236289,114422672,Broken Soul,2018-09-28,Dance,The North Quarter,2789,104,album,334980,Redeyes,67,1105
2832137922,Turn and turn.,145,0.0,2024-02-16,292058,596833492,Turn and turn.,2024-02-16,Electro|Techno/House|Dance,Delicieuse Records,145,17,single,245007992,Bolden.,30,2225
2866688432,Night Vision,208,0.0,2024-08-27,267890,607715442,Night Vision,2024-08-27,Electro,Egoplanet,208,8,single,141662922,Jason Hersco,64,103
1502699712,Evum,213,0.0,2013-11-18,224615,260875382,Electronic Music from the Swedish Left Coast,2005-09-02,Electro|Dance,Exceptional Records,6366,145,album,995456,Plej,4,1013
3575010921,Meant To Be,218,0.0,2026-01-16,283572,828191911,Boleta,2026-01-16,Electro|Techno/House|Dance,Egoplanet,845,6,ep,14215419,Aguava,57,64
2925316911,Talk to me.,103,0.0,2024-08-30,530522,622491121,Talk to me.,2024-08-30,Electro|Chill Out/Trip-Hop/Lounge|Dance,Delicieuse Records,103,239,single,245007992,Bolden.,30,2225
3090877431,Naughty in da House,196,0.0,2025-01-16,270338,669857641,Naughty in da House,2025-01-16,Electro|Techno/House|Dance,Egoplanet,196,0,single,170625,Sweg,5,13
3248294021,CPH,125,0.0,2025-03-28,277599,717930561,CPH,2025-03-28,Jazz,Délicieuse Records,523,34,ep,198397247,dublon,26,1536
3040061161,Deja Vu,125,0.0,2024-11-07,263608,655008571,Deja Vu,2024-11-07,Jazz,Délicieuse Records,125,23,single,198397247,dublon,26,1536
2779213751,Blanc,378,0.0,2024-08-30,328258,580998751,Nights Over Melbourne,2024-08-30,Electro,Noire & Blanche,1454,8,ep,5327392,Holo,77,202
3190459871,Foolish Romance,152,0.0,2025-03-07,211069,699186181,Foolish Romance,2025-03-07,Electro,Egoplanet,152,0,single,70434282,Qwenty,35,50
1090545992,78 To Stanley Bay,307,0.0,2013-11-04,358754,175538902,816 To Nunhead,2013-11-04,Electro|Techno/House|Dance,Chaos In The CBD,686,121,ep,1362234,Chaos In the CBD,35,4199
812197472,Don’t Let Get You Down,276,0.0,2020-02-28,274849,119682522,Don’t Let Get You Down,2020-02-28,Electro,Brainfeeder,3095,403,album,13655325,Wajatta,11,446
3443503551,Horizons,228,0.0,2025-07-30,279005,782416061,Horizons,2025-07-30,Electro|Techno/House|Dance,Egoplanet,228,0,single,9991816,Melle Jutte,24,91
3172221171,Why they fly.,104,0.0,2025-02-28,273481,693452931,Why they fly.,2025-02-28,Electro|Chill Out/Trip-Hop/Lounge|Jazz,Delicieuse Records,104,14,single,245007992,Bolden.,30,2225
2772422331,Lola,180,0.0,2024-05-29,574234,579423231,Lola,2024-05-29,Jazz,Hip Dozer,180,30,single,125850652,Tremendous Aron,32,180
3455726081,Venus,294,0.0,2025-11-07,186031,786621471,Orbits,2025-11-07,Electro,Noire & Blanche,1619,18,ep,93691022,Soulstatejazz,6,74
3222185651,Bridges,164,0.0,2025-03-06,249197,709386561,Bridges,2025-03-06,Electro|Techno/House,Egoplanet,164,2,single,280565811,Gaston,7,84
3429110971,baga,127,0.0,2025-08-07,221280,777641641,baga,2025-08-07,Electro|Techno/House,Egoplanet,127,1,single,271222492,the wine is ok,20,685
3036599391,If you could be anywhere.,147,0.0,2024-11-08,301356,654002001,If you could be anywhere.,2024-11-08,Electro|Techno/House|Dance,Delicieuse Records,147,23,single,245007992,Bolden.,30,2225
445188072,No Words (feat. Brenda Boykin),367,119.84,2016-11-11,291008,54146552,Havana ´58,2016-11-11,Pop|Latino,Buyú Records,3157,560,album,877099,The Bahama Soul Club,19,2882
3160699841,There Is No Time,157,0.0,2025-01-30,340985,689266011,There Is No Time,2025-01-30,Electro|Techno/House,Egoplanet,157,2,single,280565811,Gaston,7,84
2454113045,Belle,145,0.0,2023-09-29,394101,487909755,Belle,2023-09-29,Electro|Techno/House|Dance,Delicieuse Records,145,67,single,198397247,dublon,26,1536
496469392,Xingu,153,0.0,2016-03-22,254123,62985462,Rye Lane (Vol. 2 & 3),2016-03-22,Electro|Dance|Disco,Rhythm Section International,3254,82,album,6745957,Al Dobson Jr,3,423
1419738262,Elyjah Slaps the Space,89,0.0,2021-09-24,237173,240985082,Orange Wine,2021-09-24,Electro|Chill Out/Trip-Hop/Lounge,Hip Dozer,1612,715,album,90673462,Okvsho,20,1488
2856591932,FANTASTIC FANTASTIC ANGEL,257,0.0,2024-08-27,246729,604327202,FANTASTIC FANTASTIC ANGEL,2024-08-27,Electro,Noire & Blanche,257,6,single,7661686,ELWD,56,164
3125117231,God Gave Me Feet For Dancing (feat. Yazmin Lacey),239,0.0,2024-09-27,614299,679162481,"Dance, No One's Watching",2024-09-27,Jazz,Partisan Records,3464,3303,album,13882529,Ezra Collective,42,24896
3152218851,Stay,360,0.0,2025-03-21,354373,686531161,"The Panorama Sessions, Vol. 2",2025-03-21,Electro|Chill Out/Trip-Hop/Lounge|Dance,Pont Neuf Records,1783,172,ep,11616041,Tour-Maubourg,67,2358
2472140881,Because I Love You,273,0.0,2023-11-17,183359,492927801,Because I Love You,2023-11-17,Electro|Techno/House,Noire & Blanche,273,5,single,498297,Tell,45,331
3321208241,No Need (Edit),206,0.0,2025-04-10,474624,741184231,No Need,2025-04-10,Electro|Dance,Oscar Jerome & Ben Hauke,790,42,single,11039666,Oscar Jerome,51,3279
75411194,Hold It Down,174,108.5,2014-01-27,272694,7465906,Moodymann,2014-01-27,Electro|Techno/House,Kdj Records,3614,6279,album,10234,Moodymann,18,22460
2825302372,No Bad Feelings Today,213,0.0,2024-07-03,369004,594435612,No Bad Feelings Today,2024-07-03,Electro,Egoplanet,213,9,single,12153266,Juando,28,93
2594679272,Take Four.,164,0.0,2024-06-27,363826,526394602,Take Four.,2024-06-27,Jazz,Reuben Barrett,164,32,single,245007992,Bolden.,30,2225
2527518101,Melhor Se Acostumar (Tour-Maubourg Remix),194,0.0,2023-12-01,259586,508584451,Melhor Se Acostumar (Tour-Maubourg Remix),2023-12-01,Electro|Chill Out/Trip-Hop/Lounge,Nice Guys,194,18,single,197137597,Pedro Mizutani,20,2093
3019469831,Cloud Nine,192,0.0,2024-11-13,249191,649009671,Cloud Nine,2024-11-13,Electro|Techno/House|Dance,Egoplanet,192,2,single,11148404,Ajmw,24,480
3374071771,Glimpses Of Her,165,0.0,2025-09-26,216212,759224391,Midnight On The 52nd,2025-09-26,Electro,Egoplanet,828,1,ep,5247362,Tullio,122,333
2165298747,Anamaria,260,0.0,1993-05-07,181795,411305137,Music You Got Me / Anamaria,1993-05-07,Electro|Dance,Irma Dancefloor,1618,16,ep,89678,Key Tronics Ensemble,8,3255
2906923281,The Vibe Is,293,0.0,2024-11-15,276340,619496061,Inwards,2024-11-15,Jazz|Jazz instrumental,Naive,2670,1025,album,122395922,Emile Londonien,18,2704
2775352151,Viceral,117,0.0,2024-05-30,337040,580251381,Viceral,2024-05-30,Jazz,Délicieuse Records,117,36,single,198397247,dublon,26,1536
3007968981,Her Eyes,215,0.0,2024-08-15,649392,646358041,Her Eyes,2024-08-15,Dance,Charlie Jeer,215,440,single,275881941,Charlie Jeer,17,2034
4214751282,Leaving (feat. Tristan Henry),199,0.0,2026-09-04,686584,1050730552,Leaving (feat. Tristan Henry),2026-09-04,Dance,Columbia,199,5,single,148517,MK,107,53572
4209747032,GOTTA MAKE IT,148,0.0,2026-09-04,586707,1048582032,GOTTA MAKE IT,2026-09-04,Dance,Armada Music,379,0,single,2373,SILK,27,53196
4163913612,Happiness Is So Sad,233,0.0,2026-07-30,897762,1033042222,Happiness Is So Sad,2026-07-30,Dance|Pop,DANSA,233,236,single,407188,Swedish House Mafia,46,2167938
4078261281,Shine,147,0.0,2026-06-26,910088,1002600101,Shine,2026-06-26,Musique africaine|Electro|Techno/House,Make The Girls Dance Records,147,514,single,7803478,HUGEL,169,75041
4155982792,Everlasting,157,0.0,2026-07-31,694708,1031659132,Everlasting,2026-07-31,Electro|Dance,Carabine Music,422,169,single,10620,Armin van Buuren,419,1934955
4116004831,Human,200,0.0,2026-07-03,842643,1015043681,Human,2026-07-03,Dance,Tomorrowland Music,200,452,single,542,David Guetta,395,20097420
4124628921,Take Me Back,204,0.0,2026-07-10,844760,1018193981,Take Me Back,2026-07-10,Dance|Pop,Kygo,204,300,single,4768753,Kygo,103,2392250
4045575061,Whatever Turns You On,195,0.0,2026-06-26,719638,991529741,Whatever Turns You On (ft. Bonn),2026-06-26,Electro|Techno/House|Dance,Axtone Records,464,58,single,3847,Axwell,69,624967
4059360701,What A Life (feat. Florence Arman),189,0.0,2026-06-26,449181,996913861,What A Life,2026-06-26,Electro,Catch & Release,189,41,single,56125,Fisher,30,86701
4171492902,Careful,160,0.0,2026-07-31,482950,1034337642,Careful,2026-07-31,Dance,Armada Music,160,10,single,162668,D.O.D,148,11310
4097239121,Whisper,154,0.0,2026-07-10,729648,1009093741,Whisper,2026-07-10,Dance,Spinnin' Records,154,52,single,8058039,Joel Corry,232,103888
4195609602,Say Something,228,0.0,2026-08-21,729944,1043683142,Say Something,2026-08-21,Electro|Dance,Solotoko,228,48,single,431341,Sonny Fodera,180,31980
4125020871,Temptation,178,0.0,2026-07-10,819429,1018345341,Temptation,2026-07-10,Electro|Techno/House|Latino,Make The Girls Dance Records,178,127,single,7803478,HUGEL,169,75041
4141689351,La Révolution,132,0.0,2026-07-17,774685,1024386401,La Révolution,2026-07-17,Dance,Future Rave,132,445,single,1564992,MORTEN,79,93085
4126729511,Reasons,114,0.0,2026-07-10,739147,1018988441,Reasons,2026-07-10,Dance,JINX Music,425,21,single,374239231,Lavinia,23,639
4105434851,Allein,178,0.0,2026-07-17,679322,1011736321,Allein,2026-07-17,Dance,Spinnin' Records,178,39,single,169361,Afrojack,230,2167904
4173251302,Other Dimension,204,0.0,2026-08-14,725040,1036544732,Other Dimension,2026-08-14,,ÆDEN,204,67,single,1014142,Anyma,27,44353
4144923712,Weekend,153,0.0,2026-07-17,645954,1025582432,Weekend,2026-07-17,Dance,Universal-Island Records Ltd.,153,92,single,1403694,Meduza,95,270819
4146536962,World Away,187,0.0,2026-07-24,672957,1026203172,World Away,2026-07-24,Electro|Dance,Gryffin LLC,187,38,single,7295534,Gryffin,127,59506
4104841821,Gravity,180,0.0,2026-07-03,381534,1011661001,Gravity,2026-07-03,Dance,JINX Music,181,51,single,310557,Steve Aoki,271,2108131
4153991752,Say Yea (feat. Amira Eldine),159,0.0,2026-07-31,670840,1029119082,Say Yea (feat. Amira Eldine),2026-07-31,Dance,"Ultra Records, LLC",159,15,single,4104899,DVBBS,103,901944
4158035002,WEIGHTLESS (Radio Mix),190,0.0,2026-07-29,606752,1030700662,WEIGHTLESS,2026-07-29,Electro|Techno/House,Batty Records,190,1,single,187571697,zuezeu,18,172
4207894812,Bad Bitch,101,0.0,2026-08-21,727078,1047836702,Bad Bitch,2026-08-21,Electro|Techno/House|Latino,Make The Girls Dance Records,101,195,single,7803478,HUGEL,169,75041
4209707842,Don't Go Breaking My Heart,142,0.0,2026-08-28,583023,1048571192,Don't Go Breaking My Heart,2026-08-28,Electro|Dance,Smash The House,142,29,single,8058039,Joel Corry,232,103888
4138399071,Send Shots,159,0.0,2026-08-26,621940,1023236721,Send Shots,2026-08-26,Dance,Black Butter Records,159,25,single,174348,Rudimental,165,585807
4159342132,Feel It (Oh My Days),156,0.0,2026-07-24,643706,1031200102,Feel It (Oh My Days),2026-07-24,Dance,Tomorrowland Music,156,26,single,3644401,Cyril,33,26949
4224310792,R U Mine,137,0.0,2026-08-28,656573,1054373012,R U Mine,2026-08-28,Dance,Armada Music,137,6,single,162668,D.O.D,148,11310
4108853961,Faded Eyes,177,0.0,2026-08-14,640975,1012803951,Faded Eyes,2026-08-14,Dance|Pop,"TH3RD BRAIN; Khalid appears courtesy of RCA Records, a division of Sony Music Entertainment",177,42,single,8119595,Zerb,64,20298
4132021591,Where She Come From,150,0.0,2026-07-24,662477,1020962631,Where She Come From,2026-07-24,Electro|Techno/House,Make The Girls Dance Records,150,318,single,7803478,HUGEL,169,75041
4155826252,Wanna Be Loved (feat. Moa Lisa),137,0.0,2026-08-07,580242,1029830592,Wanna Be Loved (feat. Moa Lisa),2026-08-07,Dance,Spinnin' Records,137,45,single,661247,Timmy Trumpet,246,543151
4122414361,All I am...,178,0.0,2026-07-17,100000,1025582472,All I am...,2026-07-17,Dance,Island Berlin,179,41,single,1353625,R3HAB,226,1814031
4064623211,Let Me Forget You,167,0.0,2026-07-24,569898,998565781,Let Me Forget You,2026-07-24,Electro|Techno/House,Another Rhythm,167,24,single,109651412,Warriner,2,10
4115961231,what do i have to do?,154,0.0,2026-07-03,585956,1015033221,what do i have to do?,2026-07-03,Dance,Polydor Records,154,67,single,2699221,Becky Hill,160,244653
4167806552,Wild (feat. Louis du Sauzay),150,0.0,2026-08-21,574839,1034447702,Wild (feat. Louis du Sauzay),2026-08-21,Dance,Spinnin' Deep,150,0,single,297199561,Unfazed,5,617
4060404171,Playground,129,0.0,2026-06-26,545757,996975491,Playground,2026-06-26,Dance,"Ultra Records, LLC",129,10,single,4104899,DVBBS,103,901944
4198648642,My People,164,0.0,2026-08-07,601022,1045035892,My People,2026-08-07,Dance,Chaos,164,20,single,204924487,Jazzy,77,6884
4109404951,Part Of Me,178,0.0,2026-07-10,596645,1013010951,Part Of Me,2026-07-10,Dance,Musical Freedom,178,4,single,1363866,Modea,18,99
4059679491,Metallic Lips,195,0.0,2026-07-10,542210,996736361,Metallic Lips,2026-07-10,Dance|Pop,TH3RD BRAIN; Swae Lee appears courtesy of Ear Drummer Records/Interscope Records,195,12,single,8119595,Zerb,64,20298
4027817601,Break My Heart,181,0.0,2026-06-24,564424,985174571,Break My Heart,2026-06-24,Electro|Dance|Films/Jeux vidéo,Broken Head Records,181,6,single,166729,Bag Raiders,33,31959
4111229781,Oracle,217,0.0,2026-07-17,521029,1013507111,Oracle,2026-07-17,Electro|Dance,Realm Records,619,25,single,1631262,Gorgon City,144,188001
4096125771,The last dance...,184,0.0,2026-07-03,100000,1015035601,The last dance...,2026-07-03,Dance,Island Berlin,185,51,single,1353625,R3HAB,226,1814031
4128688771,Right Thing,215,0.0,2026-07-17,517138,1019693761,Right Thing,2026-07-17,Dance,Technicolour,215,4,single,99869082,Malugi,33,2033
4181540542,Bless,151,0.0,2026-08-14,477991,1039959372,Bless,2026-08-14,Electro|Techno/House,Aiming Records,151,1,single,397662411,Club Saints,105,1
4137511251,Lift Me Up,167,0.0,2026-07-17,100000,1019763731,Lift Me Up,2026-07-17,Dance,Experts Only,167,3,single,1699659,Hills,45,322
4116003751,temptations,144,0.0,2026-07-03,517609,1015043341,temptations,2026-07-03,Dance,Intercord,144,4,single,258116652,bbyclose,15,352
4160548372,Deep Dive,220,0.0,2026-07-31,468347,1031698222,Deep Dive,2026-07-31,Dance,MADMINDS,220,4,single,5209258,YOTTO,98,14473
4127121041,Holding onto You,210,0.0,2026-07-24,282037,1015240831,Holding Onto You,2026-07-24,Electro|Dance,Armada Music,491,1,single,118126,Chaney,100,409
4070739871,Tell Me,149,0.0,2026-07-03,481145,1000358211,Tell Me,2026-07-03,Electro|Techno/House|Dance,Love & Other,454,0,single,7391792,LOVRA,61,1429
3663536722,Too Sweet,164,0.0,2025-11-28,760616,859089362,Too Sweet,2025-11-28,Electro|Electro Pop/Electro Rock|Pop,Inside Records,164,422,single,5355382,Trinix,49,92933
4094689641,Make Me Feel,186,0.0,2025-06-20,798748,1008277871,Make Me Feel,2025-06-20,Electro|Techno/House,7CULT,186,54,single,201300177,oskar med k,22,5388
2871900192,Black Friday (pretty like the sun),145,0.0,2024-07-19,791990,609557172,Black Friday (pretty like the sun),2024-07-19,Dance,UROK,145,1739,single,5866223,Lost Frequencies,140,952799
3759016132,Feel This,181,0.0,2026-01-14,558015,892016492,Feel This,2026-01-14,Electro|Dance,SUNFLOWER RECORDS,181,6,single,351193762,DÏVÄG,12,153
2537448451,Stumblin' In,213,0.0,2023-11-10,903448,511186741,Stumblin' In,2023-11-10,Dance,Spinnin' Records,213,3852,single,3644401,Cyril,33,26949
3917347011,how do i find you,179,0.0,2026-06-26,538357,945865311,how do i find you,2026-06-26,Electro|Dance,Inside Records,179,2,single,192268277,heylucas,29,337
3703526742,BUDDIES,150,0.0,2026-01-16,549715,873096052,BUDDIES,2026-01-16,Electro|Techno/House|Dance,Inside Records,150,7,single,390700021,Sara Costa,30,90
3960343761,Hello (The Sun Is Up Where Are You),191,0.0,2026-04-24,746591,961389861,Hello (The Sun Is Up Where Are You),2026-04-24,Electro|Dance,SUNFLOWER RECORDS,191,459,single,12563798,Mizmo,30,974
3689459612,"god, give me a place",191,0.0,2026-01-09,521318,867734002,"god, give me a place",2026-01-09,Dance,Inside Records,191,10,single,58687612,Holseek,34,563
2680831422,"Patadas de Ahogado / LATÍN MAFIA, HUMBE",186,0.0,2024-02-22,765423,553447442,"Patadas de Ahogado / LATÍN MAFIA, HUMBE",2024-02-22,Dance|Pop,HUGEL,186,552,single,7803478,HUGEL,169,75041
4238336142,I Knew,125,0.0,2026-09-02,681219,1059925272,I Knew,2026-09-02,Dance,SUNFLOWER RECORDS,125,1,single,351193762,DÏVÄG,12,153
3843457421,Magnetic,181,0.0,2026-02-27,971891,918548261,Magnetic / Addicted To Your Love,2026-02-27,Dance,Columbia/B1 Recordings,361,1233,single,241615471,The Bausa,43,5245
4108518611,Better,158,0.0,2026-07-24,725381,1012729161,Better,2026-07-24,Dance,Inside Records,158,2,single,11366508,Alex Keeper,56,1285
4052963911,Sun Is Here Again,149,0.0,2026-07-08,713849,994147311,Sun Is Here Again,2026-07-08,Electro|Dance,Inside Records,149,11,single,12628105,Lonely in the Rain,76,4701
4160033302,Midnight,218,0.0,2026-08-21,732848,1031491772,Midnight,2026-08-21,Electro|Dance,Beyond Rec,218,5,single,4681264,Alex Baker,46,837
4053126601,A New Day,206,0.0,2026-06-24,684289,994192901,A New Day,2026-06-24,Electro|Dance,Beyond Rec,206,2,single,129935282,Last Sun,11,93
3313685811,My Return Home,278,0.0,2025-04-30,574986,738936901,My Return Home,2025-04-30,Dance,SUNFLOWER RECORDS,278,12,single,279517161,Mx Cartier,6,139
4080113511,Pra todas,198,0.0,2026-06-19,738335,1003285201,Pra todas,2026-06-19,Electro|Dance,Inside Records,198,157,single,5355382,Trinix,49,92933
2751410491,the things that bring me joy,179,0.0,2024-05-10,547599,573604421,the things that bring me joy,2024-05-10,Dance,Inside Records,179,28,single,192268277,heylucas,29,337
3784724892,Talk To You (ft. 54 Ultra),191,0.0,2026-03-06,968286,901075412,Talk To You (ft. 54 Ultra),2026-03-06,Electro|Techno/House|Dance,No Art,191,3018,single,8948922,ANOTR,66,12165
4052879721,FEEL THE NIGHT,189,0.0,2026-07-03,537200,994116511,FEEL THE NIGHT,2026-07-03,Dance,Inside Records,189,1,single,390700021,Sara Costa,30,90
2104625837,Tainted Love,184,0.0,2023-01-30,651190,395535827,Tainted Love,2023-01-30,Electro|Dance,Inside Records,184,575,single,5355382,Trinix,49,92933
3931736101,Be The One,205,0.0,2026-04-24,783594,951369701,Be The One,2026-04-24,Electro|Techno/House,Keinemusik,205,110,single,262264,Adam Port,46,50054
4172748922,Forevermore,214,0.0,2026-08-19,746168,1036355422,Forevermore,2026-08-19,Dance,Beyond Rec,214,7,single,12820101,Ourson,41,708
4181715322,Sirens Scene,190,0.0,2026-07-31,528058,1040029082,Sirens Scene,2026-07-31,Dance,Beyond Rec,190,29,single,129935282,Last Sun,11,93
4058544931,Slow Down (Can't Stop Thinking),149,0.0,2026-06-17,524455,996324351,Slow Down (Can't Stop Thinking),2026-06-17,Electro|Dance,SUNFLOWER RECORDS,149,30,single,351193762,DÏVÄG,12,153
4036466501,So Hard To Find,166,0.0,2026-06-19,504482,988186001,So Hard To Find,2026-06-19,Dance,Inside Records,166,3,single,11366508,Alex Keeper,56,1285
3919748071,Keep On Running,148,0.0,2026-07-08,719594,946778151,Keep On Running,2026-07-08,Electro|Dance,SUNFLOWER RECORDS,148,4,single,12563798,Mizmo,30,974
4237724022,Wash Over Me,138,0.0,2026-09-04,432171,1059717202,Wash Over Me,2026-09-04,Electro|Techno/House,ChillYourMind,138,0,single,381034411,TwøFrame,3,0
4123815511,Forever,227,0.0,2026-07-22,464579,1017903211,Forever,2026-07-22,Dance,Beyond Rec,227,0,single,129935282,Last Sun,11,93
3968065181,love you so,157,0.0,2026-05-29,509024,963779831,love you so,2026-05-29,Electro|Dance,Inside Records,157,12,single,58687612,Holseek,34,563
3592280792,Echoes,174,0.0,2025-11-19,543085,834451442,Echoes,2025-11-19,Electro|Dance,SUNFLOWER RECORDS,174,16,single,12563798,Mizmo,30,974
4104636071,IKNOW,142,0.0,2026-08-05,433924,1011534711,IKNOW,2026-08-05,Electro|Dance,SUNFLOWER RECORDS,142,0,single,314048,Cos,155,239
3932708321,Summer Winds,182,0.0,2026-05-13,491996,951663441,Summer Winds,2026-05-13,Electro|Dance,SUNFLOWER RECORDS,182,9,single,351193762,DÏVÄG,12,153
3611488852,Smile,184,0.0,2025-11-14,595832,841264652,Smile,2025-11-14,Electro|Dance,Inside Records,184,12,single,12241710,PLÜM,103,17270
2871918512,Never Walk Alone,188,0.0,2024-08-02,634286,609564592,Never Walk Alone,2024-08-02,Dance|Pop,Insomniac Records,188,175,single,1179872,Blond:ish,82,13403
1386907872,Sunny Day,192,0.0,2021-06-25,662178,233548032,Sunny Day,2021-06-25,Electro|Dance,Inside Records,192,593,single,14417541,MR TOUT LE MONDE,42,12067
3949592681,In My Soul,157,0.0,2026-05-08,467137,957291391,In My Soul,2026-05-08,Electro|Dance,Inside Records,157,3,single,11366508,Alex Keeper,56,1285
4155388342,Paper Skies,128,0.0,2026-08-05,430875,1029666472,Paper Skies,2026-08-05,Electro|Dance,Beyond Rec,128,0,single,147985142,Harmless Night,20,50
3905198691,I Remember,156,0.0,2026-04-15,468618,941468031,I Remember,2026-04-15,Electro|Dance,SUNFLOWER RECORDS,156,3,single,351193762,DÏVÄG,12,153
3905199911,waited a long,190,0.0,2026-04-17,640335,941468661,waited a long,2026-04-17,Electro|Dance,Inside Records,190,11,single,58687612,Holseek,34,563
2318708315,Clocks,230,0.0,2023-07-12,596458,450572725,Clocks,2023-07-12,Electro|Dance,Beyond Rec,230,92,single,4681264,Alex Baker,46,837
3208676071,Keep Dancing,180,0.0,2025-03-07,438188,705051461,Keep Dancing,2025-03-07,Dance,Inside Records,180,7,single,192268277,heylucas,29,337
4136268931,Chasing Summer,125,0.0,2026-07-22,538809,1022517001,Chasing Summer,2026-07-22,Electro|Dance,SUNFLOWER RECORDS,125,4,single,351193762,DÏVÄG,12,153
3989576211,Last Love (Don't Forget Me),146,0.0,2026-05-27,451132,971215611,Last Love (Don't Forget Me),2026-05-27,Electro|Dance,SUNFLOWER RECORDS,146,0,single,260858,LissA,99,1672
3921518211,Left / Right,155,0.0,2026-04-17,471589,947446111,Left / Right,2026-04-17,Pop,Warner Music Central Europe,155,23,single,1364202,ROYA,19,12630
4216692492,Every Lifetime,167,0.0,2026-09-04,463600,1051481742,Every Lifetime,2026-09-04,Dance,Inside Records,167,1,single,11366508,Alex Keeper,56,1285
4135435771,Still I Rise,156,0.0,2026-08-07,439483,1022260641,Still I Rise,2026-08-07,Dance,Beyond Rec,156,0,single,109207562,Elliot Vast,45,35
3876790781,Let It Go,150,0.0,2026-03-27,628816,930822671,Let It Go,2026-03-27,Electro|Dance,Beyond Rec,150,0,single,336420551,LNDRS,6,13
4160016972,Your Song,141,0.0,2026-08-19,716143,1031485452,Your Song,2026-08-19,Dance,SUNFLOWER RECORDS,141,2,single,200878887,Tom Kha,28,169
3932328511,Magic,182,0.0,2026-04-29,450566,951558501,Magic,2026-04-29,Electro|Dance,SUNFLOWER RECORDS,182,0,single,196953357,Moment in Time,27,183
4021055961,Don't Feel Right,149,0.0,2026-06-10,518388,982572551,Don't Feel Right,2026-06-10,Electro|Dance,SUNFLOWER RECORDS,149,0,single,219396475,Bleu Azur,11,163
3772399142,BETTERTIMES,164,0.0,2026-02-20,597658,896808182,BETTERTIMES,2026-02-20,Electro|Dance,Inside Records,164,3,single,390700021,Sara Costa,30,90
2593698322,My Lover,160,0.0,2024-01-26,529089,526102552,My Lover,2024-01-26,Electro|Dance,Inside Records,160,69,single,14417541,MR TOUT LE MONDE,42,12067
568816542,Treat You Better,273,121.96,2018-10-19,500329,75770552,SOLACE,2018-10-19,Electro,Rose Avenue/Reprise,2516,6284,album,5571502,RÜFÜS DU SOL,67,141575
3592693622,A Way Back Home (Ruffnux Remix),152,0.0,2025-11-07,427004,834585372,A Way Back Home (Ruffnux Remix),2025-11-07,Electro|Dance,Beyond Rec,152,1,single,104010322,Slowtide,17,56
3566860141,summer goes,198,0.0,2025-10-17,467781,825367401,summer goes,2025-10-17,Electro|Dance,Inside Records,198,6,single,58687612,Holseek,34,563
3410347511,Breezeblocks,124,0.0,2025-06-27,434080,771098651,Breezeblocks,2025-06-27,Electro|Dance,Beyond Rec,124,1,single,392796,Bacci,59,302
2712744241,Vhs,269,0.0,2024-04-19,555146,562420131,Vhs,2024-04-19,Dance,Headroom Records,269,67,single,204791927,Swimming Paul,38,3716
4052963191,Still Be Mine,156,0.0,2026-07-01,717013,994147171,Still Be Mine,2026-07-01,Electro|Techno/House|Dance,SUNFLOWER RECORDS,156,1,single,200878887,Tom Kha,28,169
2318874475,Be Your Friend,164,0.0,2023-07-26,598326,450626395,Be Your Friend,2023-07-26,Electro|Dance,Beyond Rec,164,18,single,12620663,XYSM,47,113
3772398382,Sunshine,196,0.0,2026-02-18,637763,896808092,Sunshine,2026-02-18,Electro|Dance,SUNFLOWER RECORDS,196,6,single,351193762,DÏVÄG,12,153
3584005611,Celebrate,170,0.0,2025-10-10,462901,831463221,Celebrate,2025-10-10,Electro|Dance,Inside Records,170,38,single,12241710,PLÜM,103,17270
3330435451,Care 4 U,172,0.0,2025-05-21,496541,744404861,Care 4 U,2025-05-21,Electro|Dance,Beyond Rec,172,10,single,129935282,Last Sun,11,93
3302654601,Tears Dry Tonight,167,0.0,2025-04-25,590550,735636141,Tears Dry Tonight,2025-04-25,Dance,Spinnin' Records,167,303,single,3644401,Cyril,33,26949
2138216097,Promise,200,0.0,2023-05-26,442442,404413497,Euphoria,2023-05-26,Electro|Dance,Inside Records,1152,109,ep,192268277,heylucas,29,337
452733402,Wicked Games (feat. Anna Naklab) (Radio Edit),195,124.9,2013-09-19,648324,55525272,Wicked Games (feat. Anna Naklab) (Radio Edit),2013-09-19,Electro|Dance,Spinnin' Deep,195,1220,single,4863819,Parra For Cuva,47,39585
893847222,Flower,166,0.0,2020-03-27,509020,134567952,Flower,2020-03-27,Electro|Dance,Inside Records,166,215,single,12241710,PLÜM,103,17270
3938154331,Right Here,128,0.0,2026-05-20,404939,953044511,Right Here,2026-05-20,Electro|Dance,SUNFLOWER RECORDS,128,0,single,392090641,Benne,5,105
3363328621,Wait For You,130,0.0,2025-06-11,417343,755571071,Wait For You / Sweet Feeling,2025-06-11,Dance,Inside Records,290,34,single,12628105,Lonely in the Rain,76,4701
4035772541,Done,155,0.0,2026-06-12,395025,987977631,Done,2026-06-12,Electro|Dance,Beyond Rec,155,0,single,396354741,MYKL  ,2,3
1386909542,She Said (Big Jet Plane),173,0.0,2021-07-23,675854,233548612,She Said (Big Jet Plane),2021-07-23,Electro|Dance,Inside Records,173,479,single,5355382,Trinix,49,92933
4019797791,Movin' To The Sun,142,0.0,2026-05-22,971093,982091821,Movin' To The Sun,2026-05-22,Electro|Techno/House,Make The Girls Dance Records,142,2106,single,7803478,HUGEL,169,75041
3892792631,Free Your Mind,201,0.0,2026-03-27,950329,936914191,Free Your Mind,2026-03-27,Electro|Techno/House,CircoLoco Records,201,312,single,7309256,Prospa,46,4625
4110611741,"Wo, man (Edit)",200,0.0,2026-06-26,820864,1013322021,"Wo, man (Edit)",2026-06-26,Dance,XL Recordings,200,140,single,9549148,Peggy Gou,30,202302
4059948781,Manhattan,215,0.0,2026-06-10,653826,996837581,Manhattan,2026-06-10,Electro,Ninja Tune,215,46,single,5435357,Carlita,33,1884
4144811412,Hey Everybody,155,0.0,2026-07-17,787187,1025537162,Hey Everybody,2026-07-17,Dance,Positiva,155,58,single,6164532,Kolter,138,2993
3978073801,La La Land,188,0.0,2026-05-15,665853,967333311,La La Land,2026-05-15,Electro,broke,188,82,single,9777,Green Velvet,67,42848
4081061991,Better With You,211,0.0,2026-07-09,783207,1003494091,Better With You,2026-07-09,Dance,All Night Long,211,314,single,10201844,Nico Moreno,15,27119
4039496331,On 2nite,162,0.0,2026-05-29,725442,989201011,On 2nite,2026-05-29,Dance,Room Two Recordings,162,189,single,194584697,Silva Bumpa,30,1053
4160058162,run,180,0.0,2026-08-07,785426,1031502562,run,2026-08-07,Dance,Sony Music Germany,180,461,single,9757762,Amelie Lens,34,103010
4072834651,My Place,159,0.0,2026-07-03,666342,1000868701,My Place,2026-07-03,Electro|Techno/House|Dance,Baker's Dozen,159,25,single,4833740,Josh Baker,49,2409
4122018711,Silver Lines (feat. Emily Warren),201,0.0,2026-07-10,797130,1017263281,Silver Lines (feat. Emily Warren),2026-07-10,Electro|Techno/House,CircoLoco Records,201,266,single,8948922,ANOTR,66,12165
4124060341,Good Girl,181,0.0,2026-07-24,813793,1017990361,Good Girl,2026-07-24,Electro|Techno/House|Dance,Good Music for Bad People,181,152,single,7153996,Cloonee,54,11008
4104133301,Kill It With The Beat,173,0.0,2026-07-01,736457,1011352651,Kill It With The Beat,2026-07-01,Pop,Columbia,173,1163,single,5951582,Jain,21,441085
4158961522,"RoTATe wiTh aMeRiCa FOsTeR, sKiLLiBeNg aNd bEAM",173,0.0,2026-07-31,369529,1033617012,"RoTATe wiTh aMeRiCa FOsTeR, sKiLLiBeNg aNd bEAM",2026-07-31,Electro,Major Lazer Records,334,230,single,282118,Major Lazer,119,7651000
3987732411,I Never Knew,231,0.0,2026-06-05,575765,970559241,I Never Knew,2026-06-05,Electro|Techno/House|Dance,Defected Records,530,27,single,69617682,Adam Ten,48,1531
4001349051,Lovers On The Dancefloor,153,0.0,2026-06-12,611924,975650761,Lovers On The Dancefloor,2026-06-12,Electro|Techno/House,Maison Arts,153,14,single,1179872,Blond:ish,82,13403
4045186301,I Cared For You,270,0.0,2026-06-26,733234,991408451,I Cared For You,2026-06-26,Dance,All Night Long,270,68,single,171883,NTO,72,108783
3892798601,Dreams,236,0.0,2026-06-05,648770,936916321,Free Your Mind,2026-06-05,Electro|Techno/House,CircoLoco Records,2297,1000,album,7309256,Prospa,46,4625
4078261811,Stay Sexy,126,0.0,2026-06-26,793362,1002600221,Twenty One,2026-06-26,Electro|Techno/House|Latino,Make The Girls Dance Records,2636,2593,album,7803478,HUGEL,169,75041
4114561121,Come To Life,192,0.0,2026-07-10,649845,1014531871,Come To Life,2026-07-10,Dance,tszr / Helix Records,192,17,single,298598,Cassian,36,5487
4033997271,Take You There,188,0.0,2026-06-19,643438,987362041,Take You There,2026-06-19,Dance,UPPERGROUND,188,73,single,8911470,Artbat,58,54258
3972763051,Together We Are Free,241,0.0,2026-06-04,681894,965620351,Together We Are Free,2026-06-04,Electro,Cercle Records,241,35,single,4782876,Vintage Culture,196,531663
3953713231,Dance Dance Dance!,217,0.0,2026-07-24,679561,958831171,Dance Dance Dance!,2026-07-24,Electro|Dance,Atlantic Records UK,217,19,single,110278032,Barry Can’t Swim,38,4746
4193491892,Always on Your Side,208,0.0,2026-08-03,634604,1042937322,Always on Your Side,2026-08-03,Electro,Ninja Tune,890,649,ep,2108,Bonobo,57,364482
4195078782,Quiereme,175,0.0,2026-07-31,670789,1043456602,9 months & 50 hours,2026-07-31,Electro|Dance,Atlantic Records UK,2804,3438,album,6851443,Latin Mafia,19,33922
3953346611,Make You Fight,176,0.0,2026-05-01,641928,958695251,Make You Fight,2026-05-01,Electro,Black Book Records,176,41,single,11799,Chris Lake,106,303235
4201858012,MYSTERY OF RAW,229,0.0,2026-08-14,580142,1046093842,MYSTERY OF RAW,2026-08-14,Dance,CircoLoco Records,229,79,single,5767953,Michael Bibi,29,10842
4071680031,Feel,158,0.0,2026-06-19,639488,1000542901,Feel,2026-06-19,Electro|Techno/House|Dance,LTF Records,158,45,single,364146,Franky Rizardo,106,14331
4160530352,i'm way too self aware,149,0.0,2026-07-24,630236,1031691212,i'm way too self aware,2026-07-24,Electro,"Temper City under exclusive license to Thirty Knots, Oskar Med K appearing courtesy of 7CULT",149,37,single,201300177,oskar med k,22,5388
4111062931,Look Into My Eyes,176,0.0,2026-07-03,566664,1013451261,Look Into My Eyes,2026-07-03,Electro|Techno/House,Disorder,176,7,single,71641172,Obskür,43,3773
3870129761,How Does It Feel,127,0.0,2026-03-27,641796,928296101,How Does It Feel,2026-03-27,Electro|Techno/House,TH3RD BRAIN,127,230,single,10052642,Dubdogz,154,170339
4192199712,Sun is Shining (Lovelee Dae),175,0.0,2026-08-19,522635,1042402162,Sun is Shining (Lovelee Dae),2026-08-19,Electro|Techno/House,Safelight Records,175,5,single,957415,Tommy Phillips,9,47
4081463181,pAPi wiTH tOKisCha,162,0.0,2026-06-24,575533,1003536461,pAPi wiTH tOKisCha,2026-06-24,Electro,Major Lazer Records,162,136,single,1846,Diplo,208,1300932
4105791281,Party Time (feat. Aatig),199,0.0,2026-07-10,513735,1011845671,Party Time (feat. Aatig),2026-07-10,Electro,Black Book Records,199,27,single,1090,Tiga,106,44784
4195078852,Mabe,294,0.0,2026-07-31,648483,1043456602,9 months & 50 hours,2026-07-31,Electro|Dance,Atlantic Records UK,2804,3438,album,76053262,Fred again..,94,124413
4160044862,Raider on the Storm,193,0.0,2026-08-07,567225,1031497392,Raider on the Storm,2026-08-07,Electro,Diynamic Music,193,40,single,179975,Solomun,66,105682
4252123291,One More Dance,230,0.0,2026-09-03,589937,1065347041,One More Dance,2026-09-03,Electro,Ninja Tune,632,11,single,5435357,Carlita,33,1884
4142945871,Back To Funk,219,0.0,2026-07-31,527431,1024846801,Back To Funk,2026-07-31,Alternative|Rock indé|Dance,Insomniac Records,219,3,single,9680158,Bushbaby,65,752
4206775492,Mirage,291,0.0,2026-08-14,512374,1047401432,Mirage,2026-08-14,Dance,Disorder,291,65,single,1434995,MPH,105,2180
4114097311,Staring at the Sun,212,0.0,2026-07-16,555237,1014377671,Staring at the Sun,2026-07-16,Electro,Counter Records,432,39,single,5254467,Elderbrook,109,43194
4094514791,Pumpin,211,0.0,2026-06-26,519209,1008232061,Pumpin,2026-06-26,Electro,Steel City Dance Discs,211,11,single,55318492,Partiboi69,49,3526
4250712991,Taka Taka,196,0.0,2026-09-04,548077,1064833291,Taka Taka,2026-09-04,Dance,Tomorrowland Music,196,1,single,177558,Rivo,16,4180
4096108531,"Check One, Check Two",156,0.0,2026-07-10,518360,1008713381,"Check One, Check Two",2026-07-10,Electro|Techno/House|Dance,Dance Traxx LDN,156,5,single,12539070,Luke Dean,25,1206
4049994881,Lemme Dance,223,0.0,2026-06-03,611908,993062751,Lemme Dance,2026-06-03,Electro,Ninja Tune,223,36,single,73836672,Chloé Caillet,35,1755
4201398282,Long Jacket,211,0.0,2026-08-28,578518,1046006212,Long Jacket,2026-08-28,Electro|Techno/House|Dance,Turbo Blanco,211,24,single,11799,Chris Lake,106,303235
4126793791,Follow,227,0.0,2026-07-24,625499,1019010441,Follow,2026-07-24,Electro|Dance,MATHAME,227,27,single,7249232,Mathame,43,11431
4175023412,4Get The Girl (Mellizos Remix),160,0.0,2026-08-07,448226,1037261522,4Get The Girl (Mellizos Remix),2026-08-07,Electro|Techno/House|Dance,Defected Records,488,1,single,4782275,Route 94,17,335851
4195078762,benjy chord,165,0.0,2026-07-31,636875,1043456602,9 months & 50 hours,2026-07-31,Electro|Dance,Atlantic Records UK,2804,3438,album,76053262,Fred again..,94,124413
4142574891,WannaCry,219,0.0,2026-07-28,572432,1024717221,WannaCry,2026-07-28,Electro|Dance,NLV Records,219,180,single,12053242,Ninajirachi,71,6272
4122054441,Can't Slow Down,177,0.0,2026-07-24,444691,1017275961,Can't Slow Down,2026-07-24,Electro|Dance,Atlantic Records UK,177,6,single,126053802,Omar+,33,708
4046510641,Long Goodbye,214,0.0,2026-06-12,387701,991809841,Long Goodbye,2026-06-12,Alternative|Rock indé,Disorder,214,13,single,1434995,MPH,105,2180
4237632172,Body and Soul,200,0.0,2026-09-04,436526,1059684902,Body and Soul,2026-09-04,Electro|Dance,MADMINDS,200,3,single,144817,Nicole Moudaber,78,31473
4192742212,My Darlin',169,0.0,2026-08-07,486065,1042617382,Das Ist Daddy,2026-08-07,Dance,Capitol Records,1502,167,album,3926781,Marlon Hoffstadt,85,13664
4126325401,Dirty Beat,184,0.0,2026-07-17,565205,1018867671,Dirty Beat,2026-07-17,Electro,Fckng Serious,476,76,single,133863,Boris Brejcha,132,264625
4129901711,Get Me Down,197,0.0,2026-07-10,497930,1020145241,Get Me Down,2026-07-10,Electro,Universal-Island Records Ltd.,197,73,single,96293712,Nia Archives,33,8873
4114179801,Whisper To Me,226,0.0,2026-07-24,566236,1014402481,Whisper To Me,2026-07-24,Electro|Dance,Innervisions,758,45,single,4314576,Jimi Jules,30,3175
4236259762,Keep Up,158,0.0,2026-09-04,683744,1059118942,Keep Up,2026-09-04,Dance,RAVE THE WORLD,158,33,single,145050,Argy,55,14631
4154213432,Angel Dust,266,0.0,2026-08-07,577706,1029206682,Angel Dust,2026-08-07,Electro|Techno/House|Rock|Hard Rock,HEKATE,266,23,single,14105097,Sara Landry,49,18473
4165759252,How I'm Feeling,159,0.0,2026-08-21,440259,1033712172,How I'm Feeling,2026-08-21,Electro|Techno/House,Maison Arts,159,7,single,1179872,Blond:ish,82,13403
4236676082,Hey You,147,0.0,2026-08-28,530866,1059297292,Hey You,2026-08-28,Electro,Island Berlin,147,22,single,1682313,Lilly Palmer,31,11730
4218385902,Hear Me Now,199,0.0,2026-08-28,470512,1052122432,Hear Me Now,2026-08-28,Electro|Dubstep|Dance,ARKADE,199,12,single,4576,Kaskade,246,171992
4207693632,Music is Life,288,0.0,2026-09-04,697941,1047762202,Music is Life,2026-09-04,Electro|Techno/House|Dance|Soul & Funk,All Night Long,288,15,single,7139867,Folamour,62,27224
4144807862,There Goes Ma Head,156,0.0,2026-07-17,410143,1025535322,Emotional Junglist,2026-07-17,Electro,Universal-Island Records Ltd.,2439,725,album,96293712,Nia Archives,33,8873
4157544662,After The Rain,195,0.0,2026-08-07,521503,1030521552,Pure Devotion,2026-08-07,Electro,XL Recordings,2408,618,album,11820537,Overmono,33,7974
4097677451,ENERGY,215,0.0,2026-07-17,535439,1009224511,ENERGY,2026-07-17,Electro|Dance|Disco,Maison Arts,215,29,single,255342292,Gordo,23,2407
4126050191,Myosotis,384,0.0,2026-10-16,481361,1018757191,NAKED,2026-10-16,Electro|Dance,All Night Long,2885,151,album,171883,NTO,72,108783
3990750991,Time (Edit),166,0.0,2026-09-04,351899,971560791,Obsessions,2026-09-18,Electro|Techno/House|Dance,Knee Deep In Sound,3703,70,album,1420818,Hot Since 82,61,40512
4059400021,Unique Moment,180,0.0,2026-07-10,576780,996625531,Unique Moment,2026-07-10,Dance,When Stars Align,180,33,single,1484833,CamelPhat,141,80098
4182211202,Spirit Bird,248,0.0,2026-08-14,525073,1040204702,Spirit Bird,2026-08-14,Electro|Techno/House,Spectrum (NL),248,71,single,169897,Joris Voorn,91,51536
4219877442,Selekta,196,0.0,2026-08-28,534033,1052653212,Selekta EP,2026-08-28,Electro|Techno/House,affairs,400,34,ep,4782876,Vintage Culture,196,531663
4039482641,Technicolor,224,0.0,2026-06-19,513160,989194301,Technicolor,2026-06-19,Dance,Warner Music Central Europe,224,17,single,87115552,Marten Lou,21,2060
4208256582,algorhythm,267,0.0,2026-08-27,368971,1047974682,algorhythm,2026-08-27,Electro|Techno/House|Dance,WRONG.,267,2,single,11543733,Biscits,79,3810
4209424382,Do For Love,193,0.0,2026-08-21,422995,1048459312,Do For Love,2026-08-21,Electro|Dance,Armada Music,487,4,single,14569723,LP Giobbi,58,2732
4028468891,this is the moment (cuerpo),232,0.0,2026-08-07,516789,985410641,LIFE,2026-08-07,Electro,TRIBE rec,893,118,ep,60518932,Funk Tribu,40,12585
4112655681,Coming Home,188,0.0,2026-07-10,254221,1017121291,Coming Home,2026-07-10,Dance,X Recordings,188,32,single,1418997,Adriatique,33,39277
4138862031,Feels Like Heaven,197,0.0,2026-07-31,513730,1023379541,Feels Like Heaven,2026-07-31,Electro|Techno/House,Steel City Dance Discs,197,6,single,51728812,Loods,31,626
4224499752,So Many Things To Say,180,0.0,2026-09-04,546711,1054450442,So Many Things To Say,2026-09-04,Electro,Steel City Dance Discs,180,11,single,138933832,DJ Heartstring,15,5548
4092363851,Gangsta,172,0.0,2026-08-14,387650,1007469261,Enigma POV,2026-08-14,Electro|Dance,Alta Music Group,2626,246,album,13057631,Channel Tres,69,20286
4192205582,Waiting For You,215,0.0,2026-08-28,552397,1042404532,Waiting For You,2026-08-28,Electro,Drumcode,215,8,single,4052604,Volkoder,93,10745
4158329722,U know me,194,0.0,2026-08-28,450154,1030798342,U know me,2026-08-28,Electro,CSS,194,7,single,412082042,CHRIS STASSY,20,114
4165686562,Heaven Or Hell,163,0.0,2026-08-07,320582,1033693662,9PM,2026-08-07,Dance,Believe Records,667,15,ep,369408,Tinie Tempah,64,861647
4171127282,When The Light Breaks,213,0.0,2026-08-07,422598,1035739812,When The Light Breaks,2026-08-07,Dance,Seeking Blue,213,35,single,5963174,Said The Sky,92,16852
4229537762,Friction,193,0.0,2026-08-28,485963,1056581572,Friction,2026-08-28,Dance,Darkroom Records,193,1,single,4671212,Riordan,39,671
4224776022,Three,179,0.0,2026-08-28,413633,1054561672,Three,2026-08-28,Dance,"Ultra Records, LLC",179,8,single,1620998,Mahmut Orhan,71,37681
4159097432,Love Forever,218,0.0,2026-08-07,436978,1031095172,I Don't Think I Can Stop,2026-08-07,Electro|Dance,Nu Moda,1347,57,ep,6469465,Max Styler,104,6265
4204811982,Forever Now,177,0.0,2026-09-04,575609,1046762612,Forever Now,2026-09-04,Electro|Techno/House|Dance,Ministry of Sound Recordings,177,5,single,8656806,Jayda G,34,19990
4158651202,Another Year Alone (i love you),215,0.0,2026-08-07,494473,1030910232,Another Year Alone (i love you),2026-08-07,Electro|Dance,Steel City Dance Discs,215,15,single,138933832,DJ Heartstring,15,5548
4170242022,Ceremony (Feat. Tailor),209,0.0,2026-08-14,416001,1035383272,Ceremony (Feat. Tailor),2026-08-14,Electro,Boom Records LLC,209,15,single,5372817,Eli & Fur,72,11337
4198895852,Fantasy (Baby if u know me) (feat. Kosmo Kint),190,0.0,2026-08-14,416000,1045101722,Fantasy (Baby if u know me) (feat. Kosmo Kint),2026-08-14,Dance,Room Two Recordings,352,7,single,194584697,Silva Bumpa,30,1053
4224134842,Eat Me Better,188,0.0,2026-08-19,361031,1054304542,Eat Me Better,2026-08-19,Electro,Counter Records,831,11,ep,10268190,nimino,35,3387
4238880602,CONTRABAND,111,0.0,2026-08-21,311515,1060144422,CONTRABAND,2026-08-21,Pop,"Desi Trill Music, under exclusive license to Interscope Records",111,3,single,7669418,Naisha,12,183
4059550011,Electrify,156,0.0,2026-07-10,405391,996680881,Electrify,2026-07-10,Dance,Insomniac Records,156,1,single,1169795,Eli Brown,74,8855
3995003651,Red In The Desert (Joseph Capriati Remix),312,0.0,2026-06-26,362749,973066571,Red In The Desert (Joseph Capriati Remix),2026-06-26,Electro|Techno/House,Fckng Serious,312,43,single,133863,Boris Brejcha,132,264625
4182233952,Fade Into Nothing,209,0.0,2026-08-07,330772,1040212092,Fade Into Nothing,2026-08-07,Dance,Sonic Café,209,3,single,186631257,it's murph,22,1209
4178917432,Touch,221,0.0,2026-08-11,345363,1038957412,Touch,2026-08-11,Dance,"Ultra Records, LLC",221,3,single,312348961,Collect 200,9,220
4087918141,GORGEOUS,139,0.0,2026-07-17,319195,1006004791,GORGEOUS,2026-07-17,Electro|Techno/House,Engeloop Records,139,7,single,255198152,Naarly,114,1091
3592281322,Anchor,206,0.0,2025-12-10,588037,834451672,Anchor,2025-12-10,Electro|Dance,Beyond Rec,206,6,single,4681264,Alex Baker,46,837
3768631802,Fënce,197,0.0,2024-08-29,497855,895719582,Fënce,2024-08-29,Electro,MANARËM,197,9,single,275667011,MANARËM,10,954
2637548762,Always You,203,0.0,2024-02-21,430380,540171602,Always You,2024-02-21,Electro|Dance,Beyond Rec,203,16,single,12820101,Ourson,41,708
2561285482,Better Days,183,0.0,2023-12-15,425608,517437122,Better Days,2023-12-15,Electro,Funfair Records,183,16,single,340186,Rules,40,2597
3324255931,Who I Am,179,0.0,2025-05-09,544204,742314141,Who I Am,2025-05-09,Dance|Pop,Inside Records,179,38,single,14417541,MR TOUT LE MONDE,42,12067
2886812122,Shallow Water,202,0.0,2024-10-25,480043,614193012,Another Touch,2024-10-25,Dance,Mine Recordings,2414,884,album,5254467,Elderbrook,109,43194
1252280012,Electric Feel,213,0.0,2021-03-19,526422,209544362,Electric Feel,2021-03-19,Electro|Dance,Inside Records,213,71,single,5950222,TEEMID,14,9272
4104561291,Wistful,216,0.0,2026-07-31,412029,1011504451,Wistful,2026-07-31,Dance,Beyond Rec,216,0,single,139798722,Garlington,31,68
3611513832,Falling,162,0.0,2025-12-17,417851,841269222,Falling,2025-12-17,Electro|Dance,SUNFLOWER RECORDS,162,8,single,12563798,Mizmo,30,974
2997441491,High Life,142,0.0,2024-10-09,556879,644156841,High Life,2024-10-09,Electro|Dance,SUNFLOWER RECORDS,142,1,single,196953357,Moment in Time,27,183
690343532,Place de l'étoile,189,113.89,2019-06-21,458001,99123632,Place de l'étoile,2019-06-21,Electro|Dance,Inside Records,189,109,single,4550204,Triomphe,45,2682
2461506635,Mwaki,208,0.0,2023-10-27,878233,489951575,SURRENDER,2023-10-27,Dance|Pop,TH3RD BRAIN,1097,1693,ep,8119595,Zerb,64,20298
2986473411,Dame Mas,181,0.0,2024-09-25,390187,640906931,Dame Mas,2024-09-25,Dance,SUNFLOWER RECORDS,181,9,single,237500051,RUSH AVENUE,22,977
3100360611,Hey Ya!,169,0.0,2024-11-29,591196,672489421,Hey Ya!,2024-11-29,Electro|Dance,Inside Records,169,195,single,12241710,PLÜM,103,17270
3782509732,Get To You,159,0.0,2026-02-25,573916,900429262,Get To You,2026-02-25,Electro|Dance,SUNFLOWER RECORDS,159,2,single,200878887,Tom Kha,28,169
1635346072,Original Sin,171,0.0,2022-02-04,536889,290786562,Original Sin,2022-02-04,Dance,"Ultra Records, LLC",171,359,single,7988922,Sofi Tukker,137,73938
3905198341,Drummin,135,0.0,2026-04-22,403917,941467931,Drummin,2026-04-22,Electro|Dance,SUNFLOWER RECORDS,135,1,single,392090641,Benne,5,105
1012975162,Wonderwall,247,0.0,2020-05-27,555699,158906522,Wonderwall,2020-05-27,Dance,INSIDE RECORDS,247,292,single,5950222,TEEMID,14,9272
2934310591,Never Go Back,184,0.0,2024-09-11,441728,625271711,Never Go Back,2024-09-11,Electro|Dance,SUNFLOWER RECORDS,184,3,single,128138402,Pablo Leo,15,640
3689445102,something about u,240,0.0,2026-01-02,580784,867728652,something about u,2026-01-02,Electro|Dance,Inside Records,240,8,single,192268277,heylucas,29,337
3832440281,i'll find you,183,0.0,2026-03-06,572469,914989451,i'll find you,2026-03-06,Dance,Inside Records,183,8,single,58687612,Holseek,34,563
942899052,Never Known,180,0.0,2020-05-22,521736,144681952,Never Known,2020-05-22,Electro|Dance,Inside Records,180,39,single,14417541,MR TOUT LE MONDE,42,12067
3374490861,Go Back (Someday),133,0.0,2025-06-25,398884,759352861,Go Back (Someday),2025-06-25,Electro|Dance,SUNFLOWER RECORDS,133,1,single,200878887,Tom Kha,28,169
3720047302,Tell Me,149,0.0,2026-03-18,377562,878613602,Tell Me,2026-03-18,Electro|Dance,SUNFLOWER RECORDS,149,1,single,351193762,DÏVÄG,12,153
2800505992,Stolen Dance,205,0.0,2024-05-31,568133,586584172,Stolen Dance,2024-05-31,Electro|Dance,Inside Records,205,93,single,12241710,PLÜM,103,17270
2359068645,Shade In The Summer,166,0.0,2023-08-02,461449,462024835,Shade In The Summer,2023-08-02,Electro|Dance,Beyond Rec,166,18,single,188234177,Lost In Pacific,25,309
100001884,Alone,273,116.1,2015-05-18,567063,10238838,Alone,2015-05-18,Electro|Dance,Inside Records,273,5164,single,7912872,Petit Biscuit,52,536855
1365545932,Fever,173,0.0,2021-06-15,502340,228347352,Fever,2021-06-15,Dance,Beyond Rec,173,61,single,192268277,heylucas,29,337
2095635917,Chemicals,156,0.0,2023-01-25,474333,393115507,Chemicals,2023-01-25,Electro|Dance,Inside Records,156,37,single,12628105,Lonely in the Rain,76,4701
3627659002,I cry when I think of you,146,0.0,2025-11-21,404668,846713322,I cry when I think of you,2025-11-21,Electro|Dance,Inside Records,146,2,single,58687612,Holseek,34,563
3445724721,Asambe,173,0.0,2025-08-20,367914,783107861,Asambe,2025-08-20,Electro|Dance,Beyond Rec,173,4,single,200878887,Tom Kha,28,169
1612647492,Crazy,220,0.0,2022-02-11,544296,285523932,Crazy,2022-02-11,Electro|Dance,Inside Records,220,143,single,12241710,PLÜM,103,17270
378940811,Because You Move Me,196,0.0,2017-07-31,761737,43943541,Because You Move Me,2017-07-31,Electro|Dance,Armada Electronic Elements,196,1231,single,4105090,Tinlicker,86,24957
2852278042,Oh La La La (Hot Summer Night),212,0.0,2024-07-12,573188,603389352,Oh La La La (Hot Summer Night),2024-07-12,Dance,SUNFLOWER RECORDS,212,116,single,270187562,Tasty Or Not,6,925
2138216067,Euphoria,218,0.0,2023-05-26,569774,404413497,Euphoria,2023-05-26,Electro|Dance,Inside Records,1152,109,ep,192268277,heylucas,29,337
1239694902,Marea (we’ve lost dancing),285,0.0,2021-02-22,831958,206690092,Marea (we’ve lost dancing),2021-02-22,Electro|Dance,Atlantic Records UK,285,3083,single,76053262,Fred again..,94,124413
1938687077,Stay,174,0.0,2022-12-09,492295,361605837,Stay,2022-12-09,Electro|Techno/House|Dance,Inside Records,174,331,single,12241710,PLÜM,103,17270
2255776767,All The Stars,158,0.0,2023-05-17,461894,434314847,All The Stars,2023-05-17,Electro|Dance,Inside Records,158,57,single,12628105,Lonely in the Rain,76,4701
2188054387,Matter of Time,240,0.0,2021-05-13,487187,416734867,Matter of Time,2021-05-13,Electro,TH3RD BRAIN,240,70,single,10043194,Vandelux,60,1764
2563204232,1+1=1,212,0.0,2023-12-20,447311,517939392,1+1=1,2023-12-20,Electro|Dance,Beyond Rec,212,10,single,12620663,XYSM,47,113
3264356521,Find You,159,0.0,2025-03-19,363005,722768371,Find You,2025-03-19,Electro|Dance,SUNFLOWER RECORDS,159,0,single,49444432,Lenji,38,154
3749167792,Simple Things,201,0.0,2026-03-06,614462,888423252,Simple Things,2026-03-06,Electro|Dance,Inside Records,201,12,single,14417541,MR TOUT LE MONDE,42,12067
2823893032,Move,177,0.0,2024-06-07,919599,593916522,Move,2024-06-07,Electro,Keinemusik,177,5469,single,262264,Adam Port,46,50054
2709599752,Un Autre Monde,153,0.0,2024-04-17,418165,561662282,Un Autre Monde,2024-04-17,Electro|Dance,SUNFLOWER RECORDS,153,4,single,200878887,Tom Kha,28,169
3638228622,Seven Nation Army,128,0.0,2025-12-03,590172,850379342,Seven Nation Army,2025-12-03,Electro|Dance,SUNFLOWER RECORDS,128,5,single,262259231,FRENCHGRL,9,276
3359833331,Everything In Its Right Place,168,0.0,2025-06-04,479463,754353561,Everything In Its Right Place,2025-06-04,Dance,SUNFLOWER RECORDS,168,10,single,272998952,Nomore,9,48
2349872515,Here Comes The Sun,145,0.0,2023-07-14,442542,459582745,Here Comes The Sun,2023-07-14,Electro|Dance,Inside Records,290,54,single,5950222,TEEMID,14,9272
2547276232,Greedy,142,0.0,2023-11-29,449857,513861552,Greedy,2023-11-29,Electro|Dance,SUNFLOWER RECORDS,142,16,single,219396475,Bleu Azur,11,163
4135435831,see u smile (all of my love),194,0.0,2026-09-04,684861,1022260671,a nice place to be,2026-09-04,Dance,"Animal Sauvage, Nowadays Records",2459,726,album,4777395,Fakear,61,209098
4064086331,Addicted,164,0.0,2026-06-26,655834,998354871,Addicted,2026-06-26,Electro,Smash The House,164,158,single,5595093,Mosimann,112,111411
4122100871,Struggle,255,0.0,2026-07-23,573200,1017288231,Struggle,2026-07-23,Electro|Dance|Rap/Hip Hop,Animal63,255,46,single,78425292,Enfant Sauvage,5,4207
4151274882,Colors Collide,215,0.0,2026-09-04,722769,1028105402,Colors Collide,2026-09-04,Electro,"IN/EX, le label de Grand Bonheur",215,72,single,6927617,French 79,44,66943
3989537441,Fior Di Macchia,318,0.0,2026-05-27,627590,971200541,Fior Di Macchia,2026-05-27,Dance,All Night Long,318,157,single,171883,NTO,72,108783
4181683162,Shark Island (Catching Flies Remix),199,0.0,2026-09-04,647102,1040014942,Shark Island (Catching Flies Remix),2026-09-04,Electro,Intuitive Records,199,59,single,106574,Thylacine,52,130589
4207662422,Dance Dance Dance! (Cassius Remix),217,0.0,2026-08-14,431074,1047750302,Dance Dance Dance! (Cassius Remix),2026-08-14,Electro|Dance,Atlantic Records UK,217,7,single,110278032,Barry Can’t Swim,38,4746
4062371591,Power Generator,297,0.0,2026-09-04,480742,997710701,Power Generator,2026-09-04,Electro,A4H,297,11,single,3776,The Hacker,44,27331
4130689821,Human Voice,396,0.0,2026-07-31,525863,1020470011,Human Voice,2026-07-31,Electro,Text Records,906,160,single,1744,Four Tet,58,447193
4121335981,WANNA GET DOWN,192,0.0,2026-07-24,429357,1017049091,"NEW PERSPECTIVES, VOL. 1",2026-07-24,Electro|Techno/House,TONIQUE Records – Grand Musique Management,552,30,single,1690810,Jean Tonique,40,12891
4185096892,Elle ne t'aime pas (10th Anniversary Remix),193,0.0,2026-09-02,735952,1041318822,Elle ne t'aime pas (10th Anniversary Remix),2026-09-02,Electro|Pop|Rock,Disque Pointu,193,123,single,995510,La Femme,31,274976
4107084411,Perseverance,219,0.0,2026-07-17,473873,1012365751,Perseverance,2026-07-17,Electro,PACT Music,219,17,single,511975,Joachim Pastor,67,44505
4234208912,Sick again,196,0.0,2026-09-04,427266,1058374562,Sick again,2026-09-04,Electro,Fool's Gold Records,1047,29,ep,9593792,Mad Rey,39,4586
4207114532,Angel Wings (Qrion Remix),275,0.0,2026-09-04,345293,1047545932,Angel Wings (Qrion Remix),2026-09-04,Electro,Pyur Beats Inc,275,0,single,6227100,Alex Lustig,65,2150
4192496742,Picasso,180,0.0,2026-08-06,678367,1042523622,Picasso,2026-08-06,Electro,Universal Music Distributed Deals,180,563,single,5497121,Bigflo & Oli,44,1475292
4155779882,Together (Demo),274,0.0,2026-07-30,393109,1029813382,Together (Demo),2026-07-30,Electro,Ninja Tune,492,23,single,1380470,Maribou State,43,22087
4138428551,Hard Beat,225,0.0,2026-07-21,490029,1023241051,Hard Beat,2026-07-21,Alternative|Electro,Atlantic Records,225,64,single,8512914,Boy Harsher,25,30759
4116552881,You Don't Want To Think About It,143,0.0,2026-07-24,509770,1015211031,You Don't Want To Think About It,2026-07-24,Electro|Techno/House|Dance,Defected Records,430,5,single,51335262,Oden & Fatzo,42,4796
4099668071,Feeling For You (Fcukers & Junior Sanchez Remix),228,0.0,2026-07-17,476219,1009748161,Feeling For You (Fcukers & Junior Sanchez Remix),2026-07-17,Electro,Love Supreme / Justice,228,46,single,2049,Cassius,29,134852
4144202572,Abasazi,195,0.0,2026-08-07,344759,1025281422,Abasazi,2026-08-07,,Novaj 新し Records,195,3,single,137503622,NoVaj,51,34
4114424831,Jomox,176,0.0,2026-07-31,399875,1014486001,Jomox,2026-07-31,Alternative|Rock indé|Dance|Grime,Fabric Records,176,20,single,407858,Mount Kimbie,53,43417
4108337831,Ignition,319,0.0,2026-07-28,353639,1012679141,Ignition,2026-07-28,Electro,Mute,565,12,single,11544631,HAAi,39,3141
4126902601,Prêle,131,0.0,2026-08-07,310772,1069216811,Flore,2026-08-07,Electro,Nowadays Records,1356,0,album,78531742,Blanka,22,297
4088813682,Only One,178,0.0,2026-07-24,371768,1006267772,Only One,2026-07-24,Electro|Dance,Alta Music Group,178,7,single,13057631,Channel Tres,69,20286
4170412982,soul reply,179,0.0,2026-07-31,388051,1035447732,soul reply,2026-07-31,Dance,Atlantic Records UK,179,3,single,4046809,salute,86,2956
4159341762,Solar Skin,149,0.0,2026-07-24,497342,1031199992,Solar Skin,2026-07-24,Dance,Beleza,149,21,single,5435357,Carlita,33,1884
4045989941,Kubla Khan (Paul Epworth Extended Version),303,0.0,2026-07-24,395538,991671551,Allbarone Versions,2026-07-21,Alternative,Heavenly Recordings,1840,328,ep,3770,Baxter Dury,37,46133
3982538001,Ma7boubi,216,0.0,2026-06-19,451961,968652511,Resonance,2026-06-19,Musique arabe|Dance,All Night Long,4244,1416,album,4844362,Acid Arab,42,33695
4131185331,Scramble,91,0.0,2026-07-22,349002,1020631931,Crystallise Divergence,2026-07-22,Electro,XL Recordings,778,63,ep,7850514,Danny L Harle,39,4198
4138627811,Change,207,0.0,2026-07-17,567911,1023302061,Change,2026-07-17,Electro,Ninja Tune,675,23,single,73836672,Chloé Caillet,35,1755
4082880501,Small Hours,251,0.0,2026-07-22,55716,1000316781,Roosevelt (10th Anniversary Edition),2016-08-19,Electro,City Slang,5712,124,album,85901,Roosevelt,31,27088
4123693171,Amnesia (Notre Dame & Harry Kaze Remix),243,0.0,2026-07-17,444568,1017862841,Amnesia (Notre Dame & Harry Kaze Remix),2026-07-17,Electro|Dance,Because Music / Horizons,434,136,single,1408,Sébastien Tellier,62,182200
3996604461,CPR (horsegiirL remix),202,0.0,2026-06-25,440829,973703881,CPR (horsegiirL remix),2026-06-25,Alternative,Domino Recording Co.,749,109,ep,134334152,Wet Leg,15,61491
4047700211,Cache (Club Edit),266,0.0,2026-07-17,308081,992234341,Reviens (Remixes),2026-07-17,Electro,Crosswalk Records,758,2,single,6125004,Moi Je,14,3745
4005667561,What You Want (SG Lewis Remix),198,0.0,2026-05-29,496573,977133451,What You Want (SG Lewis Remix),2026-05-29,Electro,Angèle VL Records,386,459,single,1042268,Angèle,36,1721784
4117641071,I Cared For You (Tony Romera Remix),211,0.0,2026-07-17,360952,1015545991,I Cared For You (Remixes),2026-07-17,Electro|Dance,All Night Long,1292,7,single,171883,NTO,72,108783
4088911501,Paris Worldwide,247,0.0,2026-06-21,531777,1006302831,Paris Worldwide,2026-06-21,Electro,Ed Banger Records,247,101,single,12439,Busy P,14,67131
4107346291,always the same thing,136,0.0,2026-07-10,384541,1012451561,always the same thing,2026-07-10,Dance|Pop,Luxie,136,25,single,10339240,Luxie,21,699
4121912401,Tempête,258,0.0,2026-07-09,546414,1017227191,Tempête,2026-07-09,Alternative|Pop,Universeul,258,169,single,1202456,Odezenne,33,132124
4062154301,Mizuiro,376,0.0,2026-06-26,324782,997626041,MIZUIRO,2026-06-26,Electro,TD Musique - Grand Musique Management,2318,89,album,72042,Tepr,23,5405
3964657541,Tout le Monde,163,0.0,2026-07-10,321211,962822721,Overload EP,2026-07-10,Alternative,Def Pressé,1146,40,ep,57527192,MADMADMAD,19,1027
4098083601,Malibu,172,0.0,2026-07-01,388994,1009318621,Malibu,2026-07-01,Pop,Universal Music Distribution Deal,172,8,single,1661991,Montmartre,61,10613
4033933561,Changes Rising,196,0.0,2026-09-11,495596,987345321,Tyber,2026-09-11,Alternative|Electro,Roche Musique,2150,443,album,4738512,FKJ,36,156584
4059935251,I can send you to space,453,0.0,2026-07-03,297163,996832971,Parsons,2026-07-03,Electro,Aus Music,1069,27,ep,565118,Bambounou,34,9530
4064091811,Gravity (ft KUČKA),259,0.0,2026-07-01,304489,998357171,Gravity / Chaos Flow,2026-07-01,Electro|Dance,LUCKYME®,384,8,single,3720401,Baauer,56,12178
4021091051,We Were Little (rRoxymore Remix),411,0.0,2026-06-19,272691,982583501,We Were Little (Remixes),2026-06-19,Electro|Techno/House|Dance,Sapiens Recordings,1022,4,single,6428,Agoria,81,69105
3972067871,Voicetrack Generation,253,0.0,2026-05-29,519805,965400701,Voicetrack Generation,2026-05-29,Electro|Dance,Mama told ya,253,27,single,9852714,Anetha,23,14000
4098887161,Bedroom Eyes,216,0.0,2026-06-24,411716,1009546161,Bedroom Eyes,2026-06-24,Electro,Counter Records,216,17,single,1088905,Poolside,74,13906
4064448511,espiral,219,0.0,2026-06-30,357270,998501171,espiral,2026-06-30,Electro,Smugglers Way,219,6,single,9037230,Ela Minus,27,6205
4057534211,Fièvre !,216,0.0,2026-06-17,384599,995978921,Fièvre !,2026-06-17,Electro|Electro Pop/Electro Rock|Pop,Joanna Club,216,38,single,57503302,Joanna,21,9294
4060309371,Infinite Girl,191,0.0,2026-06-19,429643,996941421,Infinite Girl,2026-06-19,Pop,No Start No End,191,44,single,85886992,Aime Simone,32,32158
4088339011,Gimon,163,0.0,2026-07-03,331971,1006134801,Gimon,2026-07-03,Electro|Techno/House,Morning Crash Records,163,11,single,4476139,Les Gordon,57,38107
3989942211,Rush,167,0.0,2026-06-12,401086,971336631,Rush,2026-06-12,Electro|Dance,Circa '99,167,6,single,4085514,Boston Bun,53,11655
4064774491,Heat (Anoraak Remix Edit),217,0.0,2026-06-26,279817,998614551,Heat (Anoraak Remix),2026-06-26,Electro,Boogie Angst,803,9,single,4540,Kraak & Smaak,117,13838
4074824891,summer 26,176,0.0,2026-06-22,311264,1001411801,summer 26,2026-06-22,Dance,Groover Obsessions,176,12,single,4497168,UN*DEUX,36,5098
4081751681,Unbound,293,0.0,2026-06-18,403264,1003644081,Unbound,2026-06-18,Electro,PRINCE 85,293,22,single,4097180,Prince 85,8,972
4075704071,"Never Did, Never Will",209,0.0,2026-06-26,242011,1001736291,Ring Ring !,2026-06-26,Disco,Love Letters Records.,1023,2,ep,185647697,Housecall,7,139
4072637291,Seesaw,238,0.0,2026-06-17,248990,1000793961,Seesaw,2026-06-17,Alternative|Pop,b4 sounds,238,3,single,10445334,Faux Real,11,1133
4081735331,Dancing in the Rain,250,0.0,2026-06-18,370798,1003637501,Dancing in the Rain,2026-06-18,Electro,Universal Music Division Polydor France,250,26,single,153394,The Supermen Lovers,53,16243
3906159641,The Wave,165,0.0,2026-06-05,327268,941746131,If This Is It,2026-06-05,Electro,Ninja Tune,2515,262,album,11527131,DJ Seinfeld,42,3425
4059004771,Découvre (Vantage Remix),252,0.0,2026-06-18,289638,996491601,Découvre (Vantage Remix),2026-06-18,Dance,Crosswalk Records,252,0,single,6125004,Moi Je,14,3745
4004954151,Mesmerized (Dirtwire Remix Edit),240,0.0,2026-06-12,268651,976898331,Mesmerized (Dirtwire Remix),2026-06-12,Electro,Embassy One,583,17,single,7087511,Monolink,67,46299
4044491681,Let's Dance,279,0.0,2026-06-18,252446,991175361,Balliamo EP,2026-06-18,Electro|Techno/House,Snatch! Records,800,16,ep,65514082,Marina Trench,23,1040
3983481001,Yasmine Alsham,289,0.0,2026-05-20,430901,968865331,Yasmine Alsham,2026-05-20,Musique arabe|Dance,All Night Long,289,65,single,4844362,Acid Arab,42,33695
3960282531,Verba Aliena,163,0.0,2026-06-12,479793,961363351,Megaptera (Original Soundtrack from the Movie the Musician and the Whale),2026-06-12,Electro,InFiné,2481,3662,album,372244,Rone,52,139818
4033418141,Capitale,171,0.0,2026-06-12,624204,987172241,Capitale,2026-06-12,Pop,House of Hassani,331,863,single,11523925,Bilal Hassani,45,46238
3922784481,Roads,226,0.0,2026-06-11,315018,947924051,Roads,2026-06-11,Electro,L’ordre Music,226,16,single,1431036,Else,23,41099
4047671161,You Retreat In Time And Space,325,0.0,2026-05-29,520405,992223821,Inferno,2026-05-29,Alternative|Electro,Warp Records,4192,9738,album,1098,Boards of Canada,13,275217
3990011021,A Gate To Another World,273,0.0,2026-05-29,264390,971357151,A Gate To Another World,2026-05-29,Electro|Dance,Es Mi Momento,273,5,single,1391662,Zimmer,33,10274
4031574741,Further,242,0.0,2026-06-05,345986,986487281,Dreams At Dusk Part II,2026-06-05,Electro|Dance|Trance,[PIAS] Électronique,1519,81,ep,5372817,Eli & Fur,72,11337
4007691111,Soft P*rn (MEYEM Remix),185,0.0,2026-05-27,249155,977861341,Soft P*rn (MEYEM Remix),2026-05-27,Electro,Intuitio,185,3,single,4959037,Olivia Merilahti,11,1357
3994906511,MAGIQUE,187,0.0,2026-05-28,267740,973040771,MAGIQUE,2026-05-28,Alternative,Wagram Music / Cinq 7,187,34,single,119871642,KALIKA,21,9326
3952298851,Bangalter: Mythologies: XIX. Circonvolutions (Remix),130,0.0,2026-05-28,304929,958270441,Circonvolutions,2026-05-28,Classique,Warner Classics,130,38,single,4490,Thomas Bangalter,11,25852
3917594461,"Midnight Sky, Pt. II",178,0.0,2026-05-29,468453,945966381,Movement,2026-05-29,Electro|Dance,Écurie,2752,1086,album,7912872,Petit Biscuit,52,536855
3908240191,Four Seasons,252,0.0,2026-05-29,517699,942437971,Optimism,2026-05-28,Dance|Disco,Magnetism,2204,522,album,2508,Digitalism,87,161510
4019248481,We Can Work It Out (Ouai Stéphane Remix),249,0.0,2026-05-25,227868,981902531,We Can Work It Out (Ouai Stéphane Remix),2026-05-25,Electro,FAÇON CONTRAIRE,249,1,single,10396550,Contrefaçon,33,6625
3951834751,Cimetière - version Ariane Moffatt (P&J),298,0.0,2026-05-26,241378,958107111,Cimetière - version Ariane Moffatt (P&J),2026-05-26,Alternative|Pop,Lighter Than Air / Délicieuse Musique,298,7,single,217753995,Grand Eugene,21,344
3776383412,Nacar,240,0.0,2026-05-15,404692,898236552,Nacar,2026-05-15,Electro,Parra for Cuva,2976,612,album,4863819,Parra For Cuva,47,39585
3931029671,Softskin,184,0.0,2026-04-29,416051,951072941,Softskin,2026-04-29,Electro|Dance|Pop,All Night Long,184,81,single,56333,Kid Francescoli,31,62521
3968064981,Never Be Defeated (Club Nowadays 042),235,0.0,2026-05-13,231059,963779741,Never Be Defeated (Club Nowadays 042),2026-05-13,Electro|Dance,Nowadays Records,235,4,single,13594397,Mira Lo,19,382
3994800221,Isabelle,160,0.0,2026-05-13,642554,973024451,Isabelle,2026-05-13,Electro|Techno/House|Dance|Films/Jeux vidéo,All Night Long,160,63,single,5922059,Upsilone,15,6069
3964824021,There's A Storm Coming,209,0.0,2026-05-15,207580,962881391,Honey n' Crows n' Violence,2026-05-15,Alternative|Pop Indé,Antipodes,1496,34,album,117074212,Sainte Victoire,18,252
3961853791,Fire Away,207,0.0,2026-05-01,15388,958562331,Fire Away,2026-05-07,Electro,Mom+Pop Music,207,50,single,1517560,Madeon,28,422521
3840461741,La douceur,295,0.0,2026-04-24,299838,917748801,Le disque de ma mère,2026-04-24,Chanson française|Pop,Banville,2238,741,album,4048202,Superpoze,22,37906
3925827091,Navara Pursuit,128,0.0,2026-05-06,230657,948987801,Mi Amor (Bande originale du film),2026-05-06,,ONZE,4123,293,album,5853435,Irène Drésel,21,22196
3953557091,Estafette,158,0.0,2026-05-06,25046,1030016072,Estafette,2026-05-06,Electro|Dance,Warriorecords,158,2,single,68580,Sexy sushi,10,70214
3932502281,World Away (Nala Remix),242,0.0,2026-04-24,233289,951609791,WARM UP REMIXES,2026-04-24,Dance,Pixadelic,3293,161,album,2318,Etienne de Crécy,73,110226
3842239741,Love Is The Dance,252,0.0,2026-03-13,399889,918164801,Love Is The Dance,2026-03-13,Electro|Techno/House,Innervisions,1248,45,ep,9085,Âme,35,19604
3878522521,mind be so numb,195,0.0,2026-04-24,220751,931510541,the party is where u.r.,2026-04-24,Electro,Because Music & ultra rare,1053,77,ep,68975722,U.R.Trax,23,1001
3886708461,The Sun Comes Up Tremendous,213,0.0,2026-04-01,511595,934540861,The Sun Comes Up Tremendous,2026-04-01,Dance,Disorder,213,193,single,409796,Disclosure,84,985658
3920211211,Flashes,360,0.0,2026-04-24,277454,946981371,Flashes,2026-04-24,Electro,Lumière Noire Records,1018,36,ep,6196896,Maud Geffray,23,4451
3803634252,Watch Me,219,0.0,2026-04-02,285129,905347952,50KWTTS,2026-04-02,Alternative,Profil de Face,2257,832,album,10504527,Lewis OfMan,38,20388
762069052,Something About You (Chill Mix),166,0.0,2019-10-04,532541,112396062,Something About You (Chill Mix),2019-10-04,Electro|Dance,Parlophone UK,166,135,single,5254467,Elderbrook,109,43194
1500163272,Feel This Way,220,0.0,2022-01-12,547404,260339182,Always a Light On,2022-01-12,Dance,Inside Records,974,151,ep,12628105,Lonely in the Rain,76,4701
2884514712,Floating,160,0.0,2024-08-14,541281,613612282,Floating,2024-08-14,Electro|Dance,SUNFLOWER RECORDS,160,7,single,196953357,Moment in Time,27,183
1552207722,Before The Sun,181,0.0,2021-12-03,474088,272521392,Before The Sun,2021-12-03,Electro,Inside Records,181,9,single,11894875,Panta Ray,19,162
