id,title,duration,bpm,release_date,rank,album_id,album_title,album_release_date,album_genres,album_label,album_duration,album_nb_fan,album_record_type,artist_id,artist_name,artist_nb_album,artist_nb_fan
15604774,Eres para Mí,193,97.1,2006-05-25,570729,1441890,Limon Y Sal,2006-05-25,Pop|Latino,Ariola,2797,15684,album,4477,Julieta Venegas,51,584640
15604765,Me Voy,188,107.9,2006-05-25,581229,1441890,Limon Y Sal,2006-05-25,Pop|Latino,Ariola,2797,15684,album,4477,Julieta Venegas,51,584640
2939056291,Juntos / Al Rescate ¡Ya! (2000's X Siempre En Vivo Desde El Pepsi Center De La CDMX),276,0.0,2024-08-09,20930,723022311,Juntos / Al Rescate ¡Ya! (2000's X Siempre En Vivo Desde El Pepsi Center De La CDMX),2024-08-09,Pop,Bobo Music,276,2,single,256911202,2000's X Siempre,59,301
2265078,Rosa Pastel,186,128.0,2005-06-15,615369,226256,Dulce Beat,2005-01-01,Pop,Universal Music Mexico,2216,8262,album,5839,Belanova,16,180974
1065541912,Sálvame,221,0.0,2020-09-04,582428,170197682,Rebelde,2005-01-11,Pop,Universal Music Mexico,2223,42616,album,4475,RBD,27,499680
562487,Hips Don't Lie (feat. Wyclef Jean),221,0.0,2005-11-28,8834,763994911,"Oral Fixation, Vol. 2 (Expanded Edition)",2005-11-28,Pop,Epic,3691,4385,album,160,Shakira,71,11697092
993666,Ven Conmigo (Solamente Tú),192,118.8,1999-12-30,443639,110044,Mi Reflejo,1999-12-30,Pop,RCA Records Label,3354,23305,album,116,Christina Aguilera,31,3909408
476739462,The Ketchup Song (Aserejé) (Spanish Version),213,184.57,2018-04-13,779219,59626962,Aserejé (The Ketchup Song),2018-04-13,Pop,Sony Music Publishing Spain,2018,7343,album,4312,Las Ketchup,8,28948
3011913,Y Yo Sigo Aqui (Spanglish),253,126.0,2005-01-01,445273,291767,Paulina,2000-05-23,Pop,Universal Music Mexico,2914,7791,album,1464,Paulina Rubio,35,672817
3085505,Entre tú y mil mares,228,110.8,2000-09-12,570692,298905,Entre tú y mil mares,2000-09-12,Pop,CGD/EastWest Italy,3004,7580,album,1456,Laura Pausini,117,1061920
4104710,Bonito,254,114.2,2005-10-31,534964,382693,Bonito,2003-03-28,Pop|Rock,WM Spain,3475,4556,album,5678,Jarabe de Palo,55,569292
6304467,Shabadabada,234,175.9,2000-06-29,475873,577540,CD00,2010-06-07,Pop,Columbia,2922,4139,album,491621,OV7,16,203836
109085614,Don,183,119.84,2008-04-01,585075,11366648,El Templo del Pop,2012-09-07,Pop|Latino,Pelo Music S.A.,4640,5626,album,4996,Miranda!,71,282588
783900,Espacio sideral,222,90.1,2006-07-18,503284,91775,Esta Es Mi Vida,2006-07-18,Pop|Latino,WM Mexico,2628,14133,album,67672,Jesse & Joy,54,1280223
4211243,Inolvidable,223,123.0,2009-08-23,569473,392248,Un Dia Mas (Edicion Especial),2009-08-13,Pop,Columbia,3079,21858,album,4476,Reik,76,2915805
1065541812,Rebelde,212,0.0,2020-09-04,519443,170197682,Rebelde,2005-01-11,Pop,Universal Music Mexico,2223,42616,album,4475,RBD,27,499680
726326,"Te lo agradezco, pero no (feat. Shakira)",273,149.8,2006-11-07,523434,86588,El tren de los momentos,2006-11-07,Pop,WM Spain,2413,10145,album,4479,Alejandro Sanz,88,1414523
2794656,Víveme,236,136.0,2004-12-14,507078,271578,Escucha,2004-10-22,Pop,WM Italy,2499,3511,album,1456,Laura Pausini,117,1061920
3255052,Arrasando,243,132.1,2000-04-13,419182,310492,Arrasando,2000-04-13,Pop,Capitol Latin,2932,9953,album,710,Thalia,88,1489009
15212551,"Suerte (Whenever, Wherever)",194,109.1,2001-11-13,530017,1401302,Laundry Service,2001-11-13,Latino,Epic,2937,66441,album,160,Shakira,71,11697092
84141319,Tú No Eres Para Mi,207,124.91,2009-11-17,435953,8473325,6 Super Hits,2009-11-17,Pop|Latino,National Own,1330,194,ep,80772,Fanny Lu,48,382536
597820,La Playa,247,88.5,2004-05-10,593212,75353,París,2004-05-10,Pop,Sony Music Entertainment,2552,26951,album,1434,La Oreja de Van Gogh,50,816130
2538912,Fotografía,238,170.1,2002-05-21,458644,248769,Un Día Normal,2005-12-13,Latino,Int'l Latin America,2546,7984,album,70,Juanes,109,1624325
6608954,Noviembre Sin Ti,203,133.8,2005-05-24,549847,611040,Reik,2005-03-02,Pop,Columbia,2234,48571,album,4476,Reik,76,2915805
385097421,Gasolina,192,192.3,2004-07-13,26225,691271171,Barrio Fino (Bonus Track Version),2005-02-01,Latino,Craft Latino,4277,4914,album,3839,Daddy Yankee,115,7158867
3366545,Sabes A Chocolate,226,110.0,2007-04-03,469680,320200,"A.B. Quintanilla III Presents Kumbia Kings Greatest Hits ""Album Versions""",2007-04-03,Pop,Capitol Latin,2705,16707,album,4174,Kumbia Kings,7,31933
1065541822,Sólo Quédate En Silencio,217,0.0,2020-09-04,581473,170197682,Rebelde,2005-01-11,Pop,Universal Music Mexico,2223,42616,album,4475,RBD,27,499680
10066252,Ahora Quien,305,130.0,2011-03-08,366465,921156,Dos Clásicos,2011-03-07,Latino,Sony Music Latin,5095,37158,album,112,Marc Anthony,68,2604896
6608950,Qué Vida la Mía,171,98.0,2005-05-24,523416,611040,Reik,2005-03-02,Pop,Columbia,2234,48571,album,4476,Reik,76,2915805
1155001,La Camisa Negra,216,97.0,2006-02-20,856672,123701,Mi Sangre,2004-01-01,Latino,National Own (UC),3859,23087,album,70,Juanes,109,1624325
15404858,Las de la Intuición,220,130.0,2005-06-03,7761,763994091,Fijación Oral Volumen 1,2005-06-03,Pop,Epic,2803,2492,album,160,Shakira,71,11697092
467859662,Todavia,203,113.27,2018-03-02,13651,369762387,Dj Pablito Presenta- La Factoría,2018-03-02,Rap/Hip Hop|Reggae|Dancehall/Ragga,Dj Pablito,3205,132,album,76565,La Factoria,18,55546
15376022,Desde Que Llegaste,218,0.0,2004-09-14,464142,1419928,Reyli En La Luna,2004-09-14,Pop|Latino,Pop Music,3038,9613,album,194042,Reyli Barba,36,72076
2265083,Por Ti,215,137.8,2005-06-15,517441,226256,Dulce Beat,2005-01-01,Pop,Universal Music Mexico,2216,8262,album,5839,Belanova,16,180974
1065544492,Tras De Mí,192,0.0,2020-09-04,530938,170198342,Nuestro Amor,2005-09-22,Pop,Universal Music Mexico,2907,27264,album,4475,RBD,27,499680
15404852,La Tortura (feat. Alejandro Sanz),212,199.7,2005-06-03,15831,763994091,Fijación Oral Volumen 1,2005-06-03,Pop,Epic,2803,2492,album,160,Shakira,71,11697092
13274121,Ángel,220,164.1,2003-08-05,518369,1216216,Belinda,2003-05-08,Pop|Latino,Ariola,2698,7781,album,6329,Belinda,43,726393
3255149,A Quien Le Importa,224,130.8,2002-05-21,446852,310499,Thalia,2002-05-21,Latino,Capitol Latin,3693,9796,album,710,Thalia,88,1489009
797372,Labios Compartidos,317,162.1,2006-08-22,628948,93062,Amar es Combatir (Limited Edition CD+DVD),2006-05-09,Pop,WM Mexico,4429,34965,album,4115,Maná,57,1777611
3588711,Mi Primer Millon,237,103.1,2006-05-23,475074,338977,Grandes Exitos,2006-05-23,Pop|Latino,WEA Latina,3658,23410,album,4098,Bacilos,47,140120
3011919,Yo No Soy Esa Mujer,224,103.9,2005-01-01,455235,291767,Paulina,2000-05-23,Pop,Universal Music Mexico,2914,7791,album,1464,Paulina Rubio,35,672817
13263544,Que Lloro,240,140.15,2003-10-01,562040,1215466,De Viaje,2015-10-01,Pop,Epic,3906,13146,album,1461,Sin Bandera,24,1039697
91018387,El Problema,329,0.0,2025-01-30,8974,694477691,Santo Pecado,2014-12-02,Pop,Metamorfosis Enterprises Limited,3876,954,album,4938,Ricardo Arjona,58,2918386
2250256,Eres,267,149.8,2003-06-04,606161,224715,Cuatro Caminos,2003-06-04,Latino,Geffen*,3187,9621,album,74311,Café Tacvba,22,979956
1065545642,Empezar Desde Cero,194,0.0,2020-09-04,379473,170198552,Empezar Desde Cero,2017-04-26,Pop,Universal Music Mexico,2884,14726,album,4475,RBD,27,499680
5316910,Duele El Amor,273,130.0,2004-02-06,582131,487371,Mundo Lite,2004-02-06,Latino,Capitol Latin,3001,3516,album,5677,Aleks Syntek,87,206282
13208810,Torero,217,136.0,2002-03-19,506744,1211200,Grandes Exitos,2002-03-19,Pop,Pop Music,3498,26142,album,3873,Chayanne,71,1729146
6304464,Enloquéceme,250,106.8,2000-06-29,430316,577540,CD00,2010-06-07,Pop,Columbia,2922,4139,album,491621,OV7,16,203836
3135563,Veridis Quo,345,0.0,2001-03-12,928445,302127,Discovery,2001-03-07,Electro,Daft Life Ltd./ADA France,3662,340917,album,27,Daft Punk,39,5202048
613093802,Femme Like U,249,117.12,2019-01-11,953116,83509952,La Good Life,2019-01-11,Rap/Hip Hop,Universal Music Distribution Deal,3028,6397,album,18,K-Maro,27,45990
3437034,La Boulette (Génération Nan Nan),231,98.9,2005-12-30,948547,326238,La boulette (Génération nan nan),2005-12-30,Rap/Hip Hop,Parlophone (France),231,26376,single,388,Diam's,24,679921
4162693,Temperature,216,0.0,2005-09-27,940885,387947,The Trinity,2005-09-26,R&B,VP Records,4093,30094,album,88,Sean Paul,161,3757723
2603558,Poker Face,237,118.8,2008-11-24,956248,253927,The Fame,2008-11-24,Pop,Streamline/Interscope,3245,109399,album,75491,Lady Gaga,98,9264151
1151147,Say It Right,222,116.8,2007-03-08,896286,123339,Loose,2007-01-01,Pop,Mosley / Geffen,5323,15623,album,133,Nelly Furtado,74,1456889
1161679,Family Affair,265,92.9,2006-12-14,926896,124386,Reflections - A Retrospective,2006-12-14,R&B,Geffen*,4710,28006,album,152,Mary J. Blige,84,1523165
64848628,Obsesion,254,133.8,2002-06-01,946162,6353739,We Broke The Rules,2002-06-01,Latino,Premium Latin Music,2742,51112,album,700,Aventura,71,2077356
2176856,Back To Black,240,123.4,2006-10-30,971939,217795,Back To Black,2006-10-30,R&B,Universal-Island Records Ltd.,2083,252313,album,9052,Amy Winehouse,23,3867526
925106,Umbrella,275,173.71,2008-06-17,958984,104188,Good Girl Gone Bad: Reloaded,2008-06-17,Pop,Def Jam Recordings,3425,204869,album,564,Rihanna,94,18031476
71608366,Me Gustas Tu,240,175.9,2001-06-01,938727,7036582,Próxima Estación: Esperanza,2008-05-26,,Radio Bemba,2740,64826,album,6,Manu Chao,51,1533097
79976878,Everytime We Touch,197,142.1,2010-02-12,884088,7976692,Everytime We Touch (Premium Edition),2010-03-26,Electro|Dance|Disco,Zoo Digital,6652,8661,album,771,Cascada,92,386400
502768092,Hey Sexy Lady,201,101.83,2018-05-25,832980,64095662,Lucky Day,2002-01-01,Pop,Geffen,3525,2560,album,461,Shaggy,147,873761
1170524,The Way I Are,203,114.8,2007-08-13,746381,125280,The Way I Are,2007-08-13,Rap/Hip Hop,Interscope/Blackground Records,402,2371,single,9662,Timbaland,59,1179991
3026450,The Magic Key,228,102.1,2003-01-01,837064,293271,The One-T ODC,2003-01-01,Electro|Techno/House|Dance,MINOR-T,3058,6641,album,940,One-T,15,10972
4311360,Halo,262,160.2,2009-09-04,719888,401015,I AM...SASHA FIERCE - Platinum Edition,2009-09-04,Pop,Music World Music/Columbia,4722,78142,album,145,Beyoncé,118,12827405
565131,What Goes Around.../...Comes Around (Interlude),449,152.0,2006-09-08,862272,73561,FutureSex/LoveSounds,2006-09-12,Pop,Jive,3979,22505,album,1147,Justin Timberlake,41,6707544
837914,Yeah!,250,104.9,2004-03-20,720638,96550,Confessions,2004-03-20,Pop|R&B|R&B contemporain,Arista,4086,13580,album,144303,Usher Featuring Lil' Jon & Ludacris,0,2528
3087828,Love Don't Let Me Go,216,126.8,2002-05-20,901803,299090,Just a Little More Love,2002-06-10,Dance,Parlophone (France),2979,30385,album,542,David Guetta,395,20097437
669652382,Rock This Party (Everybody Dance Now),245,0.0,2006-08-22,8934,539163092,Rock This Party (Everybody Dance Now),2006-08-22,Electro,Yellow Productions,245,3377,single,157,Bob Sinclar,209,1918897
4708087,R&B 2 Rue,232,108.0,2002-04-15,749904,433643,R&B 2 Rue,2001-01-01,Rap/Hip Hop,Universal Music Division Barclay,2982,23840,album,148144592,Matt,5,7444
1143499,Behind Blue Eyes,270,120.2,2007-11-01,858653,122540,Greatest Hitz,2005-11-08,Rock,Geffen,4314,74936,album,93,Limp Bizkit,22,2153564
482681822,Premier Gaou (Original Radio Edit),206,118.8,2002-01-01,822507,60656112,"Premier Gaou, The Remixes",2002-01-01,Musique africaine|Pop,Showbox International,1457,1180,ep,734,Magic System,37,823444
2279321587,Trick Me,206,0.0,2003-01-01,719561,440246237,Tasty,2003-01-01,R&B|Soul & Funk|Soul,[PIAS] Recordings Catalogue,3080,1387,album,2514,Kelis,36,101729
705531,Turn Me On,192,106.3,2004-03-30,767157,84534,Turn Me On (Online Music),2004-03-30,Reggae,Atlantic Records,192,13887,single,716,Kevin Lyttle,41,119471
3097549,Qui est l'exemple ?,244,110.0,2003-02-28,853004,299742,qui est l'exemple ?,2003-02-28,Rap/Hip Hop,Parlophone (France),1045,20724,single,750,Rohff,88,1024784
730470,Love's Divine,275,95.9,2004-11-08,678181,86955,Best 1991 - 2004,2004-11-08,Pop,Warner Records,7272,30318,album,1444,Seal,62,588334
2157406,"Never Leave You (Uh Oooh, Uh Oooh)",184,99.9,2008-07-10,755677,215929,Almost Famous,2008-07-10,Pop,Universal Records,2458,3079,album,4617,Lumidee,24,9550
4162078,Right Round,204,124.9,2009-03-23,942552,387876,R.O.O.T.S. (Route of Overcoming the Struggle),2009-03-30,Rap/Hip Hop,Poe Boy/Atlantic,3062,21288,album,64333,Flo Rida,174,4737004
673165762,Sexy Bitch (feat. Akon),195,130.01,2011-08-05,954716,95314202,One More Love,2011-08-05,Dance,Parlophone (France),3519,14156,album,542,David Guetta,395,20097437
679217,Hung Up,337,124.9,2005-11-11,917400,82006,Confessions on a Dance Floor,2005-11-14,Pop,Warner Records,3357,113912,album,290,Madonna,144,4902454
13129211,You Rock My World (Radio Edit),265,95.0,2003-11-17,906456,1205152,Number Ones,2003-11-17,Pop,Epic,4711,135609,album,259,Michael Jackson,41,13100005
992131062,Lucky Star,296,0.0,2000-02-26,10247,673901271,Hold Up,2000-02-26,Electro,Wagram Music / Balagan Music,4835,809,album,3049,Superfunk,56,7661
2545396411,Thank You (Not So Bad),140,0.0,2025-01-27,850252,513421571,Thank You (Not So Bad),2025-01-27,Electro|Dance|Pop,Ministry of Sound Recordings,140,2716,single,262271,Dimitri Vegas & Like Mike,201,2200231
3169161,I Kissed A Girl,180,130.01,2008-09-15,936962,304290,One Of The Boys,2008-09-15,Pop,Capitol Records,2800,65457,album,144227,Katy Perry,89,9777658
1066626492,Liberta,204,0.0,2008-12-05,855708,170424762,Utopies dans le décor,2008-01-01,Chanson française,Echo Productions,3540,2103,album,4618,Pep's,9,55406
2447443,Dilemma,289,168.1,2002-05-28,894589,240897,Nellyville,2002-05-28,Rap/Hip Hop,Motown,4538,35913,album,105,Nelly,65,1605592
3667551,Music,225,119.84,2000-09-18,753303,345328,Music,2000-09-18,Pop,Warner Records,2948,48719,album,290,Madonna,144,4902454
886428,The Sweet Escape,248,119.8,2008-05-12,747108,100558,Hip Hop: The Collection 2008,2008-05-12,Rap/Hip Hop,Universal Music Group International,5959,18883,album,16,Gwen Stefani,44,1234663
90533119,Empire State Of Mind,277,173.0,2014-11-24,947001,9178393,The Blueprint 3,2009-09-01,Rap/Hip Hop,Roc Nation / Jay-Z,3648,33118,album,1309,JAY Z,59,3574416
3129431,Caravane,206,99.9,2005-09-12,898199,301754,Caravane,2005-09-09,Pop,Parlophone (France),2054,77202,album,529,Raphaël,33,277002
67929419,Formidable,215,144.1,2013-06-04,629759,6651516,Formidable,2013-06-04,Pop,Universal Music Distributed Labels,215,91937,single,310260,Stromae,16,3478960
2229726,Candy Shop,208,98.0,2005-03-04,826932,223148,Candy Shop,2005-03-04,Rap/Hip Hop,Aftermath/Shady,424,15819,single,66,50 Cent,58,7860013
577487252,It's My Life,224,119.84,2018-11-02,876758,77211342,Bon Jovi Greatest Hits - The Ultimate Collection (Deluxe),2010-11-15,Rock,Island Records,7057,34295,album,637,Bon Jovi,69,5270326
1141668,In Da Club,193,179.8,2003-11-17,924879,122366,Get Rich Or Die Tryin',2003-11-17,Rap/Hip Hop,Shady Records,4451,270253,album,66,50 Cent,58,7860013
969494,Cry Me a River,288,0.0,2002-11-05,866866,108359,Justified,2002-11-05,Pop,Jive,3796,69598,album,1147,Justin Timberlake,41,6707544
3148168,Fuck You,220,130.0,2009-05-08,777832,302928,Fuck You,2009-05-08,Pop,Parlophone UK,1283,14800,ep,4607,Lily Allen,35,1198687
562497,La Tortura (feat. Alejandro Sanz),212,0.0,2005-11-28,11856,763994911,"Oral Fixation, Vol. 2 (Expanded Edition)",2005-11-28,Pop,Epic,3691,4385,album,160,Shakira,71,11697092
6685848,Bad Day,233,140.2,2005-02-22,830650,618084,Daniel Powter,2005-02-22,Pop,Warner Records,2229,6956,album,312,Daniel Powter,18,50546
3135367,Elle est à toi,277,87.0,2000-03-27,703493,302111,chercheuse d'or,2003-02-28,R&B,Parlophone (France),3345,6858,album,13681,Assia,4,11512
579936282,Il avait les mots,227,172.27,2018-11-09,927550,77654382,Sheryfa Luna,2007-11-19,Rap/Hip Hop,Universal Music Division Barclay,3006,6408,album,17143,Sheryfa Luna,12,195359
3664988,L'assasymphonie,230,130.0,2009-04-27,883392,345090,Mozart l'Opera Rock (standard),2009-04-15,Pop|Films/Jeux vidéo|Comédies musicales,Warner (France),2403,50982,album,159051,Mozart Opera Rock,6,94240
863369,911 (feat. Mary J. Blige),261,173.7,2000-05-01,725620,98609,The Ecleftic -2 Sides II A Book,2000-10-29,Pop,Columbia,4436,9546,album,2395,Wyclef Jean,86,448484
2793680,Me & U,192,99.9,2006-08-07,820800,271485,Cassie (U.S. Version),2006-08-07,Pop,Bad Boy Records,2118,20481,album,2623,Cassie,16,380328
2435238,Let's Get It Started (Spike Mix),217,0.0,2006-10-31,838490,239875,Let's Get It Started,2006-10-31,Rap/Hip Hop,A&M,694,3750,single,1020109,Black Eyed Peas,68,6101410
1151152,All Good Things (Come To An End),311,100.8,2007-03-08,790903,123339,Loose,2007-01-01,Pop,Mosley / Geffen,5323,15623,album,133,Nelly Furtado,74,1456889
2509102,Suga Suga,239,0.0,2007-07-12,801629,246499,Tha Smokin' Nephew,2003-01-01,R&B,Universal Records,4226,4911,album,5099,Baby Bash,143,68892
925108,Don't Stop The Music,267,122.68,2008-06-17,987446,104188,Good Girl Gone Bad: Reloaded,2008-06-17,Pop,Def Jam Recordings,3425,204869,album,564,Rihanna,94,18031476
3113136,La Boulette (Génération Nan Nan),231,98.9,2006-02-03,767394,300740,Dans Ma Bulle Edition Collector,2006-09-22,Rap/Hip Hop,Parlophone (France),6076,64549,album,388,Diam's,24,679921
1092293262,Seven Nation Army,231,0.0,2003-04-01,779335,175927162,Elephant,2003-04-01,Alternative|Rock,Legacy Recordings,2989,31388,album,636,The White Stripes,33,1318976
129287494,Stereo Love (Radio Edit),184,0.0,2016-07-08,852737,13677548,Stereo Love,2016-07-08,Electro|Dance,Happy Music,6481,3164,single,293767,Edward Maya,274,173177
10963353,Enamorame,262,120.2,2007-02-09,695371,1003420,Yeah Baby!!,2007-02-09,Latino,J&N Records,2352,858,album,42,Papi Sanchez,29,4557
916424,Without Me,290,112.3,2007-09-13,961431,103248,The Eminem Show,2002-05-26,Rap/Hip Hop,Eminem Catalog PS,4639,529402,album,13,Eminem,67,19098375
3731410,Hotel Room Service,237,126.0,2009-06-11,866124,350326,Hotel Room Service,2009-06-11,Alternative|Pop Indé|Dance|Rap/Hip Hop|Pop|R&B|Latino,Mr.305/Polo Grounds Music/J Records,237,9504,single,776,Pitbull,181,7254728
2457786,Who's That Girl?,281,193.2,2001-02-25,617704,241661,Scorpion,2001-02-25,Rap/Hip Hop,Ruff Ryders RECORDS,3911,1120,album,837,Eve,25,154196
650147122,No Stress,201,130.01,2019-03-18,780012,90685382,No Stress,2019-03-18,Electro|Techno/House|Dance,Wolf Project,619,1915,single,2597,Laurent Wolf,53,128635
5817089,Survivor,241,160.9,2001-01-01,847318,78534,Survivor,2001-01-01,Pop,Columbia,4251,58031,album,595,Destiny's Child,57,1794910
1136200,C'est beau la bourgeoisie (Radio Edit),211,128.0,2008-08-18,804169,121818,C'est beau la bourgeoisie (Radio Edit),2008-08-18,Electro|Techno/House|Dance|Pop,Sony Music Media,211,6255,single,80466,Discobitch,3,13093
952870,It Wasn't Me,226,94.6,2007-09-17,673476,107187,Club R&B,2007-09-17,R&B,Universal Music Group International,2798,4559,album,461,Shaggy,147,873761
819736552,Blinding Lights,201,170.84,2019-11-29,21815,172918312,Blinding Lights (Instrumental),2020-09-11,R&B,Republic Records,201,5202,single,4050205,The Weeknd,86,14666174
139470659,Shape of You,233,95.93,2017-01-06,968208,14996073,Shape of You,2017-01-06,Pop|Singer & Songwriter,Atlantic Records UK,233,456664,single,384236,Ed Sheeran,154,20903414
582143242,Someone You Loved,182,109.96,2018-11-08,961885,78031872,Breach,2018-11-08,Alternative,Vertigo Berlin,789,35130,ep,12088868,Lewis Capaldi,52,1201593
602456552,Sunflower (Spider-Man: Into the Spider-Verse),158,179.76,2018-12-14,977099,81457652,Spider-Man: Into the Spider-Verse (Soundtrack From & Inspired by the Motion Picture),2018-12-14,Films/Jeux vidéo|Musiques de films,Universal Records,2497,115141,album,7543848,Post Malone,41,4198369
486928932,lovely,199,114.84,2018-04-19,954643,61392882,lovely,2018-04-19,Alternative,Darkroom,199,167570,single,9635624,Billie Eilish,32,9243373
131742260,Say You Won't Let Go,211,95.04,2016-09-09,859877,13994984,Say You Won't Let Go,2016-09-09,Pop|Pop internationale|Rock,Columbia,211,71083,single,873890,James Arthur,102,1535432
698905582,Señorita,191,0.0,2019-06-21,878693,100856872,Señorita,2019-06-21,Pop,Island Records,191,93101,single,5962948,Shawn Mendes,43,6774803
737967292,Cruel Summer,178,170.14,2019-08-23,907898,108447472,Lover,2019-08-23,Pop,Taylor Swift,3705,188267,album,12246,Taylor Swift,123,12713256
793163542,Don't Start Now,183,124.16,2019-10-31,831541,117053822,Don't Start Now,2019-10-31,Pop,Warner Records,183,58369,single,8706544,Dua Lipa,135,8773019
112662366,Sorry,201,99.86,2015-11-13,845359,11674708,Purpose (Deluxe),2015-11-13,Pop,RBMG/Def Jam,3979,830997,album,288166,Justin Bieber,62,11147309
8011850,Just the Way You Are,220,0.0,2010-05-11,948490,739505,Doo-Wops & Hooligans,2010-10-05,Pop,Elektra (NEK),2521,578044,album,429675,Bruno Mars,36,12769534
124603270,One Dance,174,0.0,2016-05-06,956192,13082992,Views,2016-05-06,Rap/Hip Hop,Cash Money Records/Young Money Ent./Universal Rec.,4875,560582,album,246791,Drake,77,24075022
70079770,All of Me,269,126.05,2013-08-30,913158,6872923,Love In The Future (Expanded Edition),2013-08-30,Pop|R&B,G.O.O.D. Music/Columbia,4042,189777,album,313,John Legend,93,3554116
99976952,Stressed Out,202,170.1,2015-05-15,945468,10236282,Blurryface,2015-05-15,Alternative,Fueled By Ramen,3137,542183,album,647650,Twenty One Pilots,43,5000138
742744952,Circles,215,119.84,2019-08-30,807574,109313692,Circles,2019-08-30,Rap/Hip Hop,Republic Records,215,14885,single,7543848,Post Malone,41,4198369
655095912,bad guy,194,135.11,2019-03-29,932130,91598612,"WHEN WE ALL FALL ASLEEP, WHERE DO WE GO?",2019-03-29,Alternative,Darkroom/Interscope Records,2572,552853,album,9635624,Billie Eilish,32,9243373
447098092,Havana (feat. Young Thug),216,104.93,2018-01-12,916460,54496412,Camila,2018-01-12,Pop,Syco Music/Epic,2214,200797,album,9236850,Camila Cabello,40,3900200
351594981,Treat You Better,189,0.0,2017-04-20,943864,40146511,Illuminate,2017-04-20,Pop,Island Records,2683,76726,album,5962948,Shawn Mendes,43,6774803
117797212,We Don't Talk Anymore (feat. Selena Gomez),217,99.9,2016-01-29,888155,12231484,Nine Track Mind,2016-01-29,Pop,Artist Partner,2693,141781,album,1362735,Charlie Puth,96,2303686
14993990,Somebody That I Used To Know,241,128.8,2011-12-12,911258,1382596,Making Mirrors,2011-12-12,Alternative,Universal-Island Records Ltd.,2536,118455,album,159449,Gotye,5,420020
38934641,Payphone,231,110.0,2012-06-25,919280,3791241,Overexposed,2012-01-01,Pop,Interscope Records*,2730,12697,album,1188,Maroon 5,65,11405997
15546830,Pumped Up Kicks,239,128.0,2011-05-23,896811,1437015,Torches,2011-06-24,Alternative,Columbia,2307,91383,album,417037,Foster the People,38,1113407
810557802,Before You Go,215,112.04,2019-11-22,619486,119384982,Divinely Uninspired To A Hellish Extent (Extended Edition),2019-11-22,Alternative,Vertigo Berlin,3184,26994,album,12088868,Lewis Capaldi,52,1201593
2441318935,Happier,214,0.0,2018-08-17,774943,484483015,Happier,2018-08-17,Electro|Dance|Pop,Joytime Collective,214,5065,single,7890702,Marshmello,184,3106957
72299954,Say Something,229,141.1,2013-11-04,818705,7105162,Say Something,2013-11-04,Alternative|Pop Indé|Pop|Pop indé/Folk|Pop internationale|Rock|Singer & Songwriter,Epic,229,62941,single,4043368,A Great Big World,26,258320
504313072,Let Me Down Slowly,169,149.8,2018-05-25,895640,64379552,Let Me Down Slowly,2018-05-25,Pop,P2018,169,50595,single,884659,Alec Benjamin,48,418453
121239412,7 Years,237,119.8,2016-04-01,745660,12761782,Lukas Graham (Blue Album),2016-04-01,Pop,Universal Music A/S,2399,23128,album,1563138,Lukas Graham,44,566328
561856742,Shallow,216,95.93,2018-10-05,968235,74434962,A Star Is Born Soundtrack,2018-10-05,Films/Jeux vidéo|Musiques de films,A Star is Born OST,2761,364595,album,75491,Lady Gaga,98,9264151
349385251,Attention,211,99.86,2017-04-21,896464,39839191,Attention,2017-04-21,Pop,Artist Partner,211,114611,single,1362735,Charlie Puth,96,2303686
366297921,New Rules,209,116.13,2017-06-02,868598,42194891,Dua Lipa (Deluxe),2017-06-02,Pop,Warner Records,3604,153100,album,8706544,Dua Lipa,135,8773019
111780380,I'm Not The Only One,239,82.03,2015-11-06,891200,11603598,In The Lonely Hour (Drowning Shadows Edition),2015-11-06,Pop,PLG - Capitol,4977,153422,album,1097709,Sam Smith,107,5578737
655095962,when the party's over,199,124.91,2019-03-29,917041,91598612,"WHEN WE ALL FALL ASLEEP, WHERE DO WE GO?",2019-03-29,Alternative,Darkroom/Interscope Records,2572,552853,album,9635624,Billie Eilish,32,9243373
595112162,I Don’t Wanna Live Forever (Fifty Shades Darker),245,118.12,2018-11-30,843177,80126642,reputation Stadium Tour Surprise Song Playlist,2018-11-30,Pop,Taylor Swift,6200,13512,album,9761322,ZAYN,35,2704185
77861338,Shower,205,119.8,2014-04-23,886025,7738427,Shower,2014-04-23,Pop,Kemosabe Records/RCA Records,205,54410,single,4698748,Becky G,111,1867371
99976954,Ride,214,149.8,2015-05-15,925409,10236282,Blurryface,2015-05-15,Alternative,Fueled By Ramen,3137,542183,album,647650,Twenty One Pilots,43,5000138
1493746682,It's You,212,95.93,2021-09-17,481838,258733372,Nights Like This - Chilled R'n'B & Rap,2021-09-17,R&B,Warner Music Group - X5 Music Group,5306,53,album,12741929,Ali Gatie,101,198717
136889434,I Feel It Coming,269,186.23,2016-11-25,941816,14652356,Starboy,2016-11-25,R&B,The Weeknd/Lyric,4113,421061,album,4050205,The Weeknd,86,14666174
5979884,Nothin' on You (feat. Bruno Mars),268,103.9,2010-04-27,773273,544370,B.o.B Presents: The Adventures of Bobby Ray,2010-04-27,Rap/Hip Hop,Rebel Rock/Grand Hustle/Atlantic,2874,29761,album,280294,B.o.B,81,1154288
539562302,Sweet but Psycho,187,132.94,2018-08-17,893131,70366152,Sweet but Psycho,2018-08-17,Pop,Atlantic Records,187,74012,single,12948083,Ava Max,111,1226497
5979887,Airplanes (feat. Hayley Williams of Paramore),180,186.2,2010-04-27,871024,544370,B.o.B Presents: The Adventures of Bobby Ray,2010-04-27,Rap/Hip Hop,Rebel Rock/Grand Hustle/Atlantic,2874,29761,album,280294,B.o.B,81,1154288
137731571,Oceans Away,193,106.01,2016-12-09,506653,14781641,Oceans Away,2016-12-09,Alternative,Atlantic Records,193,788,single,8648524,A R I Z O N A,48,14624
79779580,Lost Stars,267,164.06,2014-07-01,433833,8193646,New York Melody - Music From And Inspired By The Original Motion Picture (Deluxe),2014-07-28,Films/Jeux vidéo|Musiques de films,222 Records/Interscope,3311,18946,album,4404332,Adam Levine,6,613418
8086136,Someone Like You,285,0.0,2011-01-24,889925,746059,21,2011-02-22,Pop,XL Recordings,2882,857701,album,75798,Adele,20,15462814
120739016,Scars To Your Beautiful,230,0.0,2016-03-11,802849,12599760,Know-It-All (Deluxe),2016-03-11,Pop,"EP Entertainment, LLC / Def Jam",3278,72461,album,7890062,Alessia Cara,49,699164
10287270,Criminal,225,107.9,2011-03-28,853104,940646,Femme Fatale (Deluxe Version),2011-03-28,Pop,Jive,3515,105470,album,483,Britney Spears,30,5447882
623685532,Everlasting,229,84.89,2019-02-07,456722,85600772,Everlasting,2019-02-07,R&B,Albert Posis,229,82,single,8974050,Albert Posis,52,464
17826508,Call Me Maybe,193,119.8,2012-05-14,947822,1673192,Call Me Maybe,2012-05-14,Pop,School Boy/Interscope Records,791,33665,single,1002521,Carly Rae Jepsen,45,2508652
14495564,Stereo Hearts (feat. Adam Levine),210,89.9,2011-11-15,805903,1332351,The Papercut Chronicles II,2011-11-15,Alternative,Decaydance/Fueled By Ramen,2609,2945,album,5576,Gym Class Heroes,27,315101
104703726,Cheerleader (feat. Nicky Jam) (Felix Jaehn Remix),180,118.1,2015-07-31,487092,10899994,Cheerleader (feat. Nicky Jam) (Felix Jaehn Remix),2015-07-31,Electro|Techno/House|Dance|Pop,"Ultra Records, LLC",180,12432,single,1396006,OMI,23,267410
71645436,Dark Horse,215,132.09,2013-10-22,944277,7040437,PRISM (Deluxe),2013-10-22,Pop,Capitol Records (CAP),3700,459287,album,144227,Katy Perry,89,9777658
3092872451,I Took A Pill In Ibiza (Seeb Remix),198,0.0,2024-11-22,480173,670387481,Putzen & Aufräumen,2024-11-22,Pop,UME - Global Clearing House,5449,69,album,378294,Mike Posner,67,717002
86876435,Little Do You Know,184,146.1,2014-10-06,670513,8764885,It's About Us,2014-10-06,Pop,Syco Music/Columbia Records,2508,9429,album,5947476,Alex & Sierra,3,44793
403074632,Dusk Till Dawn (feat. Sia) (Radio Edit),239,89.88,2017-09-07,882538,47526952,Dusk Till Dawn (feat. Sia) (Radio Edit),2017-09-07,Alternative|Dance|Pop|R&B|R&B contemporain|Soul,RCA Records Label,239,95485,single,9761322,ZAYN,35,2704185
14499484,a thousand years,285,93.1,2011-11-04,892042,1332715,The Twilight Saga: Breaking Dawn - Part 1 (Original Motion Picture Soundtrack),2011-11-04,Films/Jeux vidéo|Musiques de films,Chop Shop/Atlantic,3675,85144,album,996589,Christina Perri,36,882288
671451122,Dance Monkey,209,97.97,2019-05-10,26215,352799877,Power Hour - Uplifting Tracks,2022-10-07,Pop,Warner Music Group - X5 Music Group,4703,6,album,59070642,Tones and I,49,549556
61542462,Girl on Fire,225,92.9,2012-11-18,878990,6030697,Girl on Fire (Remixes) - EP,2012-11-18,Pop|Pop internationale|Rock|R&B,RCA Records Label,982,13265,ep,228,Alicia Keys,75,5804552
90408887,XO,215,170.1,2014-11-24,613491,9163719,BEYONCÉ [Platinum Edition],2014-11-24,Pop|Pop internationale|Rock,Parkwood Entertainment/Columbia,5600,436344,album,145,Beyoncé,118,12827405
379691801,Boys,162,0.0,2017-07-26,581501,44063281,Boys,2017-07-26,Pop,Atlantic Records UK,162,15556,single,1462230,Charli xcx,116,1885325
489727112,no tears left to cry,205,121.96,2018-04-20,10154,664117711,2018 Best of by uDiscover,2024-11-08,Pop,UME - Global Clearing House,5024,195,album,1562681,Ariana Grande,72,13417222
79587580,Chandelier,216,173.71,2014-07-07,937345,7927592,1000 Forms Of Fear,2014-07-04,Pop|Rock,Monkey Puzzle Records/RCA Records,2927,257339,album,3469,Sia,154,8708293
138545995,Hello,295,0.0,2015-11-20,862708,14880539,25,2015-11-20,Pop,XL Recordings,2900,263098,album,75798,Adele,20,15462814
79590714,Boom Clap,169,183.8,2014-06-16,839368,7927998,Boom Clap,2014-06-16,Pop,Asylum,169,28593,single,1462230,Charli xcx,116,1885325
61085536,Ready or Not,200,92.9,2012-10-22,705911,5981721,Hello My Name Is...,2012-01-01,Pop,Hollywood Records,2531,37024,album,1219583,Bridgit Mendler,15,634931
629899852,"thank u, next",206,107.11,2019-02-08,912649,86773062,"thank u, next",2019-02-08,Pop,Republic Records,2450,296495,album,1562681,Ariana Grande,72,13417222
105878272,One Call Away,192,91.1,2015-08-21,530306,11033994,One Call Away,2015-08-21,Pop,Artist Partner,192,63219,single,1362735,Charlie Puth,96,2303686
69417695,Wings,252,83.2,2013-07-29,809817,6804540,Wings,2013-07-29,Alternative,Atlantic Records UK,252,26451,single,107666,Birdy,83,1379993
60978718,Diamonds,225,92.08,2012-09-27,955912,5969396,Diamonds,2012-09-27,Pop,Def Jam Recordings,225,237272,single,564,Rihanna,94,18031476
12324769,Too Close,256,126.0,2011-07-11,707573,1132614,The Lateness Of The Hour,2011-01-01,Pop,Universal-Island Records Ltd.,2782,39187,album,1021165,Alex Clare,24,84548
744266592,Liar,207,97.97,2019-09-04,649964,109617722,Liar,2019-09-04,Dance|Pop|R&B,Syco Music/Epic,207,16311,single,9236850,Camila Cabello,40,3900200
10686934,Run the World (Girls),236,126.8,2011-04-21,812255,977115,Run The World (Girls),2011-04-21,Pop,Columbia,236,30213,single,145,Beyoncé,118,12827405
66314771,Safe And Sound,192,118.1,2013-04-05,8900,619164351,Hochzeitsparty,2024-07-30,Pop,UME - Global Clearing House,5543,67,album,432247,Capital Cities,24,1105191
561856792,Always Remember Us This Way,210,130.01,2018-10-05,950944,74434962,A Star Is Born Soundtrack,2018-10-05,Films/Jeux vidéo|Musiques de films,A Star is Born OST,2761,364595,album,75491,Lady Gaga,98,9264151
374051471,"Feels (feat. Pharrell Williams, Katy Perry & Big Sean)",223,101.08,2017-06-16,880881,43240681,"Feels (feat. Pharrell Williams, Katy Perry & Big Sean)",2017-06-16,Dance,Columbia,223,54249,single,12178,Calvin Harris,159,12317884
8110298,Rolling in the Deep,228,0.0,2011-01-16,683385,748196,Rolling in the Deep,2011-01-16,Pop,XL Recordings,464,125276,single,75798,Adele,20,15462814
142986206,Perfect,263,95.04,2017-03-03,930170,15478674,÷ (Deluxe),2017-03-03,Pop|Singer & Songwriter,Atlantic Records UK,3567,1015409,album,384236,Ed Sheeran,154,20903414
92734438,Uptown Funk (feat. Bruno Mars),270,114.8,2015-01-12,982559,9411436,Uptown Special,2015-01-13,Pop,Columbia,2324,74302,album,13204,Mark Ronson,75,753450
105356142,Run Away With Me,251,119.15,2015-08-21,17810,11152540,Emotion (Deluxe),2015-09-25,Pop,Silent Records IGA,3250,7762,album,1002521,Carly Rae Jepsen,45,2508652
642966492,So Am I,184,130.01,2019-03-07,751635,89263772,So Am I,2019-03-07,Pop,Atlantic Records,184,29689,single,12948083,Ava Max,111,1226497
422202502,Too Good At Goodbyes,201,91.88,2017-11-03,849492,50607242,The Thrill Of It All (Special Edition),2017-11-03,Pop,PLG - Capitol,2970,112134,album,1097709,Sam Smith,107,5578737
78391993,Wherever You Will Go,197,112.0,2015-01-27,516034,7797039,Wherever You Will Go,2014-05-19,Pop,Peacefrog Records,380,1816,single,507710,Charlene Soraia,13,6565
675340152,La Cintura (Remix),178,99.86,2019-05-10,573001,95829572,Mar De Colores (Versión Extendida),2019-05-10,Pop|Latino,Airforce1,3399,8873,album,7688746,Alvaro Soler,55,480281
447098062,Never Be the Same,227,130.01,2018-01-12,794813,54496412,Camila,2018-01-12,Pop,Syco Music/Epic,2214,200797,album,9236850,Camila Cabello,40,3900200
1995835447,2002,187,95.93,2022-12-02,419388,372136177,Happy Songs,2022-12-02,Pop,Warner Music Group - X5 Music Group,4785,22,album,6396188,Anne-Marie,129,1865648
94453310,Break the Rules,203,124.16,2015-02-13,476444,9662254,SUCKER,2014-12-15,Pop,Asylum,2820,1271,album,1462230,Charli xcx,116,1885325
1118026772,That's Us,270,0.0,2020-10-27,506297,181418642,That's Us,2020-10-27,Singer & Songwriter,Seabra Songs,270,314,single,14598737,Anson Seabra,27,33791
107369616,Moves Like Jagger,201,128.0,2015-09-25,636633,11195154,Singles,2015-09-25,Pop,Interscope Records*,2623,72489,album,1188,Maroon 5,65,11405997
62724019,When I Was Your Man,213,146.1,2012-12-07,949124,6157080,Unorthodox Jukebox,2012-12-05,Pop,Atlantic Records,2091,743689,album,429675,Bruno Mars,36,12769534
142844852,Slide (feat. Frank Ocean & Migos),231,103.88,2017-02-24,725338,15456508,Slide (feat. Frank Ocean & Migos),2017-02-24,Electro|Techno/House|Dance|Rap/Hip Hop|Pop,Columbia,231,39545,single,12178,Calvin Harris,159,12317884
83837260,One Last Time,197,0.0,2014-08-25,604203,10047454,Kendji,2015-05-04,Pop,Universal Music Division Polydor France,3647,190440,album,1562681,Ariana Grande,72,13417222
396444872,Dancing On My Own,260,112.65,2017-08-25,2475,104825,Beat It,2008-01-01,Alternative,Island Records,814,7584,single,9811408,Calum Scott,82,492120
415370102,Mine,133,143.06,2017-10-12,671341,49544762,Mine,2017-10-12,Pop,ZZZ Entertainment,133,32904,single,5484712,Bazzi,42,279842
518485472,Be Alright,196,126.82,2018-06-29,866041,66647762,Be Alright,2018-06-29,Singer & Songwriter,Universal Music Australia Pty. Ltd.,196,33983,single,6401240,Dean Lewis,74,420694
803010392,everything i wanted,245,119.84,2019-11-14,890681,118529282,everything i wanted,2019-11-14,Alternative,Darkroom/Interscope Records,245,83238,single,9635624,Billie Eilish,32,9243373
538085632,Peach,255,110.84,2018-08-08,434623,70130302,Peach,2018-08-08,Alternative,Neon Gold/Atlantic,255,446,single,5415656,Broods,35,44512
8011849,Grenade,222,0.0,2010-05-11,913195,739505,Doo-Wops & Hooligans,2010-10-05,Pop,Elektra (NEK),2521,578044,album,429675,Bruno Mars,36,12769534
391786232,Meant to Be (feat. Florida Georgia Line),163,154.27,2017-08-11,631271,45854242,All Your Fault: Pt. 2,2017-08-11,Pop,Warner Records,1172,29169,ep,4492087,Bebe Rexha,129,1832651
498130042,Girls Like You (Cardi B Version),236,124.91,2018-05-31,845497,63272252,Girls Like You,2018-05-31,Pop,Interscope Records*,236,169818,single,1188,Maroon 5,65,11405997
1118067372,I Can't Carry This Anymore,200,0.0,2020-10-27,457613,181424672,I Can't Carry This Anymore,2020-10-27,Singer & Songwriter,Seabra Songs,200,427,single,14598737,Anson Seabra,27,33791
61424044,Can't Hold Us (feat. Ray Dalton),258,146.09,2012-10-09,998821,6019334,The Heist,2012-10-09,Rap/Hip Hop,Macklemore,3848,384279,album,152291,Macklemore,32,986641
14525574,We Found Love (Album Version),216,128.0,2011-11-21,983931,1335314,Talk That Talk (Deluxe),2011-11-21,Pop,Def Jam Recordings,2943,376263,album,564,Rihanna,94,18031476
5639256,Désolé,204,95.9,2010-03-29,905886,514869,L'école des points vitaux,2010-03-29,Rap/Hip Hop,Jive Epic,4502,283282,album,75001,Sexion d'Assaut,14,2636093
28852751,Starships,210,0.0,2012-05-15,945969,2732901,Pink Friday ... Roman Reloaded (Deluxe),2012-05-15,Rap/Hip Hop,Nicki Minaj/Cash Money,4561,94605,album,382937,Nicki Minaj,94,7402793
62766452,On se connaît,273,95.9,2012-01-01,947621,6160538,On se connaît,2012-01-01,Rap/Hip Hop|Rap français,Bomaye musik,1355,44359,ep,13020,Youssoupha,76,986972
62847142,Titanium (feat. Sia),245,126.05,2012-12-07,956365,6168389,Nothing but the Beat (Ultimate Edition),2012-12-07,Dance,Parlophone (France),5794,694822,album,542,David Guetta,395,20097437
134533238,Cheap Thrills (feat. Sean Paul),224,179.76,2016-10-21,711831,14345648,This Is Acting (Deluxe Version),2016-10-21,Pop,Monkey Puzzle Records/RCA Records,4448,226793,album,3469,Sia,154,8708293
89077555,Shake It Off,219,160.25,2014-10-27,915715,9007781,1989 (Deluxe),2014-10-27,Pop,Taylor Swift,4122,151147,album,12246,Taylor Swift,123,12713256
5639255,Wati by Night,249,114.8,2010-03-29,961517,514869,L'école des points vitaux,2010-03-29,Rap/Hip Hop,Jive Epic,4502,283282,album,75001,Sexion d'Assaut,14,2636093
1254389442,Stereo Love,247,0.0,2009-07-07,801937,209997592,Stereo Love,2009-07-07,Electro|Dance,2009 Cat Music,247,2935,single,293767,Edward Maya,274,173177
569166532,Lean On,177,97.97,2018-10-19,667610,75816422,Major Lazer Essentials,2018-10-19,Electro,Third Pardee Records,5354,23338,album,282118,Major Lazer,119,7651001
8086130,Set Fire to the Rain,242,0.0,2011-01-24,938361,746059,21,2011-02-22,Pop,XL Recordings,2882,857701,album,75798,Adele,20,15462814
79589178,Loca (feat. El Cata),185,112.0,2010-10-19,829194,7927764,Sale el Sol,2010-10-19,Pop,Sony Music Latin/Epic,2967,75608,album,160,Shakira,71,11697092
61142285,Feel So Close (Radio Edit),206,0.0,2012-10-29,863666,5988249,18 Months,2012-10-26,Dance,Columbia,3006,244049,album,12178,Calvin Harris,159,12317884
6461440,Love The Way You Lie,263,173.7,2010-06-21,932417,595243,Recovery,2010-01-01,Rap/Hip Hop,Eminem Catalog PS,4626,449955,album,13,Eminem,67,19098375
14235829,I Follow Rivers (The Magician Remix),279,121.96,2011-10-10,721294,1306557,I Follow Rivers (The Magician Remix),2011-10-10,Alternative,Atlantic Records,279,22319,single,72503,Lykke Li,56,677988
101764813,On verra,211,0.0,2015-06-08,910193,10565677,Feu,2015-06-23,Rap/Hip Hop,Universal Music Division Barclay,4757,452031,album,1412564,Nekfeu,20,2893374
14948701,Danza Kuduro,199,130.0,2010-11-16,549090,1378614,Meet The Orphans,2010-11-16,Rap/Hip Hop|Latino,UMLE - Machete,3834,43504,album,725,Don Omar,70,4033973
65232772,Good Feeling,248,128.0,2012-06-22,855976,6393486,Wild Ones,2012-06-22,Rap/Hip Hop,Poe Boy/Atlantic,2262,35295,album,64333,Flo Rida,174,4737004
576822202,Cosmo,183,146.09,2015-08-21,888786,77126682,Cosmopolitanie (Deluxe Edition),2015-08-21,Rap/Hip Hop,Rec. 118,5452,50069,album,13011,Soprano,70,3136858
1703487577,As It Was,167,0.0,2022-03-31,969095,307085627,As It Was,2022-03-31,Pop,Columbia,167,29313,single,5313805,Harry Styles,7,2191438
1425844092,STAY,140,0.0,2021-07-09,943988,242430582,STAY,2021-07-09,Alternative|Pop Indé|Pop|Pop indé/Folk,Columbia,140,32314,single,51204222,The Kid Laroi,55,451323
973995902,Heat Waves,238,0.0,2020-06-29,25164,835424222,school mornings in fall,2025-10-17,Pop,UME - Global Clearing House,6255,77,album,2489131,Glass Animals,42,321746
2801558052,BIRDS OF A FEATHER,210,0.0,2024-05-17,963029,586786102,HIT ME HARD AND SOFT,2024-05-17,Alternative,Darkroom/Interscope Records,2629,194803,album,9635624,Billie Eilish,32,9243373
2947516331,Die With A Smile,250,0.0,2024-08-16,997757,629506181,Die With A Smile,2024-08-16,Pop,Interscope,250,28128,single,75491,Lady Gaga,98,9264151
2610711672,Beautiful Things,180,0.0,2024-01-18,963402,531687612,Beautiful Things,2024-01-18,Pop,"Night Street Records, Inc./Warner Records Inc.",180,16760,single,146543992,Benson Boone,28,496540
2105158337,Flowers,200,0.0,2023-01-13,966114,395674277,Flowers,2023-01-13,Pop,Columbia,200,27025,single,12436,Miley Cyrus,61,7234459
2743578151,Espresso,175,0.0,2024-04-12,979835,571147791,Espresso,2024-04-12,Pop,Island Records,175,12757,single,1176900,Sabrina Carpenter,59,1808893
2055292027,Kill Bill,153,0.0,2022-12-09,830568,383703577,SOS,2022-12-09,R&B,Top Dawg Entertainment/RCA Records,4078,86243,album,5531258,SZA,42,1326997
1457025872,Cold Heart (PNAU Remix),203,0.0,2021-08-13,906302,249925992,Cold Heart (PNAU Remix),2021-08-13,Pop,EMI,203,43900,single,413,Elton John,103,2991879
908604632,Save Your Tears,215,118.12,2020-03-20,955918,137217782,After Hours,2020-03-20,R&B,Republic Records,3377,188460,album,4050205,The Weeknd,86,14666174
1122450992,DÁKITI,204,0.0,2020-10-30,981990,182383222,DÁKITI,2020-10-30,Latino,Rimas Entertainment LLC.,204,32227,single,10583405,Bad Bunny,88,7982166
1874467717,I'm Good (Blue),175,0.0,2022-08-26,875824,348202627,I'm Good (Blue),2022-08-26,Dance,Parlophone UK,394,11627,single,542,David Guetta,395,20097437
2312663495,Lose Control,210,0.0,2023-06-23,880056,449089625,Lose Control,2023-06-23,Pop,Warner Records,210,5862,single,64927672,Teddy Swims,75,418011
1749916957,I Ain't Worried,148,0.0,2022-05-13,777353,318263717,"I Ain’t Worried (Music From The Motion Picture ""Top Gun: Maverick"")",2022-05-13,Pop,Interscope Records,148,3078,single,74398,OneRepublic,104,4343067
3050380851,APT.,169,0.0,2024-10-18,992741,658285691,APT.,2024-10-18,Pop,Atlantic Records,169,34572,single,126335112,ROSÉ,6,558869
1493915862,MONTERO (Call Me By Your Name),137,0.0,2021-09-17,706467,258772832,MONTERO,2021-09-17,Pop,Columbia,2474,112190,album,15166511,Lil Nas X,37,1727610
1409072752,Bad Habits,230,0.0,2021-06-25,920163,238407992,Bad Habits,2021-06-25,Pop,Atlantic Records UK,230,24237,single,384236,Ed Sheeran,154,20903414
2338371075,One Of The Girls,245,0.0,2023-06-23,949148,456489535,The Idol Episode 4 (Music from the HBO Original Series),2023-06-23,Films/Jeux vidéo|Musiques de films,XO / Republic Records,640,10049,ep,4050205,The Weeknd,86,14666174
2704610682,Too Sweet,251,0.0,2024-03-22,958340,560433462,Unheard,2024-03-22,Folk,Rubyworks / Universal-Island Records Ltd.,840,7730,ep,5062414,Hozier,30,1409411
2783963122,Not Like Us,274,0.0,2024-05-04,902826,582140742,Not Like Us,2024-05-04,Rap/Hip Hop,"Kendrick Lamar, under exclusive license to Interscope Records",274,26730,single,525046,Kendrick Lamar,40,6165172
1753549417,La Bachata,162,0.0,2022-05-26,808813,319173587,La Bachata,2022-05-26,Rap/Hip Hop|Pop|Latino,Sony Music Latin/La Industria,162,8171,single,11559031,Manuel Turizo,101,1565086
1200359872,Your Love (9PM),150,0.0,2021-01-15,718583,198276362,Your Love (9PM),2021-01-15,Dance,Intercord,150,3957,single,147,ATB,83,319333
1411181832,Pepas,284,0.0,2021-06-24,922750,238972342,Pepas,2021-06-24,Rap/Hip Hop|Pop,Sony Music Latin,284,24594,single,614223,Farruko,297,3308545
1439691952,INDUSTRY BABY,214,0.0,2021-07-23,871042,245878832,INDUSTRY BABY,2021-07-23,Rap/Hip Hop|Pop,Columbia,214,50280,single,15166511,Lil Nas X,37,1727610
1682954137,Bones,165,0.0,2022-03-11,881701,302204417,Bones,2022-03-11,Alternative,KIDinaKORNER/Interscope Records,165,19435,single,416239,Imagine Dragons,62,9521652
1873297197,Calm Down,239,0.0,2022-08-25,964972,347960617,Calm Down,2022-08-25,,Mavin Records / Jonzing World,239,24575,single,5259966,Rema,74,570413
2047662477,Creepin',221,0.0,2022-12-02,898533,382760377,HEROES & VILLAINS,2022-12-02,Rap/Hip Hop,Republic Records,2875,94350,album,4968870,Metro Boomin,27,753879
1905751117,Unholy,157,0.0,2022-09-22,848396,354846457,Unholy,2022-09-22,Pop,Capitol Records UK / EMI,157,15149,single,1097709,Sam Smith,107,5578737
2387406055,Vois sur ton chemin (Techno Mix),178,0.0,2023-08-04,886895,469918965,Vois sur ton chemin (Techno Mix),2023-08-04,Electro|Dance,Warner Music Central Europe,178,8565,single,4418036,Bennett,19,31026
1118156702,positions,172,0.0,2020-10-23,18472,400632157,Pistol (Positions Remake),2023-01-25,Pop,Osyris Music Goup,172,0,single,1562681,Ariana Grande,72,13417222
2706736172,i like the way you kiss me,142,0.0,2024-03-19,922796,560929292,i like the way you kiss me,2024-03-19,Alternative|Pop,Artemas,142,9453,single,13425147,Artemas,47,59747
2846442802,Si Antes Te Hubiera Conocido,195,0.0,2024-06-21,981639,601338932,Si Antes Te Hubiera Conocido,2024-06-21,Latino,Bichota/Interscope Records,195,12936,single,5297021,KAROL G,76,3408720
2930315691,No Broke Boys,133,0.0,2024-08-16,38815,982327681,Quantum Baby,2024-08-16,R&B,Nice Life,1325,62,album,345052,Tinashe,76,518805
3038020371,Guess featuring billie eilish,143,0.0,2024-10-11,485317,654424131,Brat and it’s completely different but also still brat,2024-10-11,Dance,Atlantic Records,4339,13884,album,1462230,Charli xcx,116,1885325
2643618032,The Sound of Silence (CYRIL Remix),185,0.0,2024-02-02,968540,542122462,The Sound of Silence (CYRIL Remix),2024-02-02,Dance,Spinnin' Records,185,30093,single,2127,Disturbed,46,1505836
1498546032,My Universe,228,0.0,2021-09-24,834999,259988612,My Universe,2021-09-24,Alternative,Parlophone UK,456,20970,single,892,Coldplay,122,18376583
1484264492,Shivers,207,0.0,2021-09-10,859619,256337182,Shivers,2021-09-10,Pop,Atlantic Records UK,207,12582,single,384236,Ed Sheeran,154,20903414
2364618815,Seven (feat. Latto),184,0.0,2023-07-14,771507,463574485,Seven (feat. Latto),2023-07-14,Musique asiatique,BIGHIT MUSIC,552,10785,single,9172904,Jungkook,20,468889
2387373015,Paint The Town Red,231,0.0,2023-08-04,916724,469909155,Paint The Town Red,2023-08-04,Rap/Hip Hop|Pop,Kemosabe Records/RCA Records,231,21814,single,5578942,Doja Cat,52,2498417
2716396982,Austin (Boots Stop Workin'),171,0.0,2023-11-16,802735,563390222,Austin (Boots Stop Workin'),2023-11-16,Country,Warner Records,171,661,single,427388,Dasha,52,25349
1438790502,Don't Go Yet,164,0.0,2021-07-23,756463,245634412,Don't Go Yet,2021-07-23,Pop|Latino,Epic,164,7608,single,9236850,Camila Cabello,40,3900200
1234638792,Levitating (feat. DaBaby),203,0.0,2021-02-11,747628,205640032,Future Nostalgia (The Moonlight Edition),2020-03-27,Pop,Warner Records,3699,54718,album,8706544,Dua Lipa,135,8773019
856402392,Boss Bitch,134,126.05,2020-01-23,753135,127633822,Boss Bitch,2020-01-23,Pop,Atlantic Records,134,14664,single,5578942,Doja Cat,52,2498417
1649426332,Boyfriend,153,0.0,2022-02-11,768927,294106832,Boyfriend,2022-02-11,Alternative|Pop,Disruptor Records/Columbia,153,7715,single,4459894,Dove Cameron,35,674929
3210709941,Ordinary,186,0.0,2025-02-07,990241,705691371,Ordinary,2025-02-07,Pop,Atlantic Records,186,6174,single,541784,Alex Warren,38,162668
919716222,Toosie Slide,247,0.0,2020-04-03,479493,139610772,Toosie Slide,2020-04-03,Rap/Hip Hop,OVO,247,8063,single,246791,Drake,77,24075022
2346695655,edamame,133,0.0,2021-07-24,705825,458793265,edamame,2021-07-24,Rap/Hip Hop,bbno$,133,884,single,11136812,Bbno$,134,145532
1842063487,CUFF IT,225,0.0,2022-07-29,827053,340077257,RENAISSANCE,2022-07-29,Pop,Parkwood Entertainment/Columbia,3740,135830,album,145,Beyoncé,118,12827405
1522223672,Easy On Me,224,0.0,2021-10-14,920837,265655342,Easy On Me,2021-10-14,Pop|Pop internationale|Rock,Columbia,224,44146,single,75798,Adele,20,15462814
3171003131,DtMF,237,0.0,2025-01-05,981279,693008911,DeBÍ TiRAR MáS FOToS,2025-01-05,Latino,Rimas Entertainment LLC.,3721,204863,album,10583405,Bad Bunny,88,7982166
2537448451,Stumblin' In,213,0.0,2023-11-10,903448,511186741,Stumblin' In,2023-11-10,Dance,Spinnin' Records,213,3852,single,3644401,Cyril,33,26949
1999525067,Rich Flex,239,0.0,2022-11-04,637186,372625207,Her Loss,2022-11-04,Rap/Hip Hop,OVO / Republic Records,3637,82940,album,246791,Drake,77,24075022
1795254937,Left and Right (Feat. Jung Kook of BTS),154,0.0,2022-06-24,638724,328492767,Left and Right (Feat. Jung Kook of BTS),2022-06-24,Pop,Atlantic Records,154,18718,single,1362735,Charlie Puth,96,2303686
2216207477,Baby Don't Hurt Me,140,0.0,2023-04-06,817335,423784257,Baby Don't Hurt Me,2023-04-06,Dance,Parlophone UK,338,5178,single,542,David Guetta,395,20097437
1824910267,Doja,97,0.0,2022-07-21,782977,335789027,Doja,2022-07-21,Rap/Hip Hop,Central Cee,97,19710,single,12096038,Central Cee,60,663487
1341244982,Build a Bitch,122,0.0,2021-05-14,11488,221827002,Build a Bitch,2021-05-14,Pop,Warner Records,122,9142,single,106849212,Bella Poarch,16,157405
2614584352,redrum,270,0.0,2024-01-12,706603,533077002,american dream,2024-01-12,Rap/Hip Hop,"Slaughter Gang, LLC/Epic Records",2989,43414,album,6853403,21 Savage,53,1520713
3059676151,Enemy with JID (Opening Title Version),186,0.0,2024-11-25,25271,731048631,Ma Meilleure Ennemie ft. Coldplay,2025-04-04,Films/Jeux vidéo|Musiques de films,Riot Games,348,5388,single,416239,Imagine Dragons,62,9521652
1622528782,Light Switch,185,0.0,2022-01-20,691150,287833102,Light Switch,2022-01-20,Pop,Atlantic Records,185,4861,single,1362735,Charlie Puth,96,2303686
1732735297,In The Stars,216,0.0,2022-04-29,832693,314028027,In The Stars,2022-04-29,Pop,Warner Records,216,5612,single,146543992,Benson Boone,28,496540
2040509907,LET GO,174,0.0,2022-12-15,774045,381250597,LET GO,2022-12-15,Rap/Hip Hop,Central Cee,174,12660,single,12096038,Central Cee,60,663487
2047662397,Superhero (Heroes & Villains),182,0.0,2022-12-02,738150,382760377,HEROES & VILLAINS,2022-12-02,Rap/Hip Hop,Republic Records,2875,94350,album,4968870,Metro Boomin,27,753879
2032141427,Players,139,0.0,2022-11-30,723371,379318897,Players,2022-11-30,Rap/Hip Hop,Uptown / Republic Records,139,6867,single,49825112,Coi Leray,76,60692
1432930542,Where Are You Now,148,0.0,2021-07-30,900149,244103182,Where Are You Now,2021-07-30,Electro|Techno/House|Dance|Pop,Epic Amsterdam,148,7935,single,5866223,Lost Frequencies,140,952800
3454677991,JUMP,164,0.0,2025-07-11,923507,786324441,JUMP,2025-07-11,Musique asiatique,YG Entertainment,164,10298,single,10803980,BLACKPINK,21,2644946
1666877272,Leave The Door Open,242,0.0,2021-11-12,855255,298400782,An Evening With Silk Sonic,2021-11-12,Pop|R&B,Aftermath Entertainment/Atlantic,2184,56231,album,429675,Bruno Mars,36,12769534
2366043655,"What Was I Made For? [From The Motion Picture ""Barbie""]",222,0.0,2023-07-13,911507,463935645,"What Was I Made For? [From The Motion Picture ""Barbie""]",2023-07-13,Alternative,Darkroom/Interscope Records,222,28160,single,9635624,Billie Eilish,32,9243373
2728070371,"Good Luck, Babe!",218,0.0,2024-04-05,963608,566359951,"Good Luck, Babe!",2024-04-05,Pop,Chappell Roan PS/ Island,218,11574,single,12945219,Chappell Roan,19,309123
1797297127,BREAK MY SOUL,278,0.0,2022-06-21,663546,328981167,BREAK MY SOUL,2022-06-21,Dance|Pop,Parkwood Entertainment/Columbia,278,11503,single,145,Beyoncé,118,12827405
871124582,death bed (coffee for your head),173,144.05,2020-02-08,806068,130595652,death bed (coffee for your head),2020-02-08,Rap/Hip Hop|Pop|R&B,Columbia,173,24229,single,14107147,Powfu,83,107451
1280165222,Peaches,198,0.0,2021-03-19,839861,215962322,Justice,2021-03-19,Pop,RBMG/Def Jam,2725,90268,album,288166,Justin Bieber,62,11147309
1044791832,WAP (feat. Megan Thee Stallion),187,0.0,2020-08-07,751423,165664612,WAP (feat. Megan Thee Stallion),2020-08-07,Rap/Hip Hop,Atlantic/KSR,187,84356,single,9064930,Cardi B,95,2595294
1881003417,Rush,185,0.0,2022-09-16,885447,349702977,Rush,2022-09-16,,Mavin Records,185,16463,single,110616822,Ayra Starr,62,235188
2306120355,Sprinter,226,0.0,2023-06-01,25224,820626121,Sprinter,2023-06-01,Rap/Hip Hop,Neighbourhood Records (UMG UK / UMUK),229,935,single,11256100,Dave,31,536023
1915471137,Shut Down,176,0.0,2022-09-16,730025,357003127,BORN PINK,2022-09-16,Pop,YG Entertainment/Interscope Records,1475,36412,album,10803980,BLACKPINK,21,2644946
990604232,GIRL LIKE ME,221,0.0,2020-11-02,789562,153541502,Translation,2020-11-02,Pop,Universal Music Division Polydor France,3380,23700,album,1020109,Black Eyed Peas,68,6101410
1899060227,End of Beginning,159,0.0,2022-09-16,999711,353216957,DECIDE,2022-09-16,Alternative|Rock,Djo,2156,14384,album,70227002,Djo,22,107345
1811481707,"Quevedo: Bzrp Music Sessions, Vol. 52/66",198,0.0,2022-07-06,796653,332352037,"Quevedo: Bzrp Music Sessions, Vol. 52/66",2022-07-06,Rap/Hip Hop|Latino,DALE PLAY Records,198,18906,single,12487862,Bizarrap,110,1123835
1233406072,Up,156,0.0,2021-02-05,598362,205396982,Up,2021-02-05,Rap/Hip Hop,Atlantic Records,156,11280,single,9064930,Cardi B,95,2595294
908604612,Blinding Lights,200,170.84,2020-03-20,984833,137217782,After Hours,2020-03-20,R&B,Republic Records,3377,188460,album,4050205,The Weeknd,86,14666174
3558373981,melodrama,176,0.0,2025-09-26,996934,822345001,melodrama,2025-09-26,Pop,Carré Bleu Production,176,27361,single,292,disiz,43,447816
3045169941,CIEL,186,0.0,2024-09-13,982484,656695351,CIEL,2024-09-13,Rap/Hip Hop,Play Two,186,23735,single,4429712,GIMS,120,6861952
2642921822,Ceux qu'on était,174,0.0,2025-01-06,882858,541938942,Ceux qu'on était,2025-01-06,Chanson française,Columbia,174,20045,single,5811815,Pierre Garnier,11,437825
2166864777,Tattoo,180,0.0,2023-02-25,931175,411655007,Tattoo,2023-02-25,Pop,Universal Music AB,180,8574,single,1199771,Loreen,58,149700
3579685431,The Fate of Ophelia,226,0.0,2025-10-03,999852,829966251,The Life of a Showgirl,2025-10-03,Pop,Taylor Swift,2500,67044,album,12246,Taylor Swift,123,12713256
1644464022,Calm Down,220,0.0,2022-02-10,919562,292908332,Calm Down,2022-02-10,,Mavin Records / Jonzing World,421,13838,single,5259966,Rema,74,570413
2527530731,Petit génie,217,0.0,2023-11-06,965821,508587521,Petit génie,2023-11-06,Rap/Hip Hop,Universal Music Distributed Labels,217,11554,single,220540115,Jungeli,40,218690
3278913111,Soleil Bleu,246,0.0,2025-04-11,993960,727556231,Soleil Bleu,2025-04-11,Chanson française,Wagram Music / Chapter Two Records,246,9803,single,270952322,Bleu Soleil,7,26679
3303979891,Azizam,162,0.0,2025-04-04,961388,736095581,Azizam,2025-04-04,Pop|Singer & Songwriter,Gingerbread Man Records / Atlantic Records UK,162,4882,single,384236,Ed Sheeran,154,20903414
739870792,Dance Monkey,209,97.97,2019-08-29,921950,108770322,The Kids Are Coming,2019-08-30,Alternative,Elektra (NEK),1234,102579,ep,59070642,Tones and I,49,549556
2658723742,TEXAS HOLD 'EM,233,0.0,2024-02-11,929850,546733702,TEXAS HOLD 'EM,2024-02-11,Country|Pop,Parkwood Entertainment/Columbia,233,25708,single,145,Beyoncé,118,12827405
2424911405,Feel Good,163,0.0,2023-09-15,989944,480029795,Feel Good,2023-09-15,Pop,Parlophone (France),163,8043,single,5417036,Charlotte Cardin,60,279964
2955461951,WE PRAY (Single Version),233,0.0,2024-08-23,739201,632008801,WE PRAY (Single Version),2024-08-23,Alternative,Parlophone UK,233,3140,single,892,Coldplay,122,18376583
3589389951,"Zoo (From ""Zootropolis 2"")",191,0.0,2025-10-10,725394,833469991,"Zoo (De ""Zootopie 2"")",2025-10-10,Films/Jeux vidéo|Musiques de films,Walt Disney Records,191,4575,single,9219,Disney,88,416953
2781673612,SPIDER,188,0.0,2024-05-10,967661,581514872,SPIDER,2024-05-10,Rap/Hip Hop|Rap français,Play Two,188,19158,single,4429712,GIMS,120,6861952
1841999507,DESPECHÁ,157,0.0,2022-07-28,920501,340053337,DESPECHÁ,2022-07-28,Pop,Columbia,157,12888,single,554792,ROSALÍA,36,1056290
2767945501,Imagine,165,0.0,2024-05-03,938012,578668551,Imagine,2024-05-03,Rap/Hip Hop,Play Two,165,17781,single,98775702,Carbonne,23,142270
3763842212,I Just Might,212,0.0,2026-01-09,995346,893791002,I Just Might,2026-01-09,Pop,Atlantic Records,212,8064,single,429675,Bruno Mars,36,12769534
3098100311,Mauvais Garçon,162,0.0,2024-11-20,937077,671918891,Mauvais Garçon,2024-11-20,Pop,RCA Group,162,10079,single,258938052,Helena,8,237751
2815968782,Messy,284,0.0,2024-05-30,997108,591239352,Messy,2024-05-30,Pop,Universal-Island Records Ltd.,284,4130,single,9266850,Lola Young,41,95986
2570360062,I love you,237,0.0,2023-12-08,907669,519803372,I love you,2023-12-08,Pop|R&B,Play Two,237,22731,single,4803754,Dadju,55,3271657
1951821737,THE LONELIEST,247,0.0,2022-10-07,898561,363906907,THE LONELIEST,2022-10-07,Rock,Epic,247,14690,single,13612387,Måneskin,21,1002812
752155092,love nwantiti (ah ah ah),145,0.0,2019-08-30,855914,110714612,CKay The First,2019-08-30,Musique africaine,Chocolate City Music,1395,14881,album,903536,CKay,51,244414
435303972,Love Tonight (Edit),241,123.05,2017-12-14,8785,977167091,Love Tonight,2017-12-14,Electro,Hell Beach,734,6,single,5767206,Shouse,41,22449
2201123807,Si No Estás,184,0.0,2022-09-23,940331,419936997,Si No Estás,2022-09-23,Pop|Latino,Acqustic,184,11567,single,149720332,Íñigo Quintero,12,35362
1015793062,Jerusalema (feat. Nomcebo Zikode),342,0.0,2020-01-24,875629,159529882,Jerusalema,2020-01-24,Dance,Elektra France,3127,25465,album,15216967,Master KG,66,94173
2638201552,Gata Only,222,0.0,2024-02-02,957099,540377482,Gata Only,2024-02-02,Latino,FloyyMenor under exclusive license to UnitedMasters LLC,222,11042,single,193146897,FloyyMenor,37,40412
2299840635,Dance The Night (From Barbie The Album),176,0.0,2023-05-25,886338,446073025,Dance The Night (From Barbie The Album),2023-05-25,Pop,Atlantic Records,176,8869,single,8706544,Dua Lipa,135,8773019
715881712,Avant toi,224,142.07,2019-08-22,748633,104348902,VersuS,2019-08-23,Pop,Universal Music Division Capitol Music France,3840,136190,album,11971,Vitaa,46,1882614
1953253637,Secret,190,0.0,2022-10-08,849481,364171887,Secret,2022-10-08,Pop,Universal Music Division Polydor France,190,6314,single,4453455,Louane,67,1984863
1988270837,Lift Me Up (From Black Panther: Wakanda Forever - Music From and Inspired By),197,0.0,2022-10-28,845971,370666207,Lift Me Up (From Black Panther: Wakanda Forever - Music From and Inspired By),2022-10-28,Pop,Black Panther 2 Rihanna Recordings,394,23910,single,564,Rihanna,94,18031476
1252158952,Le temps,197,0.0,2020-12-04,893496,209517102,Fleur froide (Donum Novae),2020-12-04,Pop,Play Two,3901,11590,album,12526056,Tayc,105,1479109
1764283667,I Ain't Worried,148,0.0,2022-05-27,910746,321440247,Top Gun: Maverick (Music From The Motion Picture),2022-05-27,Films/Jeux vidéo|Musiques de films,Interscope Records,2508,57321,album,74398,OneRepublic,104,4343067
1372169352,Never Going Home,170,0.0,2021-05-21,806030,230124382,Never Going Home,2021-05-21,Electro,Universal Music Division Polydor France,170,14914,single,5992092,Kungs,58,748006
1666673152,Bam Bam (feat. Ed Sheeran),205,0.0,2022-03-04,895051,298326452,Bam Bam (feat. Ed Sheeran),2022-03-04,Pop,Epic,205,18758,single,9236850,Camila Cabello,40,3900200
1544258312,La Quête,244,0.0,2021-11-19,916250,270762122,Civilisation,2021-11-19,Rap/Hip Hop,7TH Magnitude / Strong Ninja,3459,355888,album,259467,Orelsan,18,2707697
1809158097,Waves,225,0.0,2022-07-01,819495,331818647,Mercury - Acts 1 & 2,2022-07-01,Alternative,Kid Ina Korner / Interscope,4712,56339,album,416239,Imagine Dragons,62,9521652
1120361182,Fever,156,0.0,2020-10-29,874378,181920172,Fever,2020-10-29,Dance|Pop,Warner Records,156,41759,single,8706544,Dua Lipa,135,8773019
2226972607,Daylight,212,0.0,2023-04-14,7914,712130781,Daylight,2023-04-14,Pop,Miserable Music Group,212,1305,single,4443465,David Kushner,30,144801
378310131,Hate To Say I Told You So,200,135.11,2002-04-02,754877,43854281,Your New Favourite Band,2009-03-17,Alternative,Burning Heart Records/Epitaph,1688,3596,album,621,The Hives,31,247004
3590186,Supermassive Black Hole,212,119.8,2006-06-28,860136,339063,Black Holes and Revelations,2006-06-19,Alternative,Warner Records,3015,254939,album,705,Muse,70,5038978
676183,In the End,216,105.2,2000-10-24,982895,81763,Hybrid Theory (Bonus Edition),2000-10-24,Alternative,Warner Records,2941,407763,album,92,Linkin Park,75,12218149
6611231,Boulevard of Broken Dreams,261,166.7,2009-06-16,913266,611243,Boulevard of Broken Dreams,2009-06-16,Alternative,Reprise,261,23909,single,52,Green Day,90,5232245
1767996947,Sk8er Boi,203,0.0,2022-06-03,644114,322368087,Let Go (20th Anniversary Edition),2022-06-03,Pop|Rock,Arista/Legacy,4232,8706,album,35,Avril Lavigne,45,5710470
2210446237,Seven Nation Army,231,0.0,2023-03-31,586134,422329267,Elephant (Deluxe),2023-03-31,Alternative|Rock,Third Man Records/Legacy,4968,3546,album,636,The White Stripes,33,1318976
15615738,Times Like These,266,144.6,2002-10-22,692070,1442594,One By One (Expanded Edition),2002-10-22,Rock,RCA Records Label,4686,26094,album,566,Foo Fighters,47,4586339
795239,Someday,207,162.8,2003-08-04,722237,92873,The Long Road,2003-08-04,Rock,Roadrunner Records,2429,37348,album,338,Nickelback,35,3178947
623731972,Blurry,303,157.2,2019-02-01,734034,85608702,Come Clean,2019-02-01,Rock,Flawless Records,3132,6858,album,1070,Puddle of Mudd,22,177080
546578,Lonely Day,168,112.7,2005-11-22,954191,72046,Hypnotize,2005-11-22,Rock,American/Columbia,2386,209615,album,458,System of a Down,21,5798029
127354207,All The Small Things,172,147.66,2016-06-24,845983,13433823,Greatest Hits,2016-06-24,Rock,Geffen,3483,51476,album,409,blink-182,39,2331237
680516,Dani California,282,95.9,2006-05-05,859710,82107,Stadium Arcadium,2006-05-05,Alternative,Warner Records,6490,153037,album,182,Red Hot Chili Peppers,101,7689696
2127426277,Lost,199,0.0,2023-02-10,850601,401413077,Lost,2023-02-10,Alternative,Warner Records,199,13717,single,92,Linkin Park,75,12218149
2511224,Kryptonite,234,98.91,2000-05-26,816454,246646,The Better Life,2000-05-26,Pop,Universal Records,2459,14398,album,340,3 Doors Down,23,1268650
15523781,Chop Suey!,210,0.0,2001-09-04,742555,1434890,Toxicity,2001-01-01,Rock|Hard Rock|Metal,American/Columbia,2637,189502,album,458,System of a Down,21,5798029
623714212,The Middle,166,162.13,2019-02-01,798811,85606432,Bleed American,2001-07-23,Rock,Interscope,2804,9354,album,346,Jimmy Eat World,40,223152
851057,Like a Stone,294,107.7,2002-11-17,872884,97953,Audioslave,2007-06-01,Rock,Epic/Interscope,3924,115429,album,843,Audioslave,19,1392720
1125083,In Too Deep,207,0.0,2001-08-09,854693,120933,"All Killer, No Filler",2001-05-08,Rock,Island Records,1938,68902,album,459,Sum 41,29,1359936
951290,Time for Heroes,160,0.0,2002-09-30,571948,107031,Up the Bracket,2022-10-21,Alternative,Rough Trade,2194,20649,album,1022,The Libertines,26,191048
725274,Californication,329,96.8,2004-10-26,957783,86511,Californication (Deluxe Edition),1999-06-07,Alternative,Warner Records,4068,427486,album,182,Red Hot Chili Peppers,101,7689696
2947342,Somebody Told Me,198,137.8,2009-03-06,856925,286433,Hot Fuss,2006-02-13,Rock,EMI,4080,46465,album,897,The Killers,47,2235995
3090875,The Kill,231,121.96,2005-08-16,809301,299307,A Beautiful Lie,2005-08-16,Rock,Virgin Records,2683,36262,album,390183,Thirty Seconds to Mars,39,1756504
80274512,Bring Me To Life,235,95.0,2026-08-28,976882,8015598,Fallen,2014-06-24,Rock,The Bicycle Music Company,2922,210302,album,98,Evanescence,29,3779875
3157501,Jerk It Out,195,133.8,2005-04-08,754873,303561,Jerk It Out (Original Mix),2005-04-08,Pop,Parlophone Sweden,598,1945,single,619,Caesars,29,12038
1121936,America,249,179.8,2006-11-20,717730,120631,America,2006-11-20,Rock,EMI,710,1539,single,622,Razorlight,25,76131
1444388582,Take A Picture,363,0.0,2021-08-01,635513,247044332,Title Of Record,1999-08-23,Alternative,Craft Recordings,4223,1508,album,1476,Filter,43,37187
4162671,Soul Meets Body,230,128.0,2005-08-29,537131,387946,Plans,2005-08-29,Alternative,Atlantic Records,3070,13143,album,383,Death Cab for Cutie,61,200245
4306192,Fire,230,122.0,2009-09-30,450885,400578,Out Of Ashes,2009-09-30,Rock,Warner Records,2622,8140,album,282962,Dead By Sunrise,10,34795
4315310,I Bet You Look Good On The Dancefloor,173,102.85,2006-01-29,743229,401340,"Whatever People Say I Am, That's What I'm Not",2006-02-18,Alternative,Domino Recording Co,2462,262720,album,1182,Arctic Monkeys,35,4954652
888118,Have A Nice Day,206,120.9,2008-06-02,651497,100718,Just Enough Education To Perform,2008-06-02,Rock,UMC (Universal Music Catalogue),3334,24151,album,707,Stereophonics,48,467273
822750,I Believe in a Thing Called Love (Single Version),218,0.0,2005-09-06,705767,95297,I Believe in a Thing Called Love,2005-09-06,Rock,EastWest U.K.,860,2047,single,6147,The Darkness,76,64490
3611374,It's Been Awhile,264,116.8,2001-08-20,771933,340654,Break the Cycle,2001-05-22,Pop,Elektra/Flip,3310,24916,album,373,Staind,24,401195
3599714,Hysteria,227,186.2,2004-03-23,18707,511257691,Absolution,2023-11-17,Alternative|Rock|Rock Indé/Pop Rock,Warner Records,3425,19984,album,705,Muse,70,5038978
725971,Can't Stop,269,182.9,2004-10-26,944981,86560,By the Way (Deluxe Edition),2002-06-25,Alternative,Warner Records,4582,175745,album,182,Red Hot Chili Peppers,101,7689696
2113541,Last Resort,199,90.5,2007-10-11,8917,84923722,Infest,2019-01-25,Rock,Geffen,3164,19960,album,89,Papa Roach,70,2000564
937003,Wake Up,335,138.7,2005-02-28,3085,43265861,Funeral,2005-10-05,Alternative|Pop Indé|Rock indé,Sony Music CG,2875,42706,album,1201,Arcade Fire,27,721665
940596,"Steady, As She Goes",215,124.2,2006-05-15,8814,206362072,Broken Boy Soldiers,2006-05-15,Alternative,Legacy Recordings,2023,7721,album,1202,The Raconteurs,13,165943
2192097,Loser Kid (Album Version),226,192.3,2002-12-02,533835,219165,Busted,2002-01-01,Pop,Universal-Island Records Ltd.,2234,10334,album,2181,Busted,31,40500
3091485,We Used To Be Friends,198,105.2,2003-07-24,25281,401014087,Welcome To The Monkey House,2003-07-24,Rock,[PIAS] Recordings Catalogue,2902,1194,album,890,The Dandy Warhols,39,82549
2370424,Wasting My Time,269,148.2,2002-11-05,494800,234967,The Fallout (Limited Edition),2002-11-05,Rock|Hard Rock,The Orchard,2927,1999,album,2911,Default,137,13020
14876844,Drive,232,181.3,1999-10-26,786312,1372048,Make Yourself,1999-10-26,Alternative,Epic/Immortal,2889,22736,album,693,Incubus,34,1089529
3097497,Four to the Floor,233,186.23,2003-10-07,676779,299728,Four To The Floor,2003-10-07,Rock,Parlophone UK,1005,3889,single,1276,Starsailor,53,33060
536481,Time to Pretend,261,0.0,2007-12-14,796416,71318,Oracular Spectacular,2008-02-12,Pop,Red Ink/Columbia,2417,118938,album,69627,MGMT,41,1199301
901025,"You're Gonna Go Far, Kid",177,126.0,2008-06-13,9017,14717584,"Rise And Fall, Rage And Grace",2016-12-02,Rock,Concord Records,2627,22649,album,882,The Offspring,32,2029983
3158004,Naive,206,102.3,2008-03-31,743766,303630,Naïve,2008-03-31,Rock,Virgin Records,845,10632,ep,4337,The Kooks,59,813960
559789,B.Y.O.B.,257,101.6,2005-05-17,873643,73123,Mezmerize,2005-05-17,Rock|Hard Rock|Metal,American/Columbia,2175,224248,album,458,System of a Down,21,5798029
851050,Show Me How to Live,277,178.2,2002-11-17,745187,97953,Audioslave,2007-06-01,Rock,Epic/Interscope,3924,115429,album,843,Audioslave,19,1392720
2544627,Hash Pipe,186,125.7,2001-04-24,639968,249320,Weezer (Green Album),2001-04-24,Rock,Geffen,1714,19877,album,418,Weezer,74,729171
4306803,Meet Me on the Equinox,224,135.1,2009-10-16,368799,400629,The Twilight Saga: New Moon (Original Motion Picture Soundtrack),2009-10-16,Films/Jeux vidéo|Musiques de films,Chop Shop/Atlantic,3657,22331,album,383,Death Cab for Cutie,61,200245
676844,Shadow of the Day,289,0.0,2007-05-14,841225,81817,Minutes to Midnight,2007-05-14,Alternative,Warner Records,2603,177313,album,92,Linkin Park,75,12218149
680518,Snow (Hey Oh),334,107.1,2006-05-05,920396,82107,Stadium Arcadium,2006-05-05,Alternative,Warner Records,6490,153037,album,182,Red Hot Chili Peppers,101,7689696
2317363,Somewhere Only We Know,235,172.3,2004-05-02,957480,230778,Hopes And Fears,2004-05-02,Pop,Universal-Island Records Ltd.,3023,49463,album,106,Keane,67,2136320
884756,All The Things She Said,214,179.8,2006-09-21,914147,100394,t.A.T.u. - The Best,2006-09-11,Pop,Interscope,4533,33266,album,37,t.A.T.u.,25,204696
916829,Apologize,205,118.1,2008-02-07,902473,103293,Dreaming Out Loud,2007-01-01,Pop,Mosley / Interscope,3445,27461,album,74398,OneRepublic,104,4343067
3098217,Feel,264,98.0,2006-08-28,851745,299778,Escapology,2006-08-28,Pop,Chrysalis UK,4421,41525,album,212,Robbie Williams,139,1914411
15587465,Complicated,245,156.0,2002-06-04,871298,1440870,Let Go,2002-06-04,Pop,Arista,2917,88318,album,35,Avril Lavigne,45,5710470
870041,Teenage Dirtbag,241,94.6,1999-02-15,828725,99164,Wheatus,2000-07-25,Pop,Columbia,1994,5826,album,3210,Wheatus,41,20725
107369612,She Will Be Loved,257,102.1,2015-09-25,583990,11195154,Singles,2015-09-25,Pop,Interscope Records*,2623,72489,album,1188,Maroon 5,65,11405997
2103588,The Man Who Can't Be Moved,241,99.9,2008-09-08,775876,211128,The Script,2008-09-08,Pop,Phonogenic,2575,41277,album,71569,The Script,39,2114450
10307838,White Flag,238,170.1,2003-09-29,613787,942745,Life For Rent,2003-10-25,Pop,Arista,3119,9664,album,143,Dido,73,715633
570585,I Don't Want to Be,218,154.8,2003-05-26,751956,74008,Chariot,2003-05-26,Pop,J Records,6312,11093,album,153,Gavin DeGraw,48,99145
1184425,Chasing Cars,267,103.9,2006-08-04,882897,126536,Chasing Cars,2006-08-04,Rock,Polydor Records,995,10360,single,1642,Snow Patrol,59,1294644
994228,Wherever You Will Go,208,112.0,2002-02-11,839286,110059,Camino Palmero,2002-02-11,Pop,RCA Records Label,2952,21220,album,454,The Calling,15,202298
773430,Wake Me up When September Ends,285,104.9,2004-09-21,863616,90799,American Idiot (Deluxe),2004-09-14,Alternative,Reprise,3909,215727,album,52,Green Day,90,5232245
2124673,This Is The Life,185,95.0,2008-09-08,552025,213318,This Is The Life,2008-01-01,Pop,EMI,3279,16998,album,15030,Amy Macdonald,46,257854
2139735,Far Away,241,132.9,2008-09-12,770538,214572,Far Away,2008-09-12,Rock,Roadrunner Records,774,11898,single,338,Nickelback,35,3178947
782016,By the Way,216,126.4,2004-10-26,618877,91616,By the Way,2002-06-25,Alternative,Warner Records,4109,32785,album,182,Red Hot Chili Peppers,101,7689696
983832,A Thousand Miles,237,95.0,2002-04-11,894479,109423,Be Not Nobody,2002-04-11,Pop,A&M,2767,14902,album,456,Vanessa Carlton,31,55120
4195713,Uprising,304,128.0,2009-09-10,911534,390984,The Resistance,2009-09-10,Alternative,Warner Records,3255,446835,album,705,Muse,70,5038978
2544628,Island In The Sun,200,114.5,2001-04-24,843777,249320,Weezer (Green Album),2001-04-24,Rock,Geffen,1714,19877,album,418,Weezer,74,729171
68515353,Dirty Sticky Floors,212,91.9,2003-06-02,475079,6709182,Paper Monsters,2003-06-03,Pop,BMG Rights Management / Mute Records Ltd.,2888,4975,album,5164,Dave Gahan,11,107860
676573,Welcome to the Black Parade,311,97.05,2006-10-20,773173,81797,The Black Parade,2006-10-23,Alternative,Reprise,3111,153108,album,599,My Chemical Romance,45,1836289
5495885,Girlfriend,216,164.1,2007-02-27,785561,503137,Girlfriend EP,2007-02-27,Pop,Sony Music Entertainment,5211,19720,album,35,Avril Lavigne,45,5710470
657204992,Sing,228,0.0,2019-04-01,769862,91986052,The Invisible Band,2009-11-23,Alternative,Craft Recordings,2721,8077,album,1295,Travis,61,289161
3658126,Welcome to My Life,206,86.7,2004-10-25,771693,344470,Still Not Getting Any...,2004-10-26,Pop,143/Atlantic Entertainment,2851,42403,album,87,Simple Plan,42,1701142
13636688,Plug in Baby,218,136.0,2005-09-20,764515,1248725,Origin of Symmetry,2001-07-17,Alternative,WM UK,3301,176964,album,705,Muse,70,5038978
536485,Kids,303,0.0,2007-12-14,900466,71318,Oracular Spectacular,2008-02-12,Pop,Red Ink/Columbia,2417,118938,album,69627,MGMT,41,1199301
884180,I'm Like A Bird,243,89.7,2008-05-20,22027,179898742,"Whoa, Nelly! (Expanded Edition)",2020-10-23,Pop,Geffen,6048,2655,album,133,Nelly Furtado,74,1456889
68908956,Drops of Jupiter (Tell Me),260,159.6,2001-03-27,724139,6750058,Drops Of Jupiter,2001-02-19,Rock,Columbia/Legacy,2875,5867,album,685,Train,53,1022209
547538,U + Ur Hand,214,141.1,2006-04-04,767725,72125,I'm Not Dead,2006-04-04,Pop,LaFace Records,3844,74084,album,69925,P!nk,65,4657661
2192091,Year 3000,196,107.1,2002-12-02,561452,219165,Busted,2002-01-01,Pop,Universal-Island Records Ltd.,2234,10334,album,2181,Busted,31,40500
4087608,All Summer Long,297,102.8,2007-10-09,670841,381253,Rock n Roll Jesus,2007-10-09,Pop|Rock,Top Dog/Atlantic,3428,10048,album,1534,Kid Rock,37,295496
733262,Breathless,207,126.8,2006-11-17,696419,87241,Dreams - The Ultimate Corrs Collection,2006-11-17,Pop|Pop internationale|Variété Internationale,143/Atlantic Entertainment,4486,25884,album,626,The Corrs,28,187790
1159409,Open Your Eyes,339,130.8,2007-07-30,18770,227412,Eyes Open,2006-05-01,Rock,Polydor Records,2700,29966,album,1642,Snow Patrol,59,1294644
3164900,I'll Be Waiting,258,0.0,2008-01-18,557482,304007,I'll Be Waiting,2008-01-18,Rock,Virgin Records,998,3649,single,189,Lenny Kravitz,51,1876829
3098840,The Scientist,309,0.0,2002-08-27,946673,299821,A Rush of Blood to the Head,2002-08-08,Rock,Parlophone Records Limited,3246,346736,album,892,Coldplay,122,18376583
2162743,Stuck In A Moment You Can't Get Out Of,272,158.4,2000-10-22,693633,216487,All That You Can't Leave Behind,2000-10-22,Pop,Universal-Island Records Ltd.,3169,56686,album,163,U2,98,7325177
94488784,This Picture,214,155.4,2003-03-24,21849,351619137,Sleeping With Ghosts,2006-08-14,Alternative|Rock,Elevator Lady Ltd,2790,15293,album,8,Placebo,31,1276614
2606173,Mercy,220,130.0,2008-11-23,761653,254149,Rockferry,2008-01-01,Pop,Polydor Records,3729,25372,album,72519,Duffy,5,374149
4193685,Maybe Tomorrow,272,161.5,2008-06-02,534294,390868,You Gotta Go There To Come Back,2003-01-01,Pop,UMC (Universal Music Catalogue),3816,13692,album,707,Stereophonics,48,467273
2924841,Use Somebody,231,139.7,2009-02-26,826218,284587,Use Somebody,2009-02-26,Rock,RCA/Legacy,1008,24590,ep,385,Kings of Leon,30,2392825
3106505,Fix You,295,140.2,2005-06-07,907858,300328,X&Y,2005-06-07,Rock,Parlophone Records Limited,3719,277130,album,892,Coldplay,122,18376583
2889763,You Found Me,238,152.0,2009-02-02,796718,271596,The Fray,2009-01-30,Rock,Epic,2576,48671,album,4527,The Fray,28,627704
94488788,The Bitter End,190,186.2,2003-03-24,8894,351619137,Sleeping With Ghosts,2006-08-14,Alternative|Rock,Elevator Lady Ltd,2790,15293,album,8,Placebo,31,1276614
67239341,Lisztomania,241,97.5,2013-05-13,8934,650792321,Wolfgang Amadeus Phoenix,2014-03-01,Alternative,Glassnote - VMG,2183,5349,album,15,Phoenix,39,628321
710014932,No Me Destruyas,227,0.0,2006-07-12,457435,103076862,Memo Rex Commander y el Corazón Atómico de la Vía Láctea,2006-07-12,Alternative|Rock,OCESA Seitrack,3232,9206,album,58585,Zoé,34,1127456
100551814,Xoloitzcuintle Chicloso,300,0.0,2007-05-05,369776,10320132,Atemahawke,2007-05-05,Rock|Latino,PORTER,2582,6230,album,84062252,Porter,31,45939
792919742,Rompecabezas,232,0.0,2008-12-01,437439,117033672,Región 4,2009-05-21,Rock,"2008 Cadereyta Producciones, S.A. De C.V.",2150,895,album,516502,Los Concorde,9,3724
12089615,Track 152,246,135.1,2009-11-27,228351,1109430,Sonámbula,2009-09-21,Alternative|Rock indé|Rock,Noiselab Records,2122,106,album,1337083,Corazón Attack,9,1034
1331982152,El Duelo,257,0.0,2021-04-16,322823,221495482,Sonidos De Karmática Resonancia,2021-04-16,Rock|Latino,Universal Music Mexico,2951,8221,album,58585,Zoé,34,1127456
710016022,No Longer Fun,205,0.0,2011-09-13,268893,103076962,Rey Pila,2011-09-13,Alternative|Rock,OCESA Seitrack,2279,314,album,398390,Rey Pila,38,9211
100551800,Host of a Ghost,260,0.0,2007-05-05,375629,10320132,Atemahawke,2007-05-05,Rock|Latino,PORTER,2582,6230,album,84062252,Porter,31,45939
6487538,Pachuco,194,144.1,1991-08-13,501638,597747,El Circo,1991-08-13,Rock|Latino,Ariola,2159,9119,album,10751416,Maldita Vecindad y Los Hijos del 5to Patio,6,207263
72410798,Mi Vida,282,0.0,2013-11-19,555943,7117534,"José José, Un Tributo 1 & 2",2013-11-19,Pop|Rock,Columbia,6322,28013,album,1574369,DLD,21,239601
15981513,El Microbito,157,122.0,2012-01-04,499341,1481908,Fobia,2012-01-04,Rock,RCA Records Label,2073,2711,album,14468,Fobia,13,255713
143797736,Ninjas,185,160.25,2017-04-28,234146,15581058,Wall of Goth - EP,2017-04-28,Alternative,Arts & Crafts Mexico,899,326,ep,398390,Rey Pila,38,9211
135993008,Estúpidos Hermosos,250,0.0,2013-06-27,219463,14535666,Proyección del Miembro Fantasma,2013-06-27,Alternative|Rock indé|Rock,Nodriza,2082,52,album,1337083,Corazón Attack,9,1034
13274430,Cuéntame Tu Vida,262,124.91,1988-05-15,468721,1216239,Caifanes,1992-05-18,Pop|Latino,RCA Records Label,2763,29360,album,3214,Caifanes,8,857187
776892,Manda Una Señal,281,92.9,2006-08-22,310895,91107,Amar Es Combatir,2006-05-09,Pop,WM Mexico,3624,8201,album,4115,Maná,57,1777611
355589841,Lacerado,260,0.0,2017-05-12,212732,40782311,Lacerado,2017-05-12,Alternative|Rock,Industrias WIO,260,11,single,6098020,Sierra Leon,23,435
6487542,Kumbala,267,120.2,1991-08-13,570241,597747,El Circo,1991-08-13,Rock|Latino,Ariola,2159,9119,album,10751416,Maldita Vecindad y Los Hijos del 5to Patio,6,207263
13336072,Vendedora de Caricias,225,124.9,2007-05-22,509818,1221936,Panteón Rococó,2007-05-22,Rock,RCA Records Label,2811,21362,album,7974,Panteón Rococó,34,698359
1807403427,Brillas,225,0.0,2022-06-28,594258,331349387,Solstis - De León Larregui,2022-06-28,Rock|Latino,EMI Mexico,2170,4005,album,3468021,León Larregui,21,508237
13272451,Aquí No Es Así,294,105.7,1994-07-05,592472,1216105,El Nervio Del Volcan,1990-05-06,Pop|Latino,RCA Records Label,2811,33430,album,3214,Caifanes,8,857187
103640414,Surveillance Camera,233,0.0,2015-07-17,233170,10777438,The Future Sugar,2015-07-17,Alternative,Arts & Crafts Mexico,1976,410,album,398390,Rey Pila,38,9211
15378037,Ni Tú Ni Nadie,219,132.09,2005-03-01,564415,1420156,Stereo Hits,2005-03-01,Pop|Latino,Sony Music México,2328,2632,album,12043,Moenia,41,128362
13274427,Mátenme Porque Me Muero,214,169.44,1988-05-15,543630,1216239,Caifanes,1992-05-18,Pop|Latino,RCA Records Label,2763,29360,album,3214,Caifanes,8,857187
71180272,Te Lo Pido por Favor,206,106.0,2002-10-22,487249,6988023,El Primer Instinto,2002-10-22,Pop|Latino,RCA Records Label,4017,3771,album,16978,Jaguares,9,182877
46713011,El Diablo,215,135.6,2012-07-24,386657,4622571,Wow (87-04),2012-07-24,Rock,RCA Records Label,4327,6076,album,14468,Fobia,13,255713
10287076,Walk,256,140.1,2011-04-08,788854,940640,Wasting Light,2011-04-08,Rock,RCA Records Label,2872,79717,album,566,Foo Fighters,47,4586339
14575268,The Adventures Of Rain Dance Maggie,282,107.4,2014-12-18,634794,1340766,I'm With You,2011-08-29,Alternative,Warner Brothers,3556,18040,album,182,Red Hot Chili Peppers,101,7689696
14932098,Lonely Boy,193,168.1,2011-12-02,798097,1376944,El Camino,2011-12-02,Alternative|Rock|Rock Indé/Pop Rock,Nonesuch,2303,77111,album,2483,The Black Keys,48,1096084
37734411,BURN IT DOWN,230,110.0,2012-06-19,854317,3666371,LIVING THINGS,2012-06-20,Alternative,Warner Records,2218,281722,album,92,Linkin Park,75,12218149
7718385,Na Na Na (Na Na Na Na Na Na Na Na Na),205,166.0,2010-11-19,624016,712492,Danger Days: The True Lives of the Fabulous Killjoys,2010-11-05,Alternative,Reprise,3236,75783,album,599,My Chemical Romance,45,1836289
621216332,Do Your Worst,210,0.0,2019-01-25,507366,85065782,Feral Roots,2019-01-25,Rock,Atlantic Records,2817,15945,album,571758,Rival Sons,33,85860
419655392,Rx (Medicate),233,119.84,2017-10-27,369310,50218612,Wake Up Call,2017-10-27,Rock,Atlantic Records,2467,6865,album,351,Theory of a Deadman,56,217606
70322142,I Wanna Be Yours,183,135.11,2013-09-09,929035,6899610,AM,2013-09-06,Alternative,Domino Recording Co,2504,544554,album,1182,Arctic Monkeys,35,4954652
134971734,Heaven Knows,224,84.03,2014-03-17,8828,972861581,Going to Hell,2014-03-17,Rock,Cooking Vinyl,2730,193,album,370519,The Pretty Reckless,31,453464
65245760,Can You Feel My Heart,227,128.0,2013-04-01,839015,6394998,Sempiternal (Expanded Edition),2013-04-01,Rock,RCA Records Label,3212,100011,album,12874,Bring Me the Horizon,54,1310078
107768534,Save A Prayer,280,120.54,2015-10-02,547764,11236576,Zipper Down,2015-10-02,Rock,Eagles of Death Metal (AG Records 2017) PS,2056,18182,album,5508,Eagles of Death Metal,20,114924
70322130,Do I Wanna Know?,272,84.89,2013-09-09,931645,6899610,AM,2013-09-06,Alternative,Domino Recording Co,2504,544554,album,1182,Arctic Monkeys,35,4954652
14932100,Gold on the Ceiling,224,130.4,2011-12-02,725852,1376944,El Camino,2011-12-02,Alternative|Rock|Rock Indé/Pop Rock,Nonesuch,2303,77111,album,2483,The Black Keys,48,1096084
105765234,The Sound of Silence,248,171.6,2015-08-14,803978,11020874,Immortalized (Deluxe Edition),2015-08-15,Rock,Reprise,3974,91077,album,2127,Disturbed,46,1505836
67615719,I Sat by the Ocean,235,0.0,2013-06-03,600369,6619332,...Like Clockwork,2013-06-03,Alternative,Matador,2759,82341,album,1177,Queens of the Stone Age,27,1370415
17546558,I Miss the Misery,183,164.1,2012-04-03,647548,1642363,The Strange Case of...,2012-04-03,Rock,Atlantic Records,2451,13638,album,108493,Halestorm,56,226499
10174048,Future Starts Slow,248,128.0,2011-04-04,708680,930245,Blood Pressures,2011-04-04,Alternative|Rock,Domino Recording Co,2515,45264,album,1068,The Kills,36,229186
136332800,Now That We’re Dead,419,128.0,2016-11-18,497175,14581202,Hardwired…To Self-Destruct (Deluxe),2016-11-18,Rock,Blackened Recordings / Universal Music,9219,120978,album,119,Metallica,72,8148558
69443939,Wrong Side of Heaven,271,149.8,2013-07-26,703420,6807051,"The Wrong Side Of Heaven And The Righteous Side Of Hell, Volume 1 (Deluxe)",2013-07-30,Rock,Eleven Seven Music,5936,34760,album,158710,Five Finger Death Punch,47,1123108
72011057,Rose Tattoo,306,108.0,2013-01-07,709552,7073815,Signed and Sealed In Blood,2013-01-08,Alternative,[PIAS] Cooperative,2450,34736,album,4611,Dropkick Murphys,32,312168
99976956,Fairly Local,207,114.8,2015-05-15,637899,10236282,Blurryface,2015-05-15,Alternative,Fueled By Ramen,3137,542183,album,647650,Twenty One Pilots,43,5000138
134024954,Find Me,245,162.13,2016-10-14,614976,14283976,WALLS,2016-10-14,Alternative,RCA Records Label,2562,73722,album,385,Kings of Leon,30,2392825
100050556,Superhero,316,162.8,2015-05-18,25004,956643831,Sol Invictus,2015-05-27,Rock,Reclamation Recordings/Ipecac Recordings,2369,213,album,2255,Faith No More,25,640718
16882103,Wrecking Ball,347,118.1,2012-03-06,408712,1578500,Wrecking Ball,2012-03-02,Rock,Columbia,3685,24639,album,4762,Bruce Springsteen,97,1805297
42365931,Every Inch of You,184,122.3,2012-08-20,368643,4126321,Hot Cakes,2012-08-20,Rock,[PIAS],2438,1278,album,6147,The Darkness,76,64490
75559456,Red Eyes,299,162.1,2014-03-18,579616,7484049,Lost In The Dream,2014-03-14,Alternative|Rock,Secretly Canadian,3640,43011,album,73424,The War On Drugs,23,192448
115706570,Mess Around,173,149.8,2015-12-18,550120,11990892,Tell Me I'm Pretty,2015-12-18,Alternative,RCA Records Label,2291,50726,album,214810,Cage The Elephant,18,577049
70078209,Hail to the King,305,118.12,2013-08-20,770558,6872781,Hail to the King,2013-08-23,Rock,Warner Records,3196,102244,album,406,Avenged Sevenfold,36,1929031
82917990,Figure It Out,183,107.95,2014-08-18,727124,8328076,Royal Blood,2014-08-22,Alternative,Warner Records,1956,121500,album,1035806,Royal Blood,27,385067
401620492,Go To War,245,137.35,2017-09-15,3082,461665315,Don't Stop,2017-06-23,Rock,Endurance Music Group,254,21,single,414744,Nothing More,36,31610
132807412,Revolution Radio,180,179.76,2016-10-07,490508,14122354,Revolution Radio,2016-10-07,Alternative,Reprise,2671,65301,album,52,Green Day,90,5232245
119436440,Gypsy Caravan,214,172.27,2016-02-19,442651,12442358,Victorious,2016-02-19,Rock,UMe Direct 2,2120,13422,album,5359,Wolfmother,25,143320
9919786,Satellite,239,136.0,2011-03-15,621424,908993,Endgame,2011-03-15,Rock,Geffen,2760,40009,album,3566,Rise Against,42,898529
1203835762,Courtesy Call,237,0.0,2019-10-25,727197,198983272,The End Is Where We Begin,2012-04-17,Rock,Endurance Music Group / The Fuel Music,2928,7980,album,5722,Thousand Foot Krutch,37,328543
80860612,Country Song,229,95.9,2014-06-24,459865,8082008,Holding Onto Strings Better Left To Fray,2014-06-24,Rock,Fantasy Records,2781,2738,album,1189,Seether,47,556481
54751661,Awakening,263,193.2,2012-08-14,384641,5327691,Southern Air,2012-08-14,Alternative|Pop Indé|Pop|Pop indé/Folk,Hopeless Records,2358,6418,album,1184,Yellowcard,50,224565
10101602,Under Cover of Darkness,236,99.9,2011-03-21,662597,924062,Angles,2011-03-18,Alternative|Rock,RCA Records Label,2052,78429,album,569,The Strokes,23,1750123
103856370,Lydia,242,126.8,2015-07-17,516887,10802828,Mister Asylum,2016-07-29,Alternative|Rock,300 Entertainment,2397,5240,album,1608029,Highly Suspect,23,36150
90727239,Obstacle 1 (Remastered),252,119.1,2012-12-03,21952,179495612,Turn On The Bright Lights (The Tenth Anniversary Edition - 2012 Remaster),2012-01-01,Alternative,Matador,6917,4326,album,1652,Interpol,43,478768
424587822,Highway Tune,181,0.0,2017-11-10,651415,51003772,From The Fires,2017-11-10,Rock,Lava Music/Republic Records,1932,54524,ep,5674606,Greta Van Fleet,16,196178
12901843,Still Life,321,84.9,2011-07-11,438604,1183073,Skying,2011-07-11,Alternative,XL Recordings,3232,7754,album,12924,The Horrors,29,63694
7957098,Bigger Than Us,282,142.1,2011-01-17,16127,410467597,Ritual,2010-01-01,Alternative,[PIAS] Recordings Catalogue,2975,291,album,133175,White Lies,61,94989
78233016,Fever,246,127.6,2014-05-06,599395,7779054,Turn Blue,2014-05-09,Alternative|Rock|Rock Indé/Pop Rock,Nonesuch,2707,27106,album,2483,The Black Keys,48,1096084
10287067,Rope,259,137.8,2011-04-08,570839,940640,Wasting Light,2011-04-08,Rock,RCA Records Label,2872,79717,album,566,Foo Fighters,47,4586339
4733113,Kings And Queens,347,164.72,2009-12-04,10296,142649542,This Is War,2009-12-04,Alternative,Virgin Records,4011,3040,album,390183,Thirty Seconds to Mars,39,1756504
407173132,The Man,248,0.0,2017-09-22,581185,48211792,Wonderful Wonderful,2017-09-22,Alternative,Island Records,2578,17831,album,897,The Killers,47,2235995
362297911,One More Light,255,168.06,2017-05-19,873495,41645391,One More Light,2017-05-19,Alternative,Warner Records,2119,185482,album,92,Linkin Park,75,12218149
528330441,Believer,202,124.91,2018-07-18,946141,68346981,Evolve,2018-02-23,Alternative,Kid Ina Korner / Interscope,2583,193752,album,416239,Imagine Dragons,62,9521652
78527795,Counting Stars,257,122.0,2014-06-02,923515,7811259,Native,2014-06-02,Pop,Mosley / Interscope,4428,101158,album,74398,OneRepublic,104,4343067
84791735,Take Me To Church,242,128.8,2014-10-06,931559,8548975,Hozier,2014-10-06,Alternative,Universal-Island Records Ltd.,3228,85199,album,5062414,Hozier,30,1409411
140869461,Human,199,0.0,2017-02-10,926710,15188215,Human (Deluxe),2017-02-10,Alternative|Pop Indé|Rock indé,Best Laid Plans/Columbia,3888,289751,album,4101559,Rag'n'Bone Man,46,1218224
371593461,Feel It Still,163,158.41,2017-06-16,885403,42880391,Woodstock,2017-06-16,Alternative,Atlantic Records,2315,40537,album,181878,Portugal. The Man,95,138289
373896581,Infinity,237,121.96,2017-06-23,816824,43215621,Feel Something,2017-06-23,Alternative,Atlantic Records,2743,16923,album,5100975,Jaymes Young,27,132105
610861462,Power Over Me,206,173.71,2019-01-04,809778,83065642,Dermot Kennedy,2019-01-04,Singer & Songwriter,UMGRI Interscope,3107,15350,album,12033224,Dermot Kennedy,52,173991
16501728,We Are Young (feat. Janelle Monáe),250,92.1,2012-02-14,897622,1543242,Some Nights,2012-02-21,Alternative,Fueled By Ramen,2749,122037,album,380832,fun.,9,923462
65723649,Another Love,243,116.8,2013-06-24,992716,6443018,Long Way Down (Deluxe),2013-06-24,Pop|Pop internationale|Rock|Singer & Songwriter,ITNO/Columbia,3158,97129,album,4044787,Tom Odell,68,780875
63034985,Pompeii,214,127.6,2013-02-22,865705,6189193,Pompeii,2013-02-22,Alternative,Virgin Records,1112,43026,single,1352097,Bastille,91,2249623
89824821,Hold Back The River,239,0.0,2014-11-17,737798,9097101,Hold Back The River,2014-11-17,Singer & Songwriter,Mercury Records/Republic Owned,909,36067,ep,4732999,James Bay,48,804603
92872156,Centuries,231,87.97,2015-01-20,831238,9426598,American Beauty/American Psycho,2015-01-20,Alternative,Island Records,2344,147089,album,404,Fall Out Boy,54,2611952
126011307,Way down We Go,213,162.13,2016-06-10,711323,13262277,A/B,2016-06-10,Alternative,Elektra (NEK),2533,93579,album,1138351,KALEO,24,271947
71059074,Cool Kids,237,130.01,2013-10-04,758982,6975073,Talking Dreams (Deluxe Edition),2013-10-04,Alternative,Warner Records,3223,28123,album,2487301,Echosmith,37,340942
61752797,Let Her Go,253,149.3,2012-10-31,10233,367152987,Let Her Go,2012-10-31,Pop,Embassy of Music,252,44,single,16398,Passenger,46,1357903
70403437,Royals,190,84.9,2013-09-30,876369,6909237,Pure Heroine,2013-01-01,Alternative,Universal Music New Zealand Limited,2228,182028,album,4448485,Lorde,22,2086674
67446406,Love Me Again,240,126.0,2013-07-01,863905,6597870,Love Me Again,2013-07-01,Pop,Universal-Island Records Ltd.,1420,50765,single,1141019,John Newman,71,358166
102364674,Renegades,195,179.76,2015-06-30,830869,10632090,VHS,2015-06-30,Alternative,Kid Ina Korner / Interscope,2853,18555,album,4549214,X Ambassadors,64,315510
65732147,Still into You,216,136.0,2013-04-05,707235,6443604,Paramore,2013-04-05,Alternative,Fueled By Ramen,3829,151269,album,10977,Paramore,32,3146012
11249744,Summer Sunshine,173,121.6,2004-05-24,519033,1029768,Borrowed Heaven,2004-05-24,Pop|Pop internationale|Variété Internationale,Atlantic Records,3076,6949,album,626,The Corrs,28,187790
126884459,Heathens,195,89.88,2016-06-16,912994,13371165,Heathens,2016-06-16,Alternative,Atlantic Records,195,173417,single,647650,Twenty One Pilots,43,5000138
62724015,Locked out of Heaven,233,144.05,2012-12-07,963294,6157080,Unorthodox Jukebox,2012-12-05,Pop,Atlantic Records,2091,743689,album,429675,Bruno Mars,36,12769534
90326361,Shut Up and Dance,197,128.0,2014-12-02,909190,9154869,TALKING IS HARD,2014-12-02,Alternative,RCA Records Label,2597,20074,album,525307,Walk The Moon,23,319622
62936661,House of Gold,163,114.8,2013-01-04,618801,6176845,Vessel,2013-01-04,Alternative,Fueled By Ramen,2864,167550,album,647650,Twenty One Pilots,43,5000138
100052800,Sugar,235,119.8,2015-05-15,820349,10244008,V,2015-05-15,Pop,Interscope Records*,2635,107274,album,1188,Maroon 5,65,11405997
117708444,Unstoppable,218,173.7,2016-01-21,916433,12222290,Unstoppable,2016-01-21,Alternative|Pop Indé|Electro|Dance|Pop|Pop indé/Folk,Monkey Puzzle Records/RCA Records,218,63938,single,3469,Sia,154,8708293
70834770,Ho Hey,163,160.2,2013-10-21,10350,111543292,The Lumineers (Deluxe Edition),2015-04-05,Alternative|Singer & Songwriter,Dualtone Music Group,3666,3195,album,793825,The Lumineers,52,925091
60200381,Try,247,103.9,2012-09-18,911562,5884161,The Truth About Love,2012-09-18,Pop|Pop internationale|Rock,RCA Records Label,4025,276037,album,69925,P!nk,65,4657661
78282330,Stay With Me,172,84.89,2014-05-26,514561,7784775,In The Lonely Hour,2014-05-26,Pop,PLG - Capitol,1967,61541,album,1097709,Sam Smith,107,5578737
14299589,Paradise,278,139.7,2011-10-19,928383,1312875,Mylo Xyloto,2011-10-19,Rock,Parlophone UK,2645,417565,album,892,Coldplay,122,18376583
71788159,Sail,259,118.8,2013-11-19,962,1527114,Megalithic Symphony,2011-03-15,Alternative|Rock,Red Bull Records,3166,6509,album,515697,AWOLNATION,39,454392
65732144,Ain't It Fun,296,103.9,2013-04-05,696200,6443604,Paramore,2013-04-05,Alternative,Fueled By Ramen,3829,151269,album,10977,Paramore,32,3146012
105710118,New Americana,183,87.04,2015-08-28,561320,11015718,BADLANDS (Deluxe),2015-08-28,Alternative,Astralwerks (ASW),3332,118356,album,5292512,Halsey,52,2076006
7718387,SING,270,110.8,2010-11-19,570567,712492,Danger Days: The True Lives of the Fabulous Killjoys,2010-11-05,Alternative,Reprise,3236,75783,album,599,My Chemical Romance,45,1836289
92198180,Midnight City,244,104.9,2011-09-26,909964,9357186,Midnight City (Remix EP),2011-09-26,Alternative|Rock,M83 Recording Inc,1404,9133,album,678,M83,39,966121
830336922,Watermelon Sugar,173,95.48,2019-12-13,913278,122664252,Fine Line,2019-12-13,Pop,Columbia,2799,236704,album,5313805,Harry Styles,7,2191438
63510358,Radioactive,187,136.45,2013-02-05,907379,6240279,Night Visions,2013-02-05,Alternative,Kid Ina Korner / Interscope,3127,354429,album,416239,Imagine Dragons,62,9521652
122016704,7 Years,237,119.84,2016-04-01,892107,12761782,Lukas Graham (Blue Album),2016-04-01,Pop,Universal Music A/S,2399,23128,album,1563138,Lukas Graham,44,566328
15597831,Raise Your Glass,203,122.0,2010-11-12,789572,1438463,Greatest Hits...So Far!!!,2010-11-12,Pop,LaFace Records,4650,37028,album,69925,P!nk,65,4657661
142388603,Legendary,230,142.07,2017-02-17,7895,865755232,Boxing Motivation,2025-12-05,Rap/Hip Hop,UME - Global Clearing House,5021,17,album,4321605,Welshly Arms,29,51199
63510362,On Top Of The World,189,99.9,2013-02-05,846652,6240279,Night Visions,2013-02-05,Alternative,Kid Ina Korner / Interscope,3127,354429,album,416239,Imagine Dragons,62,9521652
78106684,Safe And Sound,193,118.12,2014-05-07,15937,637741751,In A Tidal Wave of Mystery (Deluxe Edition),2014-01-01,Alternative|Pop Indé|Rock indé,"Lazy Hooks, LLC",3674,1167,album,432247,Capital Cities,24,1105191
2111636417,GOSSIP (feat. Tom Morello),168,0.0,2023-01-20,795143,397544257,RUSH!,2023-01-20,Rock,Epic,3163,44764,album,13612387,Måneskin,21,1002812
921027292,The Adults Are Talking,309,0.0,2020-04-10,921058,139890932,The New Abnormal,2020-04-10,Alternative,Cult Records/RCA Records,2708,114823,album,569,The Strokes,23,1750123
1137881212,Realize,217,0.0,2020-11-11,395002,185436002,Realize,2020-11-11,Pop|Rock|Hard Rock|Metal,Columbia,217,2760,single,115,AC/DC,27,9928915
957933142,Death by Rock and Roll,234,0.0,2020-05-15,22080,944200371,Death By Rock And Roll,2020-05-15,Rock,Cooking Vinyl Limited,234,3,single,370519,The Pretty Reckless,31,453464
1054262622,Obey (with YUNGBLUD),220,0.0,2020-09-02,400320,167889872,Obey (with YUNGBLUD),2020-09-02,Alternative|Pop Indé|Rock indé|Rock|Rock Indé/Pop Rock|Hard Rock|Metal,RCA Records Label,220,3328,single,12874,Bring Me the Horizon,54,1310078
857798882,Dance Of The Clairvoyants,265,113.89,2020-01-22,565318,127901992,Dance Of The Clairvoyants,2020-01-22,Rock,Republic Records,265,4271,single,1319,Pearl Jam,48,3539982
1087592212,Urantia,270,0.0,2020-09-25,399977,174928402,Ohms,2020-09-25,Rock,Reprise,2777,23566,album,535,Deftones,36,1042473
848329142,I Disagree,193,0.0,2020-01-09,1802,764345001,I Disagree,2020-01-09,Rock,Sumerian Records,2113,975,album,712754,Poppy,49,86085
1014306832,Never Before,256,0.0,2020-07-10,24976,901405312,THE GLOW,2020-04-24,Alternative,Infectious Music,2496,91,album,5521088,DMA's,61,12384
857172432,Lost In Static,184,0.0,2020-01-24,268025,127774492,27 Miles Underwater,2020-01-24,Rock|Metal,Roadrunner Records,2052,1211,album,7245106,Higher Power,12,1785
1461867102,FLY AGAIN,151,0.0,2021-08-27,500511,251184752,GLOW ON,2021-08-27,Rock|Metal,Roadrunner Records,2091,18996,album,1072674,Turnstile,21,50745
1415244442,t r a n s p a r e n t s o u l,168,0.0,2021-07-16,304710,239874612,lately I feel EVERYTHING,2021-07-16,Alternative,"MSFTSMusic / Roc Nation Records, LLC",1565,11453,album,70942,Willow,30,703365
1093632282,Ain't Nice,212,0.0,2020-10-14,7751,745886901,Ain't Nice,2020-10-14,Rock,YEAR0001,213,9,single,9652812,Viagra Boys,25,40660
1048089532,North of No South,245,0.0,2020-08-14,270821,166407592,A Celebration Of Endings,2020-08-14,Alternative,Warner Records,2714,7833,album,6421,Biffy Clyro,77,222291
971905082,Little Bastards,218,0.0,2020-05-29,10041,764827121,The Bastards,2020-05-29,Rock,Sumerian Records,2763,695,album,4029489,Palaye Royale,48,50619
986402942,The Rush,187,130.01,2020-06-12,8959,906949672,Ruthless,2020-06-12,Rock,BMG Rights Management (US) LLC,2290,81,album,51094412,JJ Wilde,20,5897
1225343002,All My Favorite Songs,202,0.0,2021-01-29,421291,203545412,OK Human,2021-01-29,Alternative|Rock,Atlantic Records,1827,8913,album,418,Weezer,74,729171
1383951872,Wait A Minute My Girl,140,0.0,2021-06-02,430006,232896722,Wait A Minute My Girl / Dagen Før,2021-06-02,Metal,Vertigo Berlin,389,1717,single,13953,Volbeat,32,631116
1330701242,Boilermaker,209,0.0,2021-04-30,457656,221342092,Typhoons,2021-04-30,Rock,Warner Records,2291,19228,album,1035806,Royal Blood,27,385067
1508757712,Walking at a Downtown Pace,286,0.0,2021-10-22,407408,262401022,Sympathy for Life,2021-10-22,Alternative,Rough Trade,2705,3833,album,4329966,Parquet Courts,18,25268
1375742012,Coming Up Tough,235,0.0,2021-08-27,1313,679081041,The Mutt's Nuts,2021-08-27,Alternative,Partisan Records,2567,50,album,68736932,Chubby and the Gang,13,947
1133087422,Protect The Land,307,0.0,2020-11-06,678104,184409872,Protect The Land / Genocidal Humanoidz,2020-11-06,Rock|Hard Rock|Metal,American/Columbia,462,19074,single,458,System of a Down,21,5798029
1016957602,DON'T CHASE THE DEAD,257,0.0,2020-09-11,419554,159823222,WE ARE CHAOS,2020-09-11,Rock,Loma Vista Recordings,2547,23366,album,482,Marilyn Manson,41,1707416
1021180382,The Kingdom,227,0.0,2020-07-17,7802,901480332,The Kingdom,2020-07-17,Rock,BMG Rights Management (US) LLC,2833,93,album,1551,Bush,44,216364
1086530482,Hear Me Out,160,0.0,2020-09-24,17759,897276502,Hear Me Out,2020-09-24,Alternative,Infectious Music,159,30,single,652,Pixies,46,1103952
901365712,Caution (Radio Edit),228,178.21,2020-03-12,502508,135895152,Caution (Radio Edit),2020-03-12,Alternative,Island Records,228,2075,single,897,The Killers,47,2235995
973534662,Wrong Track,190,0.0,2020-06-16,191820,151135692,Can You Feel It,2020-06-16,Rock,So Recordings,786,24,ep,1428210,Broken Hands,13,951
952352982,Mr. Motivator,197,0.0,2020-05-19,21923,145700542,Mr. Motivator,2020-05-20,Alternative,Partisan Records,195,29,single,482539,IDLES,40,83294
932332802,A Lucid Dream,234,0.0,2020-07-31,11663,141133882,A Hero's Death,2020-07-31,Alternative,Partisan Records,2799,4638,album,14175163,Fontaines D.C.,30,128886
1052644442,Skin To Skin,240,0.0,2020-08-21,255134,167428712,Skin To Skin,2020-08-21,Alternative,Fearless Records,240,50,single,7471698,Movements,43,9373
1085153592,jawbreaker,117,0.0,2020-09-25,358681,174373222,Tickets To My Downfall,2020-09-25,Alternative,Bad Boy/Interscope Records,2163,20300,album,428675,mgk,60,599931
1009585192,Worth It,194,0.0,2020-10-16,300445,158371792,Fake It Flowers,2020-10-16,Alternative,Dirty Hit,2456,5579,album,13499081,beabadoobee,39,206647
1039418192,MURDERER,266,0.0,2020-08-14,216813,164455612,MURDERER,2020-08-14,Rock,Hansa Local,266,51,single,1690395,Blackout Problems,46,4636
1035383092,Napalm Girls,213,0.0,2020-07-31,255486,163553412,"Sex, Death & The Infinite Void",2020-07-31,Alternative|Rock|Rock Indé/Pop Rock,Roadrunner Records,2398,2076,album,540484,Creeper,37,7440
891539672,Dead Weight,207,0.0,2020-03-04,374561,134247622,Dead Weight,2020-03-04,Alternative,Warner Records,207,328,single,5979468,PVRIS,41,49716
1140884072,Malfire,181,0.0,2020-11-20,25506,388308027,The Malignant Fire,2020-11-20,Rock,Spinefarm,900,243,ep,1400,Refused,7,46414
893632522,Peace by the Pistol,258,0.0,2020-03-06,195804,134531802,Lost Art of Conversation,2020-03-06,Alternative|Rock|Rock Indé/Pop Rock,Silver Lining Music,2020,459,album,13347925,Naked Six,12,226
1103920812,Pressure,143,0.0,2020-10-16,21990,385455797,Pressure,2020-10-16,Rock,Snakefarm,2554,154,album,4032950,Tyler Bryant & the Shakedown,24,8731
828748142,Breeze,174,0.0,2020-02-14,238662,122392572,Mercy,2020-02-14,Alternative|Rock,Sacred Bones Records,2137,620,album,5481071,The Men,26,1532
838000172,Vortex,188,0.0,2020-02-28,22346,352192587,Who Are The Girls?,2020-02-28,Alternative,Nova Twins,1822,1072,album,10444072,Nova Twins,22,15064
828782412,Stinker,92,0.0,2020-03-27,260722,122399942,High Risk Behaviour,2020-03-27,Alternative|Rock indé,Bargain Bin Records,1678,2807,album,13700325,The Chats,15,11740
889463302,Be My Guest,236,0.0,2020-10-02,202289,133865592,Working Men's Club,2020-06-05,Alternative,Heavenly Recordings,2844,4344,album,14231229,Working Men's Club,28,3859
1079770482,Rot,201,0.0,2020-09-17,22382,902085402,Rot,2026-01-28,Rock,Rise Records,202,9,single,117527,PUP,23,9376
922001482,Hollywood,202,0.0,2020-05-01,211250,140131222,Making a Door Less Open,2020-05-01,Alternative,Matador,2842,4834,album,7020467,Car Seat Headrest,35,34353
871025122,Bleed All Over,215,0.0,2020-05-08,308339,130563452,Straight Songs Of Sorrow,2020-05-15,Alternative,Heavenly Recordings,3612,2725,album,4738,Mark Lanegan,42,41112
1053975042,You,144,0.0,2020-08-21,1797,185278262,SUGAREGG,2020-08-21,Alternative,Sub Pop Records,2286,380,album,90837,Bully,15,3927
1102795422,Crush,218,0.0,2020-10-15,22888,387873847,River,2020-08-10,Rock,Spinefarm,225,63,single,60771342,BRKN LOVE,23,2783
861674532,Stupid Is As Stupid Does (feat. K.Flay),180,0.0,2020-01-30,7814,900558092,Stupid Is As Stupid Does,2020-01-30,Alternative,BMG Rights Management (Australia) Pty Ltd.,180,2,single,2349901,Dune Rats,30,6651
837180062,More,142,0.0,2020-03-27,184319,123912092,925,2020-03-27,Alternative,Domino Recording Co,2575,3220,album,1088210,Sorry,28,5870
847638222,Let It Ride,192,0.0,2020-01-10,55501,650788981,The Deadbeat Bang of Heartbreak City,2020-01-10,Alternative|Rock indé,Bridge Nine Records,2020,9,album,5832594,Beach Slang,11,2391
4022367051,Keep It To Yourself,257,0.0,2026-05-28,395932,983019531,Keep It To Yourself,2026-05-28,Alternative,Love Spells LLC/RCA Records,257,19,single,152129082,Love Spells,26,1021
4096873631,Maybe I Still Love You,241,0.0,2026-06-24,450425,1008960101,Maybe I Still Love You,2026-06-24,Alternative|Pop Indé|Rock indé|Pop,Love Spells LLC/RCA Records,241,8,single,152129082,Love Spells,26,1021
3282445971,Low Kick (Live),419,0.0,2025-03-26,292453,728792681,Gate 1 - Live at Sunside,2025-03-26,Jazz,I See Colors,3288,95,album,262649231,AMG,4,519
85144644,Bitch Betta Have My Money,195,103.9,2001-02-01,309346,8583010,Bitch Betta Have My Money,2001-02-01,Rap/Hip Hop,Select Records,3367,826,album,312960161,AMG,10,141
3674304462,King Bayat (MIt Warde),171,0.0,2026-02-16,359998,862825072,Mit Warde,2026-02-16,Pop|Pop indé/Folk|Folk,V2 Records Benelux Distribution,2123,288,album,8294762,SARÃB,22,1840
2166005917,Zourouni,273,0.0,2023-03-31,359109,411450137,Qawalebese Tape,2023-03-31,Jazz,Colore Productions,1345,368,ep,8294762,SARÃB,22,1840
3792168992,stuck,163,0.0,2026-01-29,338959,903240502,stuck,2026-01-29,Pop,Universal Music Division Virgin Records Distribution Deal,163,24,single,13077511,Parsa Sabet,10,172
3897961021,don't panic,183,0.0,2026-03-19,558833,938733981,don't panic,2026-03-19,Pop,Universal Music Division Virgin Records Distribution Deal,492,9,single,13077511,Parsa Sabet,10,172
3877203221,KILL LE TIGER,227,0.0,2026-03-06,297657,930953491,KILL LE TIGER,2026-03-06,Pop,Mottomoda,227,3,single,339342221,Mottomoda,2,38
3490524291,GLO$$,166,0.0,2025-09-05,267782,798860731,GLO$$,2025-09-05,Pop,10021330 Records DK2,166,2,single,339342221,Mottomoda,2,38
3024211631,Big Dreams,150,0.0,2024-10-11,384011,650265161,Heart Choices,2024-10-11,Alternative,22D Music,872,276,ep,15081583,Maddy Street,17,2535
3732640282,Kicks In,205,0.0,2026-01-30,397205,882703202,Kicks In,2026-01-30,Alternative,Rainbow Rushes Records,205,42,single,15081583,Maddy Street,17,2535
3751252262,Sans Fond,230,0.0,2025-04-09,378652,889164642,Sans Fond,2025-04-09,Rock,EXAG' Records,230,0,single,254182892,La Flemme,4,1104
3810396022,Mer Azur,201,0.0,2025-04-25,316483,907475182,La Fête,2025-04-25,Rock,EXAG' Records,1919,83,album,254182892,La Flemme,4,1104
3708239282,Boy,267,0.0,2026-02-20,272066,874627252,Rage Blossom,2026-02-20,Alternative|Rock indé|Rock,Born Bad Records,1326,148,ep,243084011,Ile de Garde,5,363
3708239252,To Death,229,0.0,2026-02-20,315827,874627252,Rage Blossom,2026-02-20,Alternative|Rock indé|Rock,Born Bad Records,1326,148,ep,243084011,Ile de Garde,5,363
3864662221,nothing.can.be.done,217,0.0,2026-03-25,438321,926371161,nothing.can.be.done,2026-03-25,Rap/Hip Hop,Changeline,217,77,single,156785852,Changeline,58,6755
3590455812,JE.DÉTESTE.LA.FRANCE.pt1 (il y aura pas de pt2),132,0.0,2025-11-05,527604,833856062,JE.DÉTESTE.LA.FRANCE.pt1 (il y aura pas de pt2),2025-11-05,Rap/Hip Hop,Changeline,132,201,single,156785852,Changeline,58,6755
3141839401,ami imaginaire,211,0.0,2025-01-24,461796,683676051,j'avance,2025-01-24,Alternative|Pop,VOIE17,1049,911,ep,285226761,Billie,9,2096
3852466821,les adieux,196,0.0,2026-05-01,382144,922103261,à ce que les autres pensent de moi,2026-05-01,Alternative|Pop,voie 17,1066,242,ep,285226761,Billie,9,2096
3181529851,À quoi bon,193,0.0,2025-02-07,295169,696481781,Ça n'a jamais été mieux avant (vol.1),2025-02-07,Alternative|Pop Indé|Rock indé,696768 Records DK2,1375,314,ep,213890897,Arthur Fu Bandini,8,571
3181529881,Retrouver le soleil,231,0.0,2025-02-07,276509,696481781,Ça n'a jamais été mieux avant (vol.1),2025-02-07,Alternative|Pop Indé|Rock indé,696768 Records DK2,1375,314,ep,213890897,Arthur Fu Bandini,8,571
3857380651,Strangers,269,0.0,2026-03-06,358500,923653361,HELP(2),2026-03-06,Alternative,War Child Records,5169,5554,album,57777292,"Black Country, New Road",16,22948
1520730152,The Place Where He Inserted the Blade,433,0.0,2022-02-04,505353,265280732,Ants From Up There,2022-02-04,Alternative,Ninja Tune,3526,16357,album,57777292,"Black Country, New Road",16,22948
3918054821,The Only Thing I Did Wrong,211,0.0,2026-03-27,305543,946165781,Adult Contemporary,2026-03-27,Alternative,Mom+Pop Music,957,93,ep,9495038,Hudson Freeman,21,1581
3601108172,If You Know Me,203,0.0,2025-11-14,434492,837597622,If You Know Me / Wild Horses,2025-11-14,Alternative|Rock indé,Hudson Freeman,484,209,single,9495038,Hudson Freeman,21,1581
2673804262,Seven Steps,171,0.0,2024-03-07,479997,551274852,Seven Steps,2024-03-07,Alternative|Pop Indé,Club K,171,10,single,12752535,Küdeta,8,535
3612044482,Thank Myself,140,0.0,2025-11-14,463042,841379552,Seven Steps,2025-11-14,Pop|Rock,Küdeta,1678,62,album,12752535,Küdeta,8,535
3241726411,Way Too Cool For You,180,0.0,2025-03-26,7778,821621341,Way Too Cool For You,2025-03-26,Electro,Riptide Records,180,5,single,198114357,DITTER,7,1702
3837855941,Cringe Is The New Sexy,160,0.0,2025-10-29,261935,916889491,Cringe Is The New Sexy,2025-10-29,Alternative,Riptide Records,910,74,ep,198114357,DITTER,7,1702
3480845991,Stardust,406,0.0,2025-08-21,301661,795357961,Stardust / The Whole Woman,2025-08-21,Alternative,YEAR0001,664,66,single,390950,Anna von Hausswolff,22,11881
2135783717,Mountains Crave,215,0.0,2012-07-18,447808,403701997,Ceremony,2013-04-08,Alternative,Kning Disk,3659,520,album,390950,Anna von Hausswolff,22,11881
3920851041,SORRY! CRASH!,189,0.0,2026-04-01,416937,947216351,SORRY! CRASH!,2026-04-01,Rock,Loma Vista Recordings,189,75,single,5895611,Ecca Vandal,15,6993
1105440852,Ritchie Sacramento,252,0.0,2021-02-19,488846,178804432,As The Love Continues,2021-02-19,Alternative,Rock Action Records,3684,8439,album,1207,Mogwai,55,141158
3839407,Take Me Somewhere Nice,417,124.9,2001-04-30,514054,358031,Rock Action,2001-04-24,Alternative,[PIAS] Recordings Catalogue,2311,6267,album,1207,Mogwai,55,141158
376466151,Don’t Delete The Kisses,275,121.96,2017-09-29,625486,43599231,Visions Of A Life,2017-09-29,Alternative,Dirty Hit,2799,11597,album,4710481,Wolf Alice,34,69791
3508653271,Midnight Song,170,0.0,2025-08-22,393484,804916791,The Clearing,2025-08-22,Alternative|Pop Indé|Rock indé,Columbia,2448,6363,album,4710481,Wolf Alice,34,69791
2867402792,Ode To Clio,197,0.0,2024-11-08,207384,607941372,Eazy Peazy,2024-11-08,Alternative|Rock indé,Fat Possum,975,261,ep,181943667,Man/Woman/Chainsaw,16,1092
3940542491,Nosedive,339,0.0,2026-04-22,459413,953846711,Nosedive,2026-04-22,Alternative,Fiction Records - Man/Woman/Chainsaw,554,35,single,181943667,Man/Woman/Chainsaw,16,1092
87421407,Asylum,297,135.1,2014-11-03,291347,8821673,Rise,2014-11-03,Alternative|Rock indé|Rock|Rock Indé/Pop Rock,TeenageMenopause Records,2465,2864,album,4926435,Jessica93,15,7176
3451555281,Florence Rey (All Cops Are Beautiful),268,0.0,2025-10-10,317760,785269581,666 Tours de Périph',2025-10-10,Alternative|Rock indé|Rock,Born Bad Records,2680,848,album,4926435,Jessica93,15,7176
3505348921,Flesh Cage,299,0.0,2025-10-24,290115,803694401,Bruxism,2025-10-24,Alternative|Rock|Rock Indé/Pop Rock,WM FR Affiliated/Verycords,2592,584,album,113897082,Grandma's Ashes,8,2822
3505348881,Saints Kiss,202,0.0,2025-10-24,293547,803694401,Bruxism,2025-10-24,Alternative|Rock|Rock Indé/Pop Rock,WM FR Affiliated/Verycords,2592,584,album,113897082,Grandma's Ashes,8,2822
3750925362,Nightclub,177,0.0,2026-01-08,442166,889051022,Nightclub,2026-01-08,Rock,Universal Music Division Barclay,177,84,single,157314032,Dynamite Shakers,15,7094
3939369741,CINÉMA,155,0.0,2026-04-09,510909,953439441,CINÉMA,2026-04-09,Rock,Universal Music Division Barclay,155,98,single,157314032,Dynamite Shakers,15,7094
3237274731,Say My Name,248,0.0,2025-03-20,543696,714264261,Say My Name,2025-03-20,Metal,ACKOR Music,1015,295,single,1109853,Novelists,23,20320
3114433041,Coda,249,0.0,2024-12-11,601893,676103471,Coda,2024-12-11,Metal,ACKOR Music,519,190,single,1109853,Novelists,23,20320
2896332941,Guided Tour,265,0.0,2024-10-18,368819,617441381,Guided Tour,2024-10-18,Rock,Dais Records,2255,1762,album,13987281,High Vis,15,4142
1777851847,Fever Dream,256,0.0,2022-09-30,541055,324436607,Blending,2022-09-09,Alternative|Rock indé|Rock|Rock Indé/Pop Rock,Dais Records,2261,1359,album,13987281,High Vis,15,4142
3453936801,So Be It,195,0.0,2025-07-11,483332,786053971,Let God Sort Em Out,2025-07-11,Rap/Hip Hop,Roc Nation Distribution,2453,17983,album,6840,Clipse,22,43726
3453936781,Chains & Whips,244,0.0,2025-07-11,534312,786053971,Let God Sort Em Out,2025-07-11,Rap/Hip Hop,Roc Nation Distribution,2453,17983,album,6840,Clipse,22,43726
3845949411,je ne suis plus l'ami de tes amis,213,0.0,2026-03-12,292556,919616111,Un an sans soleil,2026-03-12,Rock,GK Prod,774,44,ep,90173812,Gabriel Kröger,16,292
2654474572,Les journées d'anniversaire me font chialer,348,0.0,2024-02-21,328345,545403812,Les journées d'anniversaire me font chialer,2024-02-21,Rock,GK Prod,929,118,ep,252466522,eadgar,2,190
3124902371,I Hope You Die,278,0.0,2024-07-05,292238,679102141,I Hope You Die,2024-07-05,Alternative,Partisan Records,278,11,single,143873282,TTSSFU,19,779
3409378961,Call U Back,184,0.0,2025-07-16,403263,770831531,Call U Back,2025-07-16,Alternative,Partisan Records,184,9,single,143873282,TTSSFU,19,779
3762305162,"For The First Time, Again",213,0.0,2026-01-30,379653,893250182,"For The First Time, Again",2026-01-30,Alternative,Rough Trade,2555,1676,album,272141382,Tyler Ballgame,6,1010
3762305172,I Believe In Love,255,0.0,2026-01-30,412791,893250182,"For The First Time, Again",2026-01-30,Alternative,Rough Trade,2555,1676,album,272141382,Tyler Ballgame,6,1010
3836338581,The Blade,195,0.0,2026-02-27,502924,916322831,The Blade,2026-02-27,Alternative|Folk,B-Unique Records/Atlantic,195,74,single,177075417,Kingfishr,36,6473
3149555301,Killeagh,150,0.0,2024-12-06,624082,685897831,Bet On Beauty,2024-12-06,Alternative|Folk,B-Unique Records/Atlantic,412,107,single,177075417,Kingfishr,36,6473
3678869192,No Lube So Rude,168,0.0,2026-02-20,338791,864289752,No Lube So Rude,2026-02-20,Alternative|Electro,KILL ROCK STARS,1825,948,album,872,Peaches,44,49853
937449,Boys Wanna Be Her,237,138.7,2006-11-06,468158,105433,Boys Wanna Be Her,2006-11-06,Electro,XL Recordings,968,755,ep,872,Peaches,44,49853
355704251,Singing in the Shower,264,0.0,1988-11-01,531036,40798821,Marc & Robert,1988-11-01,Rock,Because Music,2598,2587,album,2104,Les Rita Mitsouko,17,360755
347832521,When I'm With You,246,119.49,1980-01-28,527819,39618651,Terminal Jive,1980-01-07,Pop,Lil Beethoven Records,2009,804,album,2698,Sparks,94,22950
3515225151,Break the Girl,211,0.0,2025-09-01,506367,807231231,Fall Back,2025-09-01,Alternative|Pop Indé,Warner Music UK,1204,760,ep,184257827,Florence Road,15,4726
3896778251,Hanging Out To Dry,212,0.0,2026-03-27,676129,938313131,Spring Forward,2026-03-27,Alternative|Pop Indé,Warner Music UK,907,602,ep,184257827,Florence Road,15,4726
3106038021,Mes amis,198,0.0,2024-12-13,462333,673831191,Mes amis,2024-12-13,Pop,Groover Obsessions,198,62,single,207673467,Bonne Nuit,7,3222
3817534682,Crier Vomir Pleurer,150,0.0,2026-02-20,505828,910006252,Crier Vomir Pleurer,2026-02-20,Electro|Pop,Les points de départ,1001,388,ep,207673467,Bonne Nuit,7,3222
1554958642,MENTHOL*,187,0.0,2021-12-10,459404,272981992,MENTHOL*,2021-12-10,Alternative,Handwritten Records,187,232,single,14524783,Jean Dawson,34,5440
3038652181,Darlin',208,0.0,2024-10-18,451801,654604611,Glimmer of God,2024-10-18,Alternative,Handwritten Records,2524,1511,album,14524783,Jean Dawson,34,5440
2328315835,Highway,183,0.0,2023-06-22,524149,453567585,Highway,2023-06-22,Alternative,Profil de Face,183,135,single,10504527,Lewis OfMan,38,20389
1265060612,Siesta Freestyle,194,0.0,2021-03-12,710139,212419422,Dancy Party,2021-03-12,Electro,Profil de Face,1054,2403,ep,10504527,Lewis OfMan,38,20389
745274402,Niemand,242,0.0,2019-09-27,446635,109731632,Electronic Music Anthology Vol. 2 (by FG),2019-09-27,Electro,Wagram Music,3831,507,album,57750532,KOMPROMAT,7,39742
3056754191,LIFT ME UP,203,0.0,2025-01-24,577991,660393211,PLДYING / PRДYING,2025-01-24,Electro,Warriorecords,2311,8598,album,57750532,KOMPROMAT,7,39742
3823827871,Sick Of Love,216,0.0,2026-04-10,298272,911756231,Sick Of Love,2026-04-10,Alternative,Futures Music Group,216,68,single,72503,Lykke Li,56,677988
3705045202,Lucky Again,181,0.0,2026-02-13,561533,873739082,Lucky Again,2026-02-13,Alternative,Futures Music Group,181,165,single,72503,Lykke Li,56,677988
3924351891,Dangerous Lover,204,0.0,2026-04-03,520725,948469141,Dangerous Lover,2026-04-03,R&B,Universal-Island Records Ltd.,204,180,single,340057251,Sekou,11,3282
3497510971,Catching Bodies,186,0.0,2025-08-14,684481,801247071,Catching Bodies,2025-08-14,R&B,EMI / Republic Records,186,183,single,340057251,Sekou,11,3282
3444923601,Play Me,169,0.0,2025-07-22,472594,782885041,Play Me,2025-07-22,Dance,Ninja Tune,379,126,single,207442797,Fcukers,23,4762
3765101752,L.U.C.K.Y,138,0.0,2026-01-13,326180,894260722,L.U.C.K.Y,2026-01-13,Dance,Ninja Tune,521,114,single,207442797,Fcukers,23,4762
3281268541,Hold On,375,0.0,2025-05-28,317286,728422661,Return to the Roots,2025-05-30,Alternative,Lonely Lands Records,1865,1673,album,10218968,Tash Sultana,39,110534
1881817457,Jungle,315,0.0,2017-03-01,727603,349856657,Notion,2017-03-01,Alternative,Tash Sultana,2412,5658,ep,10218968,Tash Sultana,39,110534
2461648175,I Don't Know You,224,0.0,2024-03-01,391351,489984705,I Got Heaven,2024-03-01,Alternative,Epitaph,1800,3259,album,6568023,Mannequin Pussy,4,9556
2310037345,If I Ever Was a Child,175,0.0,2016-09-06,486257,448602755,Schmilco,2016-09-09,Alternative|Rock,Legacy Recordings,2182,615,album,1700,Wilco,43,91807
779193,Via Chicago,333,93.5,1999-03-08,564455,91347,Summerteeth,1999-03-08,Rock,Nonesuch,3611,5667,album,1700,Wilco,43,91807
695110942,Music Sounds Better With You (Radio Edit),260,0.0,1998-07-20,909402,100030032,Music Sounds Better With You,1998-07-20,Electro|Techno/House,Because Music,663,9327,single,68540642,Stardust,1,21654
364292561,Get Busy,211,200.7,2017-06-02,842910,41925041,Dutty Classics Collection,2017-06-02,Pop,VP Records,4060,17104,album,88,Sean Paul,161,3757723
1496038982,Gasolina,192,0.0,2004-07-13,8825,691271171,Barrio Fino (Bonus Track Version),2005-02-01,Latino,Craft Latino,4277,4914,album,3839,Daddy Yankee,115,7158867
65004123,Laisse parler les gens !!! (feat. Jacob Desvarieux & Passi),202,116.1,2003-06-24,672558,6367249,Dis l'heure 2 zouk: Laisse parler les gens !!! (feat. Jacob Desvarieux & Passi) - Single,2003-06-24,,Issap Productions,202,2459,single,83134,Jocelyne Labylle,15,11292
609381,Baby Boy (feat. Sean Paul),244,182.1,2003-06-24,743920,77201,Dangerously In Love,2003-06-24,Pop|R&B,Columbia,3670,95218,album,145,Beyoncé,118,12827405
144203048,Call on Me (Radio Mix),171,126.43,2004-09-10,826039,15632846,Call on Me (Radio Mix),2004-09-10,Electro|Techno/House|Dance,Pryda Presents,171,2988,single,30,Eric Prydz,23,208188
565420,Ma philosophie,206,99.86,2006-10-27,895453,73582,Un Jour D'été,2008-01-03,R&B|Soul,Jive,3119,31118,album,1765,Amel Bent,47,1295336
561630982,Façon Sex,213,119.84,2006-07-15,761772,74391332,Façon Sex,2006-07-15,Dance,USM,213,1487,single,8745,Tribal King,7,7927
747608,Hey Oh (Radio Edit),211,95.0,2003-12-01,11646,117737012,Tragédie (Édition Deluxe),2003-12-01,R&B,Warner (France),4153,7902,album,1799,Tragedie,8,52405
2862281,Ça m'énerve (Radio Edit),218,130.0,2009-03-09,811361,278009,Ça m'énerve (Radio Edit),2009-03-09,Pop|Pop internationale|Rock,Sony Music Media,218,12589,single,175049,Helmut Fritz,19,37569
2182450,Paris Latino,208,113.9,2002-11-26,682745,218178,Star Academy 2-Fait Sa Boum,2002-01-01,Pop,Universal Music Division Mercury Records,2640,4808,album,7307,Star Academy,52,174081
551683,Double je (Remix),196,120.2,2007-04-16,838621,72466,Inventaire,2007-04-16,Chanson française,Vogue,3504,29142,album,11972,Christophe Willem,34,303630
2110195,Jealousy,317,124.9,2005-01-01,1804,901414132,Hedonist,2009-07-14,Electro,BMG Rights Management France SARL,2633,204,album,2046,Martin Solveig,105,1665942
2459538,Sexbomb (Peppermint Disco Radio Edit),224,123.0,2003-02-09,598079,241792,Reload,2003-02-09,Pop,UMC (Universal Music Catalogue),4158,8220,album,903,Tom Jones,56,190954
2485118,Single Ladies (Put a Ring on It),193,97.1,2008-11-14,867385,244223,I AM...SASHA FIERCE,2008-11-14,Pop,Music World Music/Columbia,3721,126570,album,145,Beyoncé,118,12827405
662722,Give It Up to Me,242,95.93,2005-09-27,543363,387947,The Trinity,2005-09-26,R&B,VP Records,4093,30094,album,88,Sean Paul,161,3757723
2438245,"Lady Marmalade (From ""Moulin Rouge"" Soundtrack)",264,110.0,2001-09-03,775416,240153,Moulin Rouge,2001-09-03,Pop,Moulin Rouge / Interscope,3651,85122,album,116,Christina Aguilera,31,3909408
4619466,I Gotta Feeling,289,128.0,2009-10-26,961677,424931,THE E.N.D. (THE ENERGY NEVER DIES) (Deluxe Version),2009-10-26,Pop,Interscope,6225,196424,album,1020109,Black Eyed Peas,68,6101410
2281066,I'm Outta Love (Radio Edit),245,119.5,2010-02-10,556880,227685,The Best of Anastacia,2010-02-10,Pop,Epic/Legacy,4592,4091,album,718,Anastacia,96,122745
2295226,Toutes les femmes de ta vie,195,98.91,2008-10-27,822798,228849,L5,2008-10-27,Pop,Universal Music Division Label Fontana Distribution Deal,2521,18700,album,10849,L5,7,31282
2794160,Crazy,177,112.0,2007-12-01,894708,271531,St. Elsewhere,2024-04-19,Pop,WM UK,2239,26714,album,3467,Gnarls Barkley,14,135373
1176437,The Sweet Escape,246,119.8,2007-02-26,543864,125766,The Sweet Escape,2007-02-26,Pop,Interscope,536,1050,single,16,Gwen Stefani,44,1234663
2176852,Rehab,212,145.6,2006-10-30,891803,217795,Back To Black,2006-10-30,R&B,Universal-Island Records Ltd.,2083,252313,album,9052,Amy Winehouse,23,3867526
925118,Disturbia,238,0.0,2008-06-17,919863,104188,Good Girl Gone Bad: Reloaded,2008-06-17,Pop,Def Jam Recordings,3425,204869,album,564,Rihanna,94,18031476
662729,Temperature,216,0.0,2005-09-27,733448,387947,The Trinity,2005-09-26,R&B,VP Records,4093,30094,album,88,Sean Paul,161,3757723
596589,Get Right,227,97.0,2005-02-28,753131,76181,Rebirth,2001-01-01,Dance|Pop|Rock,Epic,2900,8988,album,45,Jennifer Lopez,123,6388853
1161005,Don't Cha,272,119.8,2005-10-13,838747,124322,PCD,2005-10-13,Pop,Pussycat Dolls,3032,41836,album,83,The Pussycat Dolls,31,1118305
2430782,In My Mind,208,141.1,2008-01-01,456282,239509,LP,2008-01-01,Pop,Universal Music AB,4391,699,album,943,Antiloop,16,2001
77325360,No Limit,223,141.1,2014-05-05,10279,107700942,Unlimited Hits & Remixes,2014-05-05,Dance,Byte Records,5287,2433,album,1163,2 Unlimited,22,67766
65452725,Beachball,229,133.8,2008-11-11,18003,619027571,Deadline,2024-07-23,Electro|Dance|Trance,Be Yourself Music,1379,23,ep,5617,Nalin & Kane,14,3444
4096754,Be My Lover,240,134.7,2009-08-31,810289,382082,Produced by: Frank Farian,2009-08-31,Pop,MCI,3835,3293,album,6346,La Bouche,13,75896
15455601,"What Is Love (Original 7"" Mix)",271,123.8,1999-09-06,3067,901428952,All the Best - His Greatest Hits,1999-09-06,Pop,BMG Rights Management GmbH,4292,241,album,124,Haddaway,46,103418
4290202,"Rhythm Is A Dancer (Original 12 "")",316,124.2,2008-05-09,25241,901487242,Rhythm Is a Dancer 2008,2008-09-05,Dance,BMG Rights Management GmbH,1023,117,single,126,Snap!,23,88942
11671495,Shimmy Shake,110,129.2,1997-05-01,536983,1068339,The House Of Cutting,1997-05-01,Electro|Techno/House,Cutting Records,3977,524,album,13983,740 Boyz,14,1095
281581,Let Me Be a Drag Queen (Single Mix),204,133.8,2006-11-21,367981,46364,The Album,1996-12-28,Electro|Dance,Elliot music,2762,362,album,16084,Sister Queen,4,462
6177415,Freed From Desire,213,128.8,2010-05-05,855543,564422,DIY Loves 90'S Vol. 1,2010-05-05,Dance,Do It Yourself,2558,4373,album,2598,Gala,28,60745
78115474,The Bomb! (These Sounds Fall Into My Mind) (Radio Edit),202,126.0,1995-01-01,547261,7767975,The Bomb (These Sounds Fall Into My Mind),1995-01-01,Dance,High Fashion Music,1577,938,single,2615,The Bucketheads,5,3769
78213688,Push the Feeling On (Mk Dub Revisted Edit),236,123.0,1995-05-16,1186,7776854,Let's Push It,2014-05-16,Dance,Arista,4004,826,album,1016,Nightcrawlers,20,27346
4168640,My heart goes boom radio version 'reloaded',221,130.0,2009-07-16,2846,743907371,My Heart Goes Boom (La Di Da Da) (Reloaded),2025-04-23,Pop,Score Music,542,46,single,1499,French Affair,22,2872
286561,Get ready for this,223,124.9,2006-11-22,449372,46639,Compilation années 90 : 90's incontournables,2006-11-22,Dance,Voice productions,3405,6389,album,1163,2 Unlimited,22,67766
61057255,Bla Bla Bla,256,0.0,2009-11-20,768795,5978184,The Essential Gigi D'Agostino,2009-11-20,,ZYX Music,6343,6209,album,140,Gigi D'Agostino,76,288474
92089248,Nineties,251,136.0,2013-01-01,195284,9347234,Les 150 plus grands tubes (Les 15 plus grands) [Le meilleur de vos tubes des années 70 - 80 - 90],2013-01-01,,Voice Hits,6437,23047,album,16747,DJ Fred & Arnold T,14,1210
7779520,Don't You Want Me (Edit),189,128.0,2010-12-10,486905,718235,Pure... 90s Dance Party,2010-12-10,Pop,Sony Music Entertainment,5865,9918,album,568,Felix,122,8884
263331,Remember Me,229,101.1,2006-08-22,28859,49070,Compilation années 90 : 90's Dance,2007-01-01,Electro|Dance,Voice productions,2831,1908,album,308209,The Blue Boy,0,218
5910679,You're Not Alone,272,134.2,2003-09-22,305574,79157,Extra Virgin+,2003-09-22,Pop,RCA Records Label,5907,1295,album,6928,Olive,135,5826
94877938,Das Boot,314,122.7,2015-01-02,484963,9653154,Das Boot,2015-01-02,Electro|Dance|Disco,Kingsize Records,2498,3278,album,4135,U96,23,11099
77325371,Let the Beat Control Your Body,219,142.1,2014-05-05,26419,107700942,Unlimited Hits & Remixes,2014-05-05,Dance,Byte Records,5287,2433,album,1163,2 Unlimited,22,67766
92089280,Pop Hertz,224,136.0,2013-01-01,303721,9347234,Les 150 plus grands tubes (Les 15 plus grands) [Le meilleur de vos tubes des années 70 - 80 - 90],2013-01-01,,Voice Hits,6437,23047,album,16747,DJ Fred & Arnold T,14,1210
18076284,Eins Zwei Polizei,313,145.1,2012-04-10,2219,631289241,Was Ist Das?,1995-01-01,Electro|Dance,Plastika,3178,220,album,7036,Mo-Do,15,3416
61677810,Pulverturm (Radio Edit 1),234,136.0,1998-09-21,22276,382439657,Pulverturm,1998-09-21,Electro|Dance,Nitron Music,1666,272,ep,80989,Niels Van Gogh,72,18747
16652776,Pump Up The Jam (Edit),216,124.9,2012-03-05,668330,1558851,Best Of,2012-03-05,Dance,ARS Entertainment N.V.,4270,9723,album,988,Technotronic,11,67941
70051871,Ride on Time,272,0.0,2006-09-01,766880,6869740,Dreamland,1990-04-09,Pop,Groove Groove Melody,2411,8671,album,987,Black Box,49,20310
907649,Gypsy Woman (She's Homeless) (La Da Dee La Da Da) (Radio Edit),228,120.2,2007-11-19,782361,102468,Music For Girls Night Out,2007-11-19,Pop,UMC (Universal Music Catalogue),4805,3691,album,3444,Crystal Waters,90,18241
61637450,Move Your Ass! (Video Edit),218,160.87,1997-12-30,21897,452749745,Fire (Remixes),2023-06-15,Dance,Sheffield Tunes,1503,26,ep,587,Scooter,180,256643
11691219,Bump Bump (Booty Shake),222,132.9,1996-09-10,281411,1070145,740 Boyz,1996-09-10,Electro|Dance,Cutting Records,3458,463,album,13983,740 Boyz,14,1095
67638902,Nessaja (Radio Edit Remastered),210,143.06,2013-06-07,17767,452745025,The Stadium Techno Experience,2023-06-15,Dance,Sheffield Tunes,2853,340,album,587,Scooter,180,256643
61419158,The Riddle,287,126.8,2012-10-26,682368,6018872,Gigi D'Agostino - L'Amour Toujours (MP3 Album),2009-11-01,Dance,Media Records,6978,15735,album,140,Gigi D'Agostino,76,288474
10265111,Kernkraft 400 (DJ Gius Mix - Radio Edit),207,140.2,2011-03-21,649118,938680,Kernkraft 400 Single Mixes,2011-03-21,Electro|Dance,EPM Music NL,858,2768,single,2603,Zombie Nation,1,18071
75152538,Tu Tatuta Tuta Ta,246,137.8,2014-01-01,13459,307479367,Best of Dancefloor (2gether - Années Dancefloor),2014-01-01,Electro|Dance|Films/Jeux vidéo,Twogether,5946,10,album,87562,Pin-occhio,2,705
2185418,Anybody (Movin' On) (Friends Radio Edit),233,143.1,2000-06-30,7777,288363,The Best of,2006-01-26,Dance|Trance|Films/Jeux vidéo,Klubbstyle Rec.,5884,3570,album,1468,Masterboy,53,41008
22396631,Diablo,217,132.1,2012-01-01,316553,2140971,Paradoxx (Platinum Edition),2012-05-25,Electro|Dance,Airbase Classics,5546,3088,album,41,666,77,9606
2430577,This Is The Way (Radio Edit),234,141.6,1995-02-20,291335,239493,Made In Sweden,1995-02-20,Rock,Universal Music AB,2590,2639,album,3197,E-Type,48,19301
61723209,It's a Rainy Day,255,0.0,1994-01-01,8825,866160322,Ice 'n' Green,1994-01-01,Electro|Dance,DWA Records,3931,306,album,7686,Ice MC,3,46361
1042543,Another Night,235,126.0,1995-04-10,690816,113831,Another Night,1995-04-10,Pop,Hansa Local,3533,3708,album,130,Real McCoy,18,30566
17347911,Mr. Vain (Original Radio Edit),257,132.9,1993-01-01,783217,1622715,Mr. Vain,2012-03-30,Dance,Abfahrt Media,2871,4389,album,3182,Culture Beat,23,61804
7556949,Rock Me,214,130.0,1998-06-18,443004,697256,Electrocaine,1998-06-18,Dance,Universal Music Division Mercury Records,3674,1321,album,2602,Pills,81,1515
65452731,Storm,223,132.1,2008-11-11,4834,619027571,Deadline,2024-07-23,Electro|Dance|Trance,Be Yourself Music,1379,23,ep,14554,Storm,107,3294
67316124,Put Your Hands Up (DJ Tonka Radio Edit) (DJ Tonka),222,128.0,2013-05-20,28209,7787109,Put Your Hands Up (In The Air),1998-04-06,Electro|Techno/House|Dance,Altra Moda Music,4137,174,album,4039,Black & White Brothers,1,946
63653810,Sandstorm (Radio Edit),226,136.0,1999-01-01,649827,6253976,Sandstorm,1999-01-01,Electro|Dance,16 Inch Records,1113,10655,single,25,Darude,38,56178
78294080,Sun Is Shining (Funkstar De Luxe Extended Club Mix),238,130.0,2014-04-14,557734,7786046,Remixes & Dubs,2014-04-14,Reggae|Dub,Hypnotic Records,5593,2199,album,719,Bob Marley & The Wailers,85,12292159
61639626,Don't Stop,221,134.23,1999-04-26,577337,6040530,Movin' Melodies,1999-04-26,Electro|Dance|Disco,Kontor Records,3565,5085,album,147,ATB,83,319333
23887451,Carillon (Radio Mix),210,136.9,2010-08-19,10023,645110,Carillon,2010-08-19,Electro|Techno/House|Dance,Time Records,2312,321,album,1109,Magic Box,10,15025
11379163,Doop - Sidney Berlin Ragtime Band,190,130.0,1994-01-01,1798,10847156,Circus Doop,2015-07-17,Dance,CNR Music,3462,170,album,152784,Doop,15,834
61677848,Meet Her At The Loveparade (Radio Edit),213,132.1,2001-08-20,8927,382440097,Meet Her at the Loveparade,2001-08-20,Dance,Nitron Music,3837,1179,album,1015,Da Hool,55,12158
6907031,Saturday Night (Radio Mix),247,130.0,1994-09-19,532045,637836,Saturday Night Single,1994-09-19,Dance,X-Energy,4832,2224,album,9576,Whigfield,56,29834
61723285,The Rhythm of the Night,264,128.0,1995-01-01,7912,772215971,The Rhythm of the Night,2013-07-03,Electro|Dance,DWA Records,3953,723,album,40,Corona,29,77114
7117050,From Paris to Berlin (Radio Version),209,126.0,2010-09-20,226213,656689,From Paris to Berlin,2010-09-20,Electro|Techno/House|Dance|Pop|Rock,Scorpio Music,571,267,single,1078,Infernal,99,7517
630701,Cotton Eye Joe,191,132.1,1995-04-03,160757,50131842,Sex & Violins,1995-04-03,Pop,Muunshine Muusic,2818,6994,album,933,Rednex,29,28839
2422781,Crucified (Radio Edit),212,122.0,1996-03-04,272354,238842,Les Greatest Hits,1996-01-01,Dance,Universal Music AB,3979,1495,album,7315,Army of Lovers,27,9571
63534315,"Short, Short Man",198,126.8,1994-01-01,312757,6242849,On the Attack,2012-12-28,Dance|Pop,Unidisc,2119,623,album,1257813,Gillette,7,1520
3196856,Dub-I-Dub,205,136.0,2005-09-26,452047,306523,Dub-I-Dub,2005-09-26,Pop,Parlophone Denmark,2218,204,album,6596,Me & My,11,1549
2961499,Get Up (Before The Night Is Over),338,123.8,2009-03-23,518992,287867,Pump Up The Jam,2009-03-23,Dance,Universal Music S.A.,3433,17931,album,988,Technotronic,11,67941
3333681,La Vache (Regg & Arkin Radio Edit),188,136.0,2004-11-26,466984,317822,Double Cream,2004-11-26,Electro|Techno/House|Dance,Antler Subway,4444,889,album,2403,Milk Inc.,32,13074
600153,Moving on Up,215,0.0,2005-02-21,576835,76378,Ultimate Collection (feat. Heather Small),2005-02-21,Pop,RCA Records Label,4256,4572,album,6183,M People,25,10769
88806579,Children,240,136.9,2014-11-17,1890,701820311,What is love,2025-01-23,Electro|Dance,3904711 Records DK,240,24,single,3062,Robert Miles,52,73283
854009,Alane,219,122.0,1996-10-25,414623,97696,Welenga,1996-10-25,,Epic,2669,1186,album,6745,Wes,9,15394
83796646,One & One,237,0.0,2014-09-01,989,9223247,A Different Beat,1997-01-01,Pop,Polydor Records,3317,3130,album,3062,Robert Miles,52,73283
5976167,"Rhythm Is A Dancer (7"" Edit)",225,124.2,2009-10-19,7827,905272622,SNAP! The Power Greatest Hits,2009-11-24,Dance,BMG Rights Management GmbH,6558,505,album,126,Snap!,23,88942
3069407,Played-A-Live (The Bongo Song) (Radio Edit),199,137.8,2008-04-24,433099,297436,Hits For Børn 2,2008-04-24,Pop,Universal Music A/S,2909,334,album,1080,Safri Duo,25,28876
66644980,L’Amour Toujours (Radio Edit),236,139.2,2013-04-29,7200,64417082,Greece 2000,1997-06-01,Dance|Trance,Armada Music,10493,319,album,140,Gigi D'Agostino,76,288474
72639854,White Horse (Funkerman Remix Radio Edit),160,126.0,2013-08-19,185604,7142191,White Horse (Funkerman Remix),2013-08-19,Electro|Techno/House,Lifted House | EMI Music Denmark,1051,108,single,6248,Laid Back,7,9144
62171962,What Is Love - Reloaded (Radio Edit),176,137.8,2009-01-09,8519,9631062,Happy Nation (U.S. Version) (Remastered),2015-01-19,Pop,Playground Music,3659,18770,album,124,Haddaway,46,103418
67159083,Let Me Think About It,152,128.8,2013-05-03,741715,6568133,Singled Out,2013-05-03,Electro,Lifted House,2791,1610,album,16822,Ida Corr,57,10518
71763076,Drop The Pressure,255,128.8,1999-11-12,3344,352310297,Destroy Rock & Roll (2005 Remaster),2009-01-01,Electro,EPP,3299,1417,album,579,Mylo,19,9252
598731,I See You Baby (Fatboy Slim Radio Edit),245,130.0,2004-10-11,137412,76349,I See You Baby,2004-10-11,Electro|Chill Out/Trip-Hop/Lounge|Pop,Zomba,1189,55,ep,71190,Groove Armada Featuring Gram'Ma Funk,0,164
86922609,Love Don't Let Me Go (Walking Away) (David Guetta vs. The Egg),188,126.8,2014-10-10,2007,553182022,Kisses For Breakfast (feat. Popcaan) [iLL BLU Remix],2014-07-21,Dance,Renowned Records,301,3,single,542,David Guetta,395,20097437
67638895,The Logical Song (Radio Edit Remastered),234,144.05,2013-06-07,11475,452745025,The Stadium Techno Experience,2023-06-15,Dance,Sheffield Tunes,2853,340,album,587,Scooter,180,256643
7754541,Who's That Chick ? (feat. Rihanna) (Single Version),165,128.0,2010-12-06,737006,715839,Who's That Chick?,2010-12-03,Dance,Parlophone (France),1749,14349,single,542,David Guetta,395,20097437
14352443,Levels (Radio Edit),199,126.0,2011-10-28,11766,7691812,Ten Feet Tall (David Guetta Remix),2014-04-15,Dance,Wall Recordings,369,1329,single,293585,Avicii,66,8358718
69295402,Beautiful People (feat. Benny Benassi) (Radio Edit),225,128.0,2011-06-07,671379,6792491,Electroman,2011-06-06,Dance,"Ultra Records, LLC",3063,4683,album,102,Chris Brown,122,9071236
124550860,I Took A Pill In Ibiza (Seeb Remix),198,0.0,2016-05-10,863109,13076610,"At Night, Alone.",2016-05-10,Singer & Songwriter,"Monster Mountain, LLC / Island",3494,23184,album,378294,Mike Posner,67,717002
92213550,Midnight City,244,104.93,2011-10-17,636941,9358242,"Hurry up, We're Dreaming",2011-10-17,Alternative|Rock,M83 Recording Inc,4411,76682,album,678,M83,39,966121
16607977,Starships,210,124.9,2012-02-14,22417,826913511,Sertanejos - Sucessos de 2010 a 2025,2025-10-01,,Sony Music Entertainment,5101,138,album,382937,Nicki Minaj,94,7402793
14525573,Where Have You Been (Album Version),242,128.0,2011-11-21,935123,1335314,Talk That Talk (Deluxe),2011-11-21,Pop,Def Jam Recordings,2943,376263,album,564,Rihanna,94,18031476
119302924,Don't Let Me Down,208,160.2,2016-02-05,881910,12424886,Don't Let Me Down,2016-02-05,Electro|Dubstep|Dance|Pop,Disruptor Records/Columbia,208,127137,single,4104927,The Chainsmokers,102,5843861
15165360,I Follow Rivers (The Magician Remix),279,121.96,2010-12-31,960431,1397862,Wounded Rhymes,2010-02-28,Alternative|Rock indé,Atlantic Records,2755,30735,album,72503,Lykke Li,56,677988
542335432,Promises,213,123.05,2018-08-17,891846,70900922,Promises,2018-08-17,Electro|Techno/House|Dance|Pop,Columbia,213,66694,single,12178,Calvin Harris,159,12317884
86453925,Runaway (U & I),227,126.0,2014-10-05,813530,8722185,Runaway (U & I),2014-10-05,Dance,Big Beat Records/Atlantic,227,54091,single,3265001,Galantis,203,1670150
60842359,Don't You Worry Child (Radio Edit),213,128.8,2012-10-05,867849,5954126,Don't You Worry Child,2012-10-05,Dance,BMG Rights Management,1255,51249,ep,407188,Swedish House Mafia,46,2167941
70266758,Hey Brother,254,124.9,2013-09-16,878621,6893935,True,2013-09-16,Dance,Pophouse Entertainment Group,2818,452932,album,293585,Avicii,66,8358718
505204262,In My Mind,184,126.05,2018-06-08,879283,64539112,In My Mind,2018-06-08,Dance,Columbia/B1 Recordings,184,141599,single,6049784,Dynoro,29,67405
14145918,Hangover,245,128.0,2011-10-20,701061,1296581,Hangover,2011-10-20,Pop,Universal-Island Records Ltd.,245,10515,single,12243,Taio Cruz,32,2409800
72327967,This Is What It Feels Like,204,130.0,2013-05-03,668643,7108659,Intense (The More Intense Edition),2013-11-15,Dance|Trance,Armada Music Albums,7271,16198,album,10620,Armin van Buuren,419,1934957
97339348,Five More Hours,211,128.0,2015-01-01,760178,9909966,Five More Hours,2015-01-01,Dance,Scorpio Music,211,10768,single,3542201,Deorro,139,972046
113876568,Lean On,177,97.97,2015-11-27,937997,11794498,Peace Is The Mission : Extended,2015-12-11,Electro,Third Pardee Records,2901,22127,album,282118,Major Lazer,119,7651001
123883254,This Is What You Came For,222,124.16,2016-04-29,938929,12988558,This Is What You Came For,2016-04-29,Electro|Techno/House|Dance|Pop,Columbia,222,143795,single,12178,Calvin Harris,159,12317884
66983686,So Good to Me (Radio Edit),158,120.9,2013-05-03,402928,6551772,So Good to Me (Radio Edit),2013-05-03,Electro|Techno/House|Dance|Pop|Pop internationale|Rock,Sony Music Entertainment,158,755,single,1920231,Chris Malinchak,73,16094
90726629,Firestone,273,113.89,2014-12-02,839587,9199023,Firestone,2014-12-02,Electro|Techno/House|Dance|Pop,Kygo,273,61120,single,4768753,Kygo,103,2392253
7624156,Gettin' Over (feat. Chris Willis & Fergie),182,130.01,2010-11-22,413898,702973,One More Love (Deluxe),2010-11-24,Dance,Parlophone (France),5418,27510,album,542,David Guetta,395,20097437
65310735,Need U (100%) (feat. A*M*E) (Radio Edit),174,124.2,2013-04-01,346991,6401579,Need U (100%) (feat. A*M*E),2013-05-03,Electro,Adam Dyment,1187,911,single,397164,Duke Dumont,69,1077241
704235852,Baianá,180,121.96,2019-07-26,21711,174716722,The Ringmaster,2020-10-09,Dance,Columbia/B1 Recordings,1825,3316,album,4106348,Bakermat,62,220956
15597245,DJ Got Us Fallin' In Love (feat. Pitbull),220,119.8,2010-08-24,874916,1441334,Versus,2010-08-24,R&B,LaFace Records,2271,4897,album,17,Usher,71,7215512
132265704,My Way,219,0.0,2016-09-16,868922,14056654,My Way,2016-09-16,Dance|Pop|Pop internationale|Rock,Columbia,219,80644,single,12178,Calvin Harris,159,12317884
97796640,Something About You,225,114.8,2015-04-22,606368,9957988,Something About You,2015-04-22,Electro,EMI,225,4704,single,4552034,Hayden James,53,17151
134946650,By Your Side,201,123.05,2016-10-28,655742,14400142,By Your Side,2016-10-28,Dance,Positiva,201,19381,single,5306539,Jonas Blue,136,726948
144393668,Symphony (feat. Zara Larsson),212,123.05,2017-03-17,850631,15659400,Symphony (feat. Zara Larsson),2017-03-17,Electro|Dance,Atlantic Records UK,212,77078,single,1000956,Clean Bandit,156,4171759
13671892,Good Feeling,248,128.0,2011-08-29,736309,1251270,Good Feeling,2011-08-29,Rap/Hip Hop,Poe Boy/Atlantic,248,30679,single,64333,Flo Rida,174,4737004
465663882,All Stars,170,124.16,2018-03-02,298675,57684992,Pitch Perfect 3 (Original Motion Picture Soundtrack - Special Edition),2018-03-02,Films/Jeux vidéo|Musiques de films,Pitch Perfect 3,4212,5210,album,2046,Martin Solveig,105,1665942
57630641,Baby I'm Yours,215,118.1,2012-09-17,815599,5621901,By Your Side,2012-09-17,Electro,Ed Banger Records,2756,24743,album,289345,Breakbot,16,183970
63087609,Get Up (Rattle) [Vocal Extended],301,128.0,2012-12-20,463638,6195573,Get Up (Rattle) [feat. Far East Movement],2012-12-20,Electro|Dance,Happy Music,468,7068,single,130398,Bingo Players,142,337649
366467431,Real Life,205,124.16,2017-06-02,427154,42221971,Real Life,2017-06-02,Dance,EMI,205,1901,single,397164,Duke Dumont,69,1077241
75768941,Summer,221,128.0,2014-03-14,617549,7505971,Summer,2014-03-14,Electro|Techno/House|Dance|Pop|Pop internationale|Rock,Columbia,221,132886,single,12178,Calvin Harris,159,12317884
46711461,Don't Wake Me Up,222,128.0,2012-05-18,660113,4622281,Don't Wake Me Up,2012-05-18,Rap/Hip Hop|R&B,RCA Records Label,2013,10043,single,102,Chris Brown,122,9071236
903835022,Take Over Control (feat. Eva Simons) (Radio Edit),208,130.01,2020-03-16,7857,56727102,In My Head (Dub Mix),2015-07-20,Electro|Dance,Spinnin' Deep,350,24,single,169361,Afrojack,230,2167906
73707710,Turn Down for What,213,99.86,2013-12-18,736233,7268092,Turn Down for What,2013-12-18,Electro|Dubstep|Dance|Rap/Hip Hop|Pop|Pop internationale|Rock|R&B,Columbia,213,103420,single,482758,DJ Snake,102,5794934
70266756,Wake Me Up,249,124.2,2013-09-16,921155,6893935,True,2013-09-16,Dance,Pophouse Entertainment Group,2818,452932,album,293585,Avicii,66,8358718
393116082,17,196,121.96,2017-09-01,558685,46039252,17,2017-09-01,Electro|Techno/House|Dance,Columbia,196,6786,single,148517,MK,107,53572
1465854532,Smile (Vocal Mix) (Extended),281,0.0,2015-09-04,398900,252037972,Super Discount 3,2015-09-04,Electro,Pixadelic,2389,2910,album,2318,Etienne de Crécy,73,110226
17084765,Mr Saxobeat,195,126.8,2011-09-23,40448,1597536,Saxobeats,2011-09-23,Pop,Magic Records,2918,114,album,998013,Alexandra Stan,89,354993
705022722,One Day / Reckoning Song (Wankelmut Remix) (Radio Edit),215,0.0,2012-08-03,874909,102074242,One Day / Reckoning Song (Wankelmut Remix),2012-08-03,Electro|Dance,10879,945,2258,single,403152,Asaf Avidan,30,282841
548188582,Back & Forth (MK Dub),360,123.78,2018-09-07,284969,71971122,Back & Forth,2018-09-07,Dance,Columbia,556,2986,single,148517,MK,107,53572
12914364,Fade Into Darkness (Vocal Radio Mix),199,126.0,2011-07-22,538750,1184422,Fade Into Darkness,2011-07-16,Dance,Universal Music AB,1095,2186,ep,293585,Avicii,66,8358718
66609426,Get Lucky (Radio Edit - feat. Pharrell Williams and Nile Rodgers),248,116.13,2013-04-19,954234,6516139,Get Lucky (Radio Edit - feat. Pharrell Williams and Nile Rodgers),2013-04-19,Electro|Electro Pop/Electro Rock|Techno/House|Dance|Pop|Pop internationale|Rock|R&B|Disco|Soul & Funk,Columbia,248,161454,single,27,Daft Punk,39,5202048
13040252,Feel So Close (Radio Edit),206,0.0,2011-08-19,812160,1196853,Feel So Close,2011-08-19,Dance,Columbia,1943,41934,album,12178,Calvin Harris,159,12317884
122886138,The Ocean (feat. Shy Martin),183,89.88,2016-04-15,697285,12865076,The Ocean (feat. Shy Martin),2016-04-15,Electro|Techno/House|Dance|Pop|Pop internationale|Rock,DF Records,183,31143,single,1009000,Mike Perry,53,132484
98356864,Andalouse,167,112.0,2015-05-04,902632,10047454,Kendji,2015-05-04,Pop,Universal Music Division Polydor France,3647,190440,album,5947658,Kendji Girac,41,2059855
5400243,Memories (feat. Kid Cudi),210,130.0,2010-02-12,975342,494531,Memories (feat. Kid Cudi),2010-02-12,Dance,Parlophone (France),895,14517,single,542,David Guetta,395,20097437
62439051,Scream & Shout,284,130.0,2012-11-20,907258,6125830,Scream & Shout,2012-11-20,Pop,Interscope,284,58097,single,10226,will.i.am,42,2392872
617239422,Always,246,123.05,2019-01-16,801213,84297122,Always,2019-01-16,Pop|Singer & Songwriter,GS AllPoints,246,12905,single,2668241,Gavin James,69,136824
106095086,Est-ce que tu m'aimes ? (Pilule bleue),236,0.0,2015-08-28,944583,11061270,Mon coeur avait raison,2015-08-28,Rap/Hip Hop,Jive Epic,5475,520545,album,4429712,GIMS,120,6861952
144389048,Lush Life,201,98.0,2017-03-17,987028,15658900,So Good,2017-03-17,Pop,Epic/Record Company TEN,3035,62517,album,4331004,Zara Larsson,85,1645459
12724819,"Moves Like Jagger (Studio Recording From ""The Voice"" Performance)",201,128.0,2011-07-11,949565,1167403,Hands All Over (Revised International Deluxe),2011-07-11,Pop,Interscope Records*,3916,68501,album,1188,Maroon 5,65,11405997
106095102,Sapés comme jamais (feat. Niska) (Pilule bleue),207,0.0,2015-08-28,853523,11061270,Mon coeur avait raison,2015-08-28,Rap/Hip Hop,Jive Epic,5475,520545,album,4429712,GIMS,120,6861952
78099004,Cheerleader (Felix Jaehn Remix) (Radio Edit),180,118.12,2015-01-23,290893,7766116,Cheerleader (Felix Jaehn Remix Radio Edit),2015-01-23,Dance,"Ultra Records, LLC",441,14545,single,1396006,OMI,23,267410
546875572,Balance ton quoi,189,116.13,2018-10-06,904667,71730882,Brol,2018-10-06,Pop,Angèle VL Records,2447,382757,album,1042268,Angèle,36,1721787
10308117,Give Me Everything (feat. Nayer),256,0.0,2011-03-21,940597,942774,Give Me Everything (feat. Nayer),2011-03-21,Dance|Rap/Hip Hop|Pop,Mr.305/Polo Grounds Music/J Records,256,36299,single,776,Pitbull,181,7254728
143783500,Despacito,228,178.21,2017-02-17,833593,15579230,Despacito,2017-02-17,Pop|Latino,UMLE - Latino,228,565098,single,6707,Luis Fonsi,88,3148350
1645426722,Stolen Dance,313,0.0,2013-05-31,955536,293166022,Sadnecessary,2013-05-31,Alternative,Stoned In Paradise,3342,14102,album,4512147,Milky Chance,37,515905
8086126,Rolling in the Deep,228,0.0,2011-01-24,937444,746059,21,2011-02-22,Pop,XL Recordings,2882,857701,album,75798,Adele,20,15462814
81263834,Le chant des sirènes,178,0.0,2014-07-21,960363,8137424,Fréro Delavega,2014-07-22,Pop,Universal Music Division Barclay,3295,196873,album,4539853,Fréro Delavega,5,709002
13485649,Who's That Chick ? (feat. Rihanna) (Single Version),165,128.0,2011-01-09,342118,715839,Who's That Chick?,2010-12-03,Dance,Parlophone (France),1749,14349,single,542,David Guetta,395,20097437
17135110,California Gurls,234,124.9,2012-03-23,928608,1603030,Teenage Dream: The Complete Confection,2012-03-23,Pop,Capitol Records,4619,334529,album,144227,Katy Perry,89,9777658
472898512,Shotgun,194,116.13,2018-03-23,810062,58954392,Staying at Tamara's,2018-03-23,Singer & Songwriter,Columbia,2230,72444,album,5241932,George Ezra,29,1288115
71645431,Roar,223,179.8,2013-10-22,927789,7040437,PRISM (Deluxe),2013-10-22,Pop,Capitol Records (CAP),3700,459287,album,144227,Katy Perry,89,9777658
129632340,Let Me Love You,205,99.86,2016-08-05,980917,13726450,Encore,2016-08-05,Dance,DJ Snake Def Jam,3158,119488,album,482758,DJ Snake,102,5794934
516351532,High Hopes,190,164.06,2018-06-22,876079,66313782,Pray for the Wicked,2018-06-22,Alternative,DCD2 / Fueled By Ramen,2051,85081,album,402,Panic! At the Disco,44,1702301
6048740,Waka Waka (This Time for Africa) [The Official 2010 FIFA World Cup (TM) Song] (feat. Freshlyground) (Single),203,126.82,2010-05-07,9040,552439,Waka Waka (Esto es Africa) (feat. Freshlyground),2010-04-29,Pop|Latino,Epic,203,7879,single,160,Shakira,71,11697092
124237488,"CAN'T STOP THE FEELING! (from DreamWorks Animation's ""TROLLS"")",236,112.96,2016-05-06,859374,13035460,"CAN'T STOP THE FEELING! (from DreamWorks Animation's ""TROLLS"")",2016-05-06,Jeunesse|Pop|Pop internationale|Rock|R&B|Films/Jeux vidéo|Musiques de films,Villa 40/RCA Records,236,119254,single,1147,Justin Timberlake,41,6707544
80559026,Prayer in C (Robin Schulz Radio Edit),189,123.0,2014-07-04,459790,7881003,Prayer In C (Robin Schulz Remix) [Radio Edit] - Single,2014-06-06,Electro,Wagram Music / Cinq 7,189,64454,single,307677,Lilly Wood And The Prick,27,741176
546875592,Tout oublier,202,104.93,2018-10-06,885875,71730882,Brol,2018-10-06,Pop,Angèle VL Records,2447,382757,album,1042268,Angèle,36,1721787
5414031,Hold My Hand (feat. Keri Hilson),206,87.0,2010-02-12,357612,495825,Hold My Hand (feat. Zaho),2010-02-12,Pop,VP Records,414,6059,single,88,Sean Paul,161,3757723
469283072,La même,199,0.0,2018-03-08,10113,58426612,La même,2018-03-08,Pop,Play Two,200,4463,single,4429712,GIMS,120,6861952
129473388,This Is What You Came For (Bobby Puma Remix),284,0.0,2025-01-27,508758,13704628,This Is What You Came For (Remixes),2016-08-02,Dance,Columbia,1596,20998,single,12178,Calvin Harris,159,12317884
1084861832,Waves (Robin Schulz Radio Edit),208,0.0,2014-02-07,890308,174320212,Waves (Robin Schulz Radio Edit),2014-02-07,Pop,Left Lane Recordings,208,5461,single,2137231,Mr. Probz,20,887353
550165412,À nos souvenirs,193,133.8,2018-10-05,377943,1041118522,Un air de rien,2018-10-05,Chanson française,3CG,2513,13,album,9851798,Trois Cafés Gourmands,19,506551
140295501,Faded,212,179.76,2015-12-04,878556,15103893,Faded,2015-12-04,Electro|Techno/House|Dance,Kreatell Music,857,151574,single,4999707,Alan Walker,163,4051964
136889400,Starboy,230,186.23,2016-11-25,975897,14652356,Starboy,2016-11-25,R&B,The Weeknd/Lyric,4113,421061,album,4050205,The Weeknd,86,14666174
6297555,Alors on danse (Radio Edit),208,119.8,2010-06-14,952441,576738,Cheese,2010-06-14,Dance|Pop,Universal Music Distributed Labels,2518,251603,album,310260,Stromae,16,3478960
482990352,One Kiss,214,0.0,2018-04-06,918296,60712222,One Kiss,2018-04-06,Dance|Pop,Columbia,214,121679,single,12178,Calvin Harris,159,12317884
2765064471,Dancin (feat. Luvli) (Krono Remix),198,0.0,2024-04-26,614605,577748461,Stag Do Classics,2024-04-26,Pop,Sony Music CG,5826,88,album,177916367,Aaron Smith,21,1214
770293952,Roses (Imanbek Remix),176,121.96,2019-10-09,796087,113965472,Roses (Imanbek Remix),2019-10-09,Electro|Dance|Pop|Pop internationale|Rock,Columbia/B1 Recordings,176,40223,single,10385666,SAINt JHN,46,137359
376480961,"Feels (feat. Pharrell Williams, Katy Perry & Big Sean)",223,101.08,2017-06-30,616457,43601391,Funk Wav Bounces Vol.1,2017-06-30,Dance,Columbia,2262,76535,album,12178,Calvin Harris,159,12317884
2941252561,Hundred Miles,172,0.0,2015-10-16,812364,627338651,Hundred Miles,2015-10-16,Dance,Mushroom Pillow,172,1199,single,4085529,YALL,24,18010
75819429,One Day (Vandaag) (Radio Edit),217,0.0,2014-03-14,780453,7511792,One Day (Vandaag) (Radio Edit),2014-03-14,Electro|Techno/House|Dance|Pop,b1,217,18537,single,4106348,Bakermat,62,220956
140856305,Scared to Be Lonely,223,0.0,2017-01-27,759909,15186629,Scared to Be Lonely,2017-01-27,Electro|Techno/House|Dance|Pop|Pop internationale|Rock,Epic Amsterdam,223,64255,single,3968561,Martin Garrix,166,7591323
102875746,Jubel,199,124.9,2015-06-30,744911,10688700,Jubel EP,2015-06-30,Electro,Jive Epic,2620,6683,album,4616610,Klingande,42,150585
669567072,Summer Days (feat. Macklemore & Patrick Stump of Fall Out Boy),163,0.0,2019-04-25,812841,94546932,Summer Days (feat. Macklemore & Patrick Stump of Fall Out Boy),2019-04-25,Electro|Techno/House|Dance|Pop|Pop internationale|Rock,Epic Amsterdam,163,10851,single,3968561,Martin Garrix,166,7591323
96818170,Stole the Show,223,99.9,2015-03-23,855538,9854614,Stole the Show,2015-03-23,Electro|Techno/House|Dance|Pop,Kygo,223,68500,single,4768753,Kygo,103,2392253
129313094,In the Name of Love,195,0.0,2016-07-29,847620,13681244,In the Name of Love,2016-07-29,Electro|Techno/House|Dance|Pop,Epic Amsterdam,195,120103,single,3968561,Martin Garrix,166,7591323
93820358,Seve (Radio Edit),209,120.9,2015-01-26,730558,9532130,Seve (Radio Edit),2015-01-26,Electro|Techno/House|Dance,Maquisards,209,10207,single,1199170,Tez Cadey,43,19739
7429133,We Can Make It Right (Générique Les Anges),212,128.0,2010-11-02,562026,685503,We Can Make It Right (Générique Les Anges),2010-11-02,Electro|Techno/House|Dance,SME Strategic Marketing Group,212,325,single,58704,Gilles Luka,14,9548
104749760,Halcyon Birds,273,119.8,2015-08-06,702481,10906634,"Dear Misfortune, Mother of Joy - EP",2015-08-06,Alternative|Dance,Broken Back Inc / Sony Music Entertainment,1159,15301,ep,5126564,Broken Back,69,78154
745597012,Baila Conmigo (feat. Kelly Ruiz),189,128.0,2019-09-12,365410,109893182,Baila Conmigo (Willy William Remix),2019-09-12,Dance,Scorpio Music,168,368,single,1460107,Dayvi,146,15468
137911999,Just Hold On,198,114.84,2016-12-10,563555,14803969,Just Hold On,2016-12-10,Electro|Dance|Pop,"Ultra Records, LLC",198,34653,single,310557,Steve Aoki,271,2108132
451060672,Azukita,226,130.01,2018-02-02,640118,55223912,Azukita,2018-02-02,Dance|Pop|Pop internationale|Rock,"Ultra Records, LLC",226,8587,single,310557,Steve Aoki,271,2108132
129310248,Closer,249,0.0,2016-07-29,875232,13680908,Closer,2016-07-29,Alternative|Pop Indé|Rock indé|Electro|Techno/House|Dance|Pop,Disruptor Records/Columbia,249,179059,single,4104927,The Chainsmokers,102,5843861
1863340847,Devil in Me,199,0.0,2017-10-20,295471,345616797,Devil in Me,2017-10-20,Electro|Dance,"Sweat It Out/NHMM, LLC",199,6,single,1658572,Purple Disco Machine,123,164759
99765786,How Hard I Try,198,0.0,2015-05-26,130137,10219882,How Hard I Try,2015-05-26,Dance|Pop|Pop internationale|Rock,"Ultra Records, LLC",198,239,single,7027523,Filous,38,13575
142328215,It Ain't Me,220,99.86,2017-02-16,828386,15383513,It Ain't Me,2017-02-16,Electro|Techno/House|Dance|Pop,Kygo,220,99213,single,4768753,Kygo,103,2392253
141822553,Light,239,149.8,2017-02-10,402667,15318723,Light,2017-02-10,Electro|Dance,Columbia,239,3158,single,5696423,San Holo,87,42745
397715312,Astronomia,198,126.05,2016-09-16,566656,46720582,Astronomia,2016-09-16,Electro|Techno/House,b1,198,13215,single,4315395,Vicetone,76,192102
75677471,Cut Your Teeth (Kygo Remix),396,99.9,2014-03-14,552423,7495595,Cut Your Teeth (Kygo Remix),2014-03-14,Electro|Techno/House|Dance|Folk,ioki records,396,4398,single,402712,Kyla La Grange,26,62676
99156200,Fantasy,218,113.9,2024-12-18,426429,10148928,Urban Flora,2015-05-19,Electro|Techno/House|Dance,"Ultra Records, LLC",1843,16245,ep,5404060,Alina Baraz,36,37847
564088712,Get You The Moon (feat. Snøw),179,119.84,2018-10-08,705789,74872972,Get You The Moon (feat. Snøw),2018-10-08,Alternative|Pop Indé|Electro|Dance|Pop|R&B|R&B contemporain|Soul,Columbia,179,48547,single,419254,Kina,35,100266
462844222,Lantern (Radio Edit),180,119.84,2018-02-23,561822,57201032,Lantern (Radio Edit),2018-02-23,Electro,Arista France,180,539,single,4476139,Les Gordon,57,38107
829306232,10% (feat. Kali Uchis),186,0.0,2019-12-13,550760,122475762,BUBBA,2019-12-13,Electro,KAYTRANADA/RCA Records,3048,29492,album,4452092,KAYTRANADA,41,170082
366740131,Came Here for Love,203,124.91,2017-06-09,563511,42256111,Came Here for Love,2017-06-09,Electro|Techno/House|Dance,Ministry of Sound Recordings,203,8536,single,5203250,Sigala,114,284655
456058512,Close To Me (feat. Rendell Stovall),198,109.09,2018-02-09,373908,56075022,Close To Me (feat. Rendell Stovall),2018-02-09,Electro,SMART,198,390,single,5355382,Trinix,49,92933
97231828,Supergirl (Radio Edit),212,121.96,2015-03-25,577997,9899820,Supergirl (Radio Edit),2015-03-25,Dance|Pop|Pop internationale|Rock,b1,212,10747,single,5163924,Anna Naklab,5,12462
96816468,You're On (feat. Kyan),192,100.1,2015-03-30,385229,9854424,Adventure (Deluxe),2015-03-30,Dance,Columbia,3937,37483,album,1517560,Madeon,28,422520
67238728,Give Life Back to Music,274,119.1,2013-05-20,715949,6575789,Random Access Memories,2013-05-17,Dance|Pop,Columbia,4464,883961,album,27,Daft Punk,39,5202048
829185532,"Alone, Pt. II",179,175.93,2019-12-27,771060,122457582,"Alone, Pt. II",2019-12-27,Electro|Techno/House|Dance|Pop|Pop internationale|Rock,Kreatell Music,179,14815,single,4999707,Alan Walker,163,4051964
701281342,Higher Love,228,103.88,2019-06-28,734154,101343482,Higher Love,2019-06-28,Electro|Techno/House|Dance|Pop|Pop internationale|Rock,Kygo/RCA Records,228,13335,single,4768753,Kygo,103,2392253
15790351,Another Chance (Radio Edit),207,130.0,2001-07-05,619812,1458225,Another Chance,2001-07-05,Pop,Sine Direct Signings,1441,638,ep,3852,Roger Sanchez,29,49859
972801632,Warrior (feat. SG Lewis),165,0.0,2020-06-11,366299,150989302,Warrior,2020-06-11,Pop,Mad Decent,424,94,single,92255432,Aluna,46,5520
955178672,LMK,188,0.0,2020-05-07,456405,147223542,LMK,2020-05-07,Rap/Hip Hop|Pop,XXELULOUS MUSIC GROUP / 300 Entertainment,188,2145,single,14002689,Lil Xxel,29,5306
1006845912,Head & Heart (feat. MNEK),166,0.0,2020-07-03,738458,157795452,Head & Heart (feat. MNEK),2020-07-03,Dance,Atlantic Records UK,166,7489,single,8058039,Joel Corry,232,103888
951371292,Head Shoulders Knees & Toes (feat. Norma Jean Martine),156,0.0,2020-05-08,817163,146389572,Head Shoulders Knees & Toes (feat. Norma Jean Martine),2020-05-08,Electro,Elektra France,156,5523,single,6032634,Ofenbach,93,491321
1087667882,The Business,164,0.0,2020-09-25,753892,174941092,The Business,2020-09-25,Dance,Atlantic Records,164,9224,single,434,Tiësto,350,4091825
1021141692,Kill Me Slow,208,0.0,2020-07-17,631975,160633142,New Rave,2020-07-17,Dance,Parlophone (France),730,11430,ep,542,David Guetta,395,20097437
939007652,Addict,246,0.0,2020-04-24,21979,794789611,Addict (Remixed),2020-04-24,Electro,Silva Hound,2160,108,album,5343780,Silva Hound,37,2869
677706542,Children,158,0.0,2019-05-10,556002,96411952,Children,2019-05-10,Dance,Happy Music,158,859,single,10044478,MATTN,81,38402
858386482,Drown (feat. Clinton Kane),174,119.84,2020-02-27,461704,128030192,Drown (feat. Clinton Kane),2020-02-27,Electro|Techno/House|Dance,Epic Amsterdam,174,2371,single,3968561,Martin Garrix,166,7591323
862801792,Greenlights,162,0.0,2020-01-31,367011,129040932,zer0,2020-01-31,Electro,Mixed Kids Records,2108,1757,album,1707587,Krewella,75,338433
923298632,Ride with Me,165,0.0,2020-04-10,202653,140455642,Ride with Me,2020-04-10,R&B,Atlantic Records,165,266,single,15320551,Pink Sweat$,53,46017
923740862,Secrets,176,0.0,2020-04-24,696961,140511872,Secrets,2020-04-24,Dance,Ministry of Sound Recordings,176,3288,single,8185084,Regard,45,91460
958565542,Halfway (with Bhaskar),158,0.0,2020-05-15,363460,147808862,Halfway (with Bhaskar),2020-05-15,Dance,Spinnin' Records,158,326,single,324006,Yves V,212,125649
910945142,Me Provocas,147,0.0,2020-04-03,542846,137700562,Me Provocas,2020-04-03,Dance,Columbia/B1 Recordings,147,2185,single,6049784,Dynoro,29,67405
1083958982,Mask,478,0.0,2020-09-18,345939,174112672,Hollow Mask Illusion (EP),2020-09-18,Dance,Armind,893,765,ep,10620,Armin van Buuren,419,1934957
847840412,In Your Eyes (feat. Alida),208,119.84,2020-01-10,725335,125664092,In Your Eyes (feat. Alida),2020-01-10,Dance,WM Germany,208,8829,single,2005781,Robin Schulz,173,1759326
964219992,Looking for Me,211,0.0,2020-06-24,596188,149039402,Looking for Me,2020-06-24,Dance,Ministry of Sound Recordings,211,1098,single,61905,Paul Woolford,55,10242
1079905512,Don't Say Goodbye (feat. Tove Lo),186,0.0,2020-09-25,674575,173204242,Don't Say Goodbye (feat. Tove Lo),2020-09-25,Dance,Columbia/B1 Recordings,186,5444,single,1429841,Alok,290,4531969
862386172,Infinity (Dubdogz & Bhaskar Edit),196,124.16,2020-01-31,646237,128939302,Infinity (Dubdogz & Bhaskar Edit),2020-01-31,Dance,Spinnin' Records,196,1852,single,10052642,Dubdogz,154,170339
1118064072,Paradise,167,0.0,2020-10-30,650333,181423922,Paradise,2020-10-30,Dance,Universal-Island Records Ltd.,167,2969,single,1403694,Meduza,95,270819
949342392,Lovefool,190,0.0,2020-05-08,690908,145932072,Lovefool,2020-05-08,Dance,Intercord,190,3309,single,10673381,twocolors,63,25450
1072800342,Let's Love,200,0.0,2020-09-11,721334,171745682,Let's Love,2020-09-11,Dance,Parlophone (France),200,10485,single,542,David Guetta,395,20097437
861978202,Falling,190,0.0,2020-02-21,382746,128829932,Falling,2020-02-21,Dance,Protocol Recordings,436,821,single,368033,Nicky Romero,235,1504090
904992702,The Chase,194,0.0,2020-03-27,508114,136720922,The Chase,2020-03-27,Electro,Smash The House,194,635,single,262271,Dimitri Vegas & Like Mike,201,2200231
986396422,RITMO (Bad Boys For Life),214,0.0,2020-06-18,406098,153541502,Translation,2020-11-02,Pop,Universal Music Division Polydor France,3380,23700,album,1020109,Black Eyed Peas,68,6101410
1093853392,Spa,199,0.0,2020-10-16,21192,499533781,Spa,2020-10-16,Dance,"Ultra Records, LLC",199,29,single,961592,Icona Pop,74,620363
1060870372,Break This Habit,172,0.0,2020-08-28,3075,610254372,Break This Habit,2020-08-28,Electro|Dance,Heldeep Records,172,28,single,4777520,Oliver Heldens,156,385393
1019940102,Funny,221,0.0,2020-07-16,451415,160387782,Funny,2020-07-16,Dance,Atlantic Records,221,1198,single,1198612,ZEDD,73,1982978
962331172,Desire (Single Edit),265,0.0,2020-08-28,492384,148620182,Desire,2020-08-21,Electro,Domino Recording Co,2369,1880,album,106110,Bob Moses,60,26096
928313282,Nothing Really Matters,157,0.0,2020-04-17,350990,141389202,Nothing Really Matters,2020-04-17,Dance,Universal Music B.V.,157,619,single,434,Tiësto,350,4091825
1073774942,OK Not To Be OK,159,0.0,2020-09-10,536563,171918382,OK Not To Be OK,2020-09-10,Pop,Joytime Collective,159,4394,single,7890702,Marshmello,184,3106957
879783082,Tequila,211,124.16,2020-02-21,420335,132008232,Tequila,2020-02-21,Dance,Polydor Records,422,1291,single,5462679,Jax Jones,120,409347
970997592,Boom Boom,142,0.0,2020-06-19,349292,150603612,Boom Boom,2020-06-19,Dance,Armind,142,208,single,10620,Armin van Buuren,419,1934957
889854192,Every Color,234,0.0,2020-03-04,267490,133941042,Every Color,2020-03-04,Dance,Louis The Child / Interscope,234,609,single,4955521,Louis The Child,75,16693
1074930952,Tarantino (feat. STARX),199,0.0,2020-09-30,1805,489214795,Tarantino (feat. STARX),2020-09-30,Dance,Dim Mak Records,199,49,single,310557,Steve Aoki,271,2108132
1076379582,Hot Stuff,199,0.0,2020-09-18,700114,172508892,Hot Stuff,2020-09-18,Electro|Techno/House|Dance,RCA Records Label,199,5552,single,4768753,Kygo,103,2392253
930585562,911,128,0.0,2020-05-01,8980,149107942,911,2020-05-15,Dance,Intercord,129,277,single,1353625,R3HAB,226,1814031
878771492,Nights Like This,173,0.0,2020-02-28,257654,131831772,Nights Like This,2020-02-28,Dance,Armada Music,173,251,single,5570870,Loud Luxury,72,58242
843846372,Run,161,0.0,2020-01-24,308563,124853212,Run,2020-01-24,Electro,#Lectronation,161,49,single,1361341,Martin Van Lectro,65,1575
944825142,House Arrest,216,0.0,2020-05-15,8992,499316721,House Arrest,2020-05-15,Dance,"Ultra Records, LLC",216,207,single,7988922,Sofi Tukker,137,73938
957925932,Higher Ground (feat. John Martin),206,0.0,2020-05-14,381365,147672262,Higher Ground (feat. John Martin),2020-05-14,Electro|Techno/House|Dance,Epic Amsterdam,206,1761,single,3968561,Martin Garrix,166,7591323
963640202,SAD (Imanbek xxx Remix),174,0.0,2020-05-22,448527,148885442,SAD (Imanbek xxx Remix),2020-05-22,Dance,Positiva,174,210,single,6914987,Rasster,137,1011
971408272,Hollywood,199,0.0,2020-05-29,505955,150701262,Hollywood,2020-05-29,Dance,Polydor,199,4400,single,10511557,La Vision,12,5275
914174522,Wanna Go Dancin',180,0.0,2020-03-31,370538,138377282,Freaks (EP),2020-03-31,Dance,Catch & Release/Astralwerks,355,1202,ep,56125,Fisher,30,86702
993094822,Alane,175,0.0,2020-06-19,675344,154957862,Alane,2020-06-19,Dance,WM Germany,175,5103,single,2005781,Robin Schulz,173,1759326
844224192,Not So Bad (feat. Emie),153,0.0,2020-01-03,554052,124955602,Not So Bad (feat. Emie),2020-01-03,Dance,Spinnin' Records,153,1178,single,324006,Yves V,212,125649
1093606242,Up All Night (feat. Afrojack),160,0.0,2020-10-09,414181,176221222,Up All Night (feat. Afrojack),2020-10-09,Electro|Techno/House|Dance,Chérie Amour Productions,160,292,single,4606572,VINAI,96,256811
874896932,Conversations in the Dark (John Legend vs. David Guetta),210,0.0,2020-02-14,434425,131319942,Conversations in the Dark,2020-02-14,R&B,Columbia,447,1088,single,313,John Legend,93,3554116
1028244862,I Need You to Know,180,0.0,2020-07-20,16018,155246752,I Need You To Know,2020-07-10,Dance,Armind,180,294,single,10620,Armin van Buuren,419,1934957
956157092,Lose You,148,0.0,2020-05-15,449175,147374822,The London Sessions,2020-05-15,Dance,Universal Music B.V.,2563,6589,album,434,Tiësto,350,4091825
1067243212,Pretty Please,145,0.0,2020-09-04,15540,532599182,Pretty Please,2020-09-04,Electro|Dance,88rising Music,145,190,single,11140418,Jackson Wang,35,305353
867471182,F**k Tomorrow Now,224,0.0,2020-02-07,259722,130080342,Church,2020-02-07,Dance,Big Beat Records,2727,5021,album,3265001,Galantis,203,1670150
891177062,One Last Time,240,0.0,2020-03-06,370272,134219312,One Last Time,2020-03-06,Dance,10:22 pm,240,600,single,1188009,Alesso,101,2716122
1081648482,Underwater,177,0.0,2020-09-25,962,499538911,Underwater,2020-09-25,Dance,"Ultra Records, LLC",177,4,single,4864708,Anabel Englund,47,7968
718304852,Rave,205,128.0,2019-07-26,439609,104895382,Rave,2019-07-26,Dance,Happy Music,205,195,single,310557,Steve Aoki,271,2108132
958646322,Astronomia (Out Of Context) Afro,161,0.0,2020-05-12,212144,147827722,Astronomia (Out Of Context) Afro,2020-05-12,Pop|Pop internationale|Variété Internationale,Dj Vielo,161,97,single,156633,Dj Vielo,89,42413
873956112,Take A Chance,220,0.0,2020-02-14,355032,131174442,Take A Chance,2020-02-14,Dance,HELDEEP Records,220,632,single,4777520,Oliver Heldens,156,385393
996181842,Ladida (My Heart Goes Boom),173,0.0,2020-07-03,7932,871138502,Ladida (My Heart Goes Boom),2020-07-03,Dance,"CRISP Music, a division of JINX Music, under exclu",173,83,single,98246142,CRISPIE,3,2682
4019797791,Movin' To The Sun,142,0.0,2026-05-22,971093,982091821,Movin' To The Sun,2026-05-22,Electro|Techno/House,Make The Girls Dance Records,142,2105,single,7803478,HUGEL,169,75041
2585655882,You & Me (Rivo Remix),209,0.0,2023-12-22,854761,523955932,You & Me (Rivo Remix),2023-12-22,Electro,UMC (Universal Music Catalogue),209,796,single,409796,Disclosure,84,985658
2887264442,I Adore You,214,0.0,2024-07-19,965934,614345192,I Adore You,2024-07-19,Dance,Intercord,214,2646,single,7803478,HUGEL,169,75041
3550322651,Cloudy Eyes (Dance Tonight),264,0.0,2025-09-26,601886,819311931,Cloudy Eyes (Dance Tonight),2025-09-26,Electro,VOD,264,103,single,312981171,Reznik,9,235
3889748961,Jamaican (Bam Bam),156,0.0,2026-03-09,979664,935850431,Jamaican (Bam Bam),2026-03-09,,MoBlack Records,156,2156,single,7803478,HUGEL,169,75041
3187953971,Show Me Love,177,0.0,2025-02-07,909128,698505181,Show Me Love,2025-02-07,Pop,Bamboo Artists,177,2528,single,8896874,WizTheMc,8,10586
2823893032,Move,177,0.0,2024-06-07,919599,593916522,Move,2024-06-07,Electro,Keinemusik,177,5469,single,262264,Adam Port,46,50055
3437555771,Addicted (feat. TIMID.),134,0.0,2025-07-04,804423,780513071,Addicted (feat. TIMID.),2025-07-04,,BAKE Records,134,207,single,255198152,Naarly,115,1091
3677449802,No Bad Vibes,180,0.0,2025-12-12,454533,863766122,No Bad Vibes,2025-12-12,,ChillYourMind,180,1,single,302454461,Mayvee,43,8
3216532281,Ma Tnsani (Yalla Habibi),220,0.0,2025-04-04,833188,707681831,Ma Tnsani (Yalla Habibi),2025-04-04,Musique africaine,Independent,220,825,single,8195514,Vanco,58,1771
3342944421,Think Of Me,170,0.0,2025-05-02,689695,748739981,Think Of Me,2025-05-02,,Intercord,170,408,single,7803478,HUGEL,169,75041
3337550541,Jackie B,217,0.0,2025-05-16,609416,746873811,Jackie B,2025-05-16,Dance,TH3RD BRAIN,217,224,single,11582775,&Friends,41,1527
3417456681,Take My Mind,171,0.0,2025-07-04,769166,773468191,Take My Mind,2025-07-04,Pop,Bamboo Artists,525,5225,single,8896874,WizTheMc,8,10586
3423176881,Positions,147,0.0,2025-06-27,744905,775472831,Positions,2025-06-27,Dance,"Stryv, Malachiii/Electric Feel, Adam Port",147,372,single,12620657,STRYV,4,4215
3483439621,Lost In Paradise,167,0.0,2025-08-29,436713,796293681,Lost In Paradise,2025-08-29,Electro|Techno/House,ChillYourMind,167,1,single,163139057,Razz,141,211
2965418671,Forever (feat. Malou & Yuna),140,0.0,2024-09-20,506496,635097931,Forever (feat. Malou & Yuna),2024-09-20,Dance,Warner Music Central Europe,140,649,single,7803478,HUGEL,169,75041
2578433812,Beso (Fruta Fresca),197,0.0,2023-12-13,704075,521647902,Beso (Fruta Fresca),2023-12-13,Dance,Astralwerks,197,666,single,11330466,Wakyin,17,1595
2680831422,"Patadas de Ahogado / LATÍN MAFIA, HUMBE",186,0.0,2024-02-22,765423,553447442,"Patadas de Ahogado / LATÍN MAFIA, HUMBE",2024-02-22,Dance|Pop,HUGEL,186,552,single,7803478,HUGEL,169,75041
3462415711,Feel My Love,166,0.0,2025-08-15,391698,788786451,Feel My Love,2025-08-15,,ChillYourMind,166,0,single,102071082,Kaphy,45,257
2642151712,Famax (Edit),214,0.0,2024-02-23,704572,541738362,Famax,2024-02-23,,Three Six Zero Recordings,550,670,single,246776492,RAFFA GUIDO,7,1632
2949762271,My Love (2024),184,0.0,2024-08-30,703760,630124341,My Love (2024),2024-08-30,Dance,Positiva,184,175,single,218569945,Alex Wann,19,1480
3367072751,Crazy For It,250,0.0,2025-05-30,655850,756787051,Crazy For It,2025-05-30,Electro,Keinemusik,250,259,single,427945,Rampa,48,19421
3419880761,Burning,140,0.0,2025-07-18,403257,774338151,Burning,2025-07-18,,ChillYourMind,140,0,single,115525132,Noam,91,106
3249093041,Life Is Simple (Move Your Body),172,0.0,2025-03-07,820523,718159451,Life Is Simple (Move Your Body),2025-03-07,Dance,Helix Records,172,181,single,12284466,Maesic,57,1016
2826343892,Yamore,248,0.0,2024-06-07,862088,594752732,Yamore,2024-06-07,,Universal Music Division Decca Records France,248,2534,single,4242609,MoBlack,71,6189
3040716421,No Bad Vibes,162,0.0,2024-10-18,784285,655122751,No Bad Vibes,2024-10-18,Dance,Chaos,162,371,single,204924487,Jazzy,77,6884
3365987551,Hold Me Down,148,0.0,2025-06-13,402074,756441791,Hold Me Down,2025-06-13,,ChillYourMind,148,1,single,9123476,B-Rain,24,75
2858426832,Sauti,208,0.0,2024-07-19,813394,604960942,Sauti,2024-07-19,Dance,Insomniac Records,208,453,single,5180873,Francis Mercier,90,15989
3026091641,Say What,181,0.0,2024-10-25,821601,650807401,Say What,2024-10-25,Electro,Keinemusik,181,1483,single,427945,Rampa,48,19421
2285438237,The Rapture Pt.III,417,0.0,2023-06-09,808796,441847377,The Rapture Pt.III,2023-06-09,Electro,Keinemusik,417,1573,single,292296,&ME,41,22885
3365987501,Missing (Afro House Mix),168,0.0,2025-06-13,421522,756441751,Missing,2025-06-13,Electro|Techno/House,ChillYourMind,168,5,single,346141,Nicola Fasano,146,7355
3542681731,Shine Like Stars,226,0.0,2025-09-04,542176,816755441,Shine Like Stars,2025-09-04,,Intercord,226,30,single,315354501,Benji,8,32
2684663852,Thandaza,361,0.0,2024-03-15,670019,554654182,Thandaza,2024-03-15,Electro,Keinemusik,361,464,single,292296,&ME,41,22885
3423165381,Loosen Up,180,0.0,2025-06-27,782186,775468381,Loosen Up,2025-06-27,,Intercord,180,573,single,7803478,HUGEL,169,75041
3295102471,Gone,165,0.0,2025-04-25,353497,732955241,Gone,2025-04-25,Electro|Techno/House,ChillYourMind,165,1,single,102071082,Kaphy,45,257
2461506635,Mwaki,208,0.0,2023-10-27,878233,489951575,SURRENDER,2023-10-27,Dance|Pop,TH3RD BRAIN,1097,1693,ep,8119595,Zerb,64,20298
2506247601,Gorah,246,0.0,2023-11-03,767986,502388931,Gorah,2023-11-03,Electro|Dance,Higher Ground,246,839,single,49602642,Nitefreak,11,5651
2319818795,The Boy Is Mine,201,0.0,2023-06-23,724570,450883925,The Boy Is Mine,2023-06-23,Electro|Dance,Sweat It Out,201,584,single,610541,James Mac,37,2337
3323728171,Escape,139,0.0,2025-04-18,355474,742147511,Escape,2025-04-18,Electro|Techno/House,ChillYourMind,139,1,single,78196462,Æj,125,37
2866536552,CORAÇAO (20th Anniversary Mix),175,0.0,2024-08-09,827393,607673442,CORAÇAO (20th Anniversary Mix),2024-08-09,Dance,Union Records,175,223,single,78291,Jerry Ropero,158,1663
2723889392,Jump,153,0.0,2024-03-29,725869,565365592,Jump,2024-03-29,Dance,Get Together Records,407,369,single,243910332,LÉVI,17,235
3230816611,Your Body,228,0.0,2025-03-21,668163,712037411,Your Body,2025-03-21,Dance,Warner Music Central Europe,228,104,single,87115552,Marten Lou,21,2060
3262956121,Our Way,138,0.0,2025-04-11,346250,722342691,Our Way,2025-04-11,Electro|Techno/House,ChillYourMind,138,1,single,7833286,TWINNS,85,272
2912340531,Sideways,254,0.0,2024-07-26,505295,620445631,DIAMANTE,2024-07-26,Dance,"Ultra Records, LLC",3710,1199,album,255342292,Gordo,23,2407
2439134805,Another Life (Marten Lou Remix),303,0.0,2023-08-24,527264,483911215,Another Life (Remixes),2023-08-24,Electro,OVO Sound,879,164,single,49778722,Naomi Sharon,30,4527
2687704402,Addicted,152,0.0,2024-03-29,703310,555565922,Addicted,2024-03-29,Dance|Pop,TH3RD BRAIN,152,1017,single,8119595,Zerb,64,20298
3245550401,Say It Right,213,0.0,2025-03-21,377761,716938991,Say It Right,2025-03-21,,ChillYourMind,213,3,single,121761282,fwd/slash,44,264
3156230151,Hey Hey (Jack Back Remix),149,0.0,2024-02-02,525533,687836261,Hey Hey (Remixes),2024-02-02,Dance,Defected Records,1415,13,ep,11536,Dennis Ferrer,67,28960
3263447971,Corpo e Canção (Club Mix),275,0.0,2024-03-15,530022,722516981,Corpo e Canção (Club Mix),2024-03-15,Electro|Techno/House,Dawn Patrol Records,275,68,single,10128890,Antdot,70,4602
2983253021,All I Got,295,0.0,2024-09-27,534300,639712111,All I Got,2024-09-27,Electro,Madorasindahouse Records,295,141,single,10898034,Massh,20,144
3262956251,What We Best Do,164,0.0,2025-04-04,292610,722342791,What We Best Do,2025-04-04,,ChillYourMind,164,1,single,267588202,muuno,6,1
2161608047,Anchor Point,359,0.0,2023-02-22,773879,410490297,Anchor Point EP,2023-02-22,,Intercord,687,2209,ep,97581642,Ahmed Spins,5,7122
1902272657,It's Not Right (Radio Edit),195,0.0,2022-09-23,664363,354007717,It's Not Right,2022-09-23,Dance,Ulu Records,1341,544,ep,269095,Gianni Romano,58,1672
3413000091,Body Language,179,0.0,2025-07-11,600713,772015791,Body Language,2025-07-11,Electro|Techno/House,ABRACADABRA Music,179,86,single,207493987,Samm (BE),34,475
3251482711,Stand Up,179,0.0,2025-03-28,313658,718876721,Stand Up,2025-03-28,Musique africaine|Electro|Techno/House,ChillYourMind,179,0,single,91616622,Luminae,62,17
3804157712,Milkshake 20 (Alex Wann Remix),176,0.0,2026-01-28,655085,905500962,Milkshake 20 (Alex Wann Remix),2026-01-28,Dance,BMG Rights Management (US) LLC,176,80,single,2514,Kelis,36,101729
2338825615,Nothing On Me,242,0.0,2023-07-14,558275,456636955,Nothing On Me,2023-07-14,Electro|Techno/House,ABRACADABRA Music,242,246,single,9976144,Maz,41,4576
3256662781,Let You Know,201,0.0,2025-03-28,299018,720400271,Let You Know,2025-03-28,,ChillYourMind,201,0,single,102071082,Kaphy,45,257
3387508571,Fire Fire,150,0.0,2025-06-13,843053,763541191,Fire Fire,2025-06-13,Dance,Helix Records,150,317,single,5191125,Shimza,51,22011
3130380951,A Gira,152,0.0,2025-01-10,798736,680526941,A Gira,2025-01-10,Dance,Spinnin' Deep,152,225,single,297199561,Unfazed,5,617
903698362,Azul,205,187.93,2020-03-19,889203,136387572,Colores,2020-03-19,Rap/Hip Hop|Latino,UMLE - Latino,1732,149007,album,4860761,J Balvin,173,10337707
1155477862,DÁKITI,205,0.0,2020-11-27,578912,188972392,EL ÚLTIMO TOUR DEL MUNDO,2020-11-27,Latino,Rimas Entertainment LLC.,2834,173794,album,10583405,Bad Bunny,88,7982166
1713103737,Envolver,193,0.0,2022-04-12,431133,309370177,Versions of Me,2022-04-12,Pop,Warner Records,2628,25374,album,4390053,Anitta,180,7401262
2193681047,Ella Baila Sola,165,0.0,2023-03-16,775369,418111007,Ella Baila Sola,2023-03-16,Latino,DEL Records,165,9225,single,85874042,Eslabon Armado,32,320928
3619889162,Berghain,178,0.0,2025-10-27,736640,843966172,Berghain,2025-10-27,Alternative|Pop,Columbia,178,8168,single,554792,ROSALÍA,36,1056290
1283546482,EL MAKINON,209,0.0,2021-03-26,649941,216835762,KG0516,2021-03-26,Rap/Hip Hop|Latino,UMLE - Latino,3496,27797,album,5297021,KAROL G,76,3408720
1112702042,Tú Me Dejaste De Querer,198,0.0,2020-11-05,659470,180440592,Tú Me Dejaste De Querer,2020-11-05,Rap/Hip Hop|Pop,Sony Music Entertainment,198,3426,single,5620251,C. Tangana,57,183740
2168082087,La Bachata,162,0.0,2023-03-17,411899,411961147,2000,2023-03-17,Pop,Sony Music Latin/La Industria,2694,3183,album,11559031,Manuel Turizo,101,1565086
2725148591,Santa,192,0.0,2024-04-04,769480,565722141,Santa,2024-04-04,Musique africaine|Rap/Hip Hop|Pop,Sony Music Latin,192,2663,single,4660899,Rvssian,65,49064
2103405097,"Shakira: Bzrp Music Sessions, Vol. 53/66",214,0.0,2023-01-11,778290,395194257,"Shakira: Bzrp Music Sessions, Vol. 53/66",2023-01-11,Latino,DALE PLAY Records,214,23398,single,12487862,Bizarrap,110,1123835
1563415122,Todo De Ti,203,0.0,2025-01-11,439416,274810622,VICE VERSA,2021-12-10,Rap/Hip Hop|Pop,Sony Music Latin/Duars Entertainment,2869,18464,album,11289472,Rauw Alejandro,165,2134334
1053377092,Hawái,200,0.0,2020-08-20,449956,167645582,PAPI JUANCHO,2020-08-21,Rap/Hip Hop,Sony Music Latin,4425,34127,album,1424602,Maluma,137,8072427
1066959132,Relación (Remix),247,0.0,2020-09-04,679402,170506562,Relación (Remix),2020-09-04,Latino,Rich Music,247,12276,single,5412407,Sech,102,1578242
889550892,Yo Perreo Sola,172,97.05,2020-02-29,778101,133878352,YHLQMDLG,2020-02-29,Latino,Rimas Entertainment LLC.,3948,266584,album,10583405,Bad Bunny,88,7982166
1379102602,Qué Más Pues?,217,0.0,2021-05-28,686704,231721372,Qué Más Pues?,2021-05-28,Rap/Hip Hop|Latino,"Sueños Globales, LLC",217,12703,single,4860761,J Balvin,173,10337707
1583350602,UN DIA (ONE DAY),232,0.0,2021-12-10,264352,278898582,JOSE (Deluxe Edition),2021-12-10,Rap/Hip Hop|Latino,"Sueños Globales, LLC",4641,4932,album,4860761,J Balvin,173,10337707
2565307142,LUNA,196,0.0,2023-12-01,761010,518463332,FERXXOCALIPSIS,2023-12-01,Rap/Hip Hop|Latino,UMLE - Latino,1529,13203,album,1166311,Feid,143,903485
2336600585,BABY HELLO,225,0.0,2023-06-23,706795,455956675,BABY HELLO,2023-06-23,Latino,Sony Music Latin/Duars Entertainment,225,1995,single,11289472,Rauw Alejandro,165,2134334
977829462,Caramelo,217,0.0,2020-06-11,666245,152145832,Caramelo,2020-06-11,Latino,Aura Music Corp.,217,7098,single,4937383,Ozuna,168,4730658
2092100007,Fresa,166,0.0,2019-09-06,486538,392074487,Fresa,2019-09-06,Pop,5020 Records,166,215,single,2252591,TINI,82,911551
3171003001,BAILE INoLVIDABLE,367,0.0,2025-01-05,971935,693008911,DeBÍ TiRAR MáS FOToS,2025-01-05,Latino,Rimas Entertainment LLC.,3721,204863,album,10583405,Bad Bunny,88,7982166
1656130472,Me Maten,242,0.0,2022-02-18,317668,295730982,El Madrileño (La Sobremesa),2022-02-18,Rap/Hip Hop,Sony Music Entertainment,4412,7445,album,5620251,C. Tangana,57,183740
1583350582,Otra Noche Sin Ti,228,0.0,2021-12-10,254097,278898582,JOSE (Deluxe Edition),2021-12-10,Rap/Hip Hop|Latino,"Sueños Globales, LLC",4641,4932,album,4860761,J Balvin,173,10337707
1507773472,Ateo,240,0.0,2021-10-07,618877,262126462,Ateo,2021-10-07,Rap/Hip Hop,Sony Music Entertainment,240,2186,single,5620251,C. Tangana,57,183740
1685337397,LA FAMA,188,0.0,2022-03-18,967893,302867697,MOTOMAMI,2022-03-18,Pop,Columbia,2537,88289,album,554792,ROSALÍA,36,1056290
1960232517,Monotonía,161,0.0,2022-10-19,700285,365424197,Monotonía,2022-10-19,Rap/Hip Hop|Latino,Sony Music Latin,161,9783,single,160,Shakira,71,11697092
1583350512,Perra,157,0.0,2021-12-10,241898,278898582,JOSE (Deluxe Edition),2021-12-10,Rap/Hip Hop|Latino,"Sueños Globales, LLC",4641,4932,album,4860761,J Balvin,173,10337707
2404468105,MI EX TENÍA RAZÓN,152,0.0,2023-08-11,458994,474583035,MAÑANA SERÁ BONITO (BICHOTA SEASON),2023-08-11,Latino,Bichota/Interscope Records,1613,3521,album,5297021,KAROL G,76,3408720
2200304467,BESO,194,0.0,2023-03-24,889362,419715397,RR,2023-03-24,Rap/Hip Hop|Pop,Columbia Records/Duars Entertainment/Sony Music Latin,566,15395,ep,554792,ROSALÍA,36,1056290
2691176022,"Ride Or Die, Pt. 2 (with Villano Antillano & Tokischa)",158,0.0,2024-04-18,774707,556633822,"Ride Or Die, Pt. 2",2024-04-18,Latino,Twisted Elegance,342,3583,single,5683028,Sevdaliza,37,70166
1283546592,"Ay, DiOs Mío!",189,0.0,2021-03-26,310467,216835762,KG0516,2021-03-26,Rap/Hip Hop|Latino,UMLE - Latino,3496,27797,album,5297021,KAROL G,76,3408720
1079887692,DELITO,203,0.0,2020-10-02,447309,173200472,Calambre,2020-10-02,Rap/Hip Hop|Pop,Sony Music Entertainment,2431,8843,album,12346612,Nathy Peluso,37,98232
1718098247,Te Felicito,172,0.0,2022-04-21,749569,310478997,Te Felicito,2022-04-21,Electro|Rap/Hip Hop|Pop,Sony Music Latin,172,10946,single,160,Shakira,71,11697092
562886212,Calma (Remix),238,126.82,2018-10-05,777877,74622972,Calma (Remix),2018-10-05,Rap/Hip Hop|Pop|Reggae|Latino,Sony Music Latin,238,166395,single,294464,Pedro Capó,59,540097
1871605777,Delincuente,226,0.0,2022-08-19,589514,347567357,Delincuente,2022-08-19,Rap/Hip Hop,Sony Music Latin,226,3328,single,48947801,Tokischa,80,62086
1155477802,LA NOCHE DE ANOCHE,203,0.0,2020-11-27,827236,188972392,EL ÚLTIMO TOUR DEL MUNDO,2020-11-27,Latino,Rimas Entertainment LLC.,2834,173794,album,10583405,Bad Bunny,88,7982166
2710730442,Te Felicito,172,0.0,2024-03-22,406867,561958172,Las Mujeres Ya No Lloran,2024-03-22,Pop,Sony Music Latin,3064,22596,album,160,Shakira,71,11697092
1708514107,Bam Bam (feat. Ed Sheeran),205,0.0,2022-04-08,449922,308351257,Familia,2022-04-08,Pop,Epic,2053,22824,album,9236850,Camila Cabello,40,3900200
986396452,GIRL LIKE ME,220,0.0,2020-06-18,889293,153541502,Translation,2020-11-02,Pop,Universal Music Division Polydor France,3380,23700,album,1020109,Black Eyed Peas,68,6101410
1563415152,Desesperados,224,0.0,2025-01-11,345510,274810622,VICE VERSA,2021-12-10,Rap/Hip Hop|Pop,Sony Music Latin/Duars Entertainment,2869,18464,album,11289472,Rauw Alejandro,165,2134334
1741494307,Me Porto Bonito,178,0.0,2022-05-06,843766,316164367,Un Verano Sin Ti,2022-05-06,Latino,Rimas Entertainment LLC.,4899,240163,album,10583405,Bad Bunny,88,7982166
2154046487,TQG,199,0.0,2023-02-24,896693,408659277,MAÑANA SERÁ BONITO,2023-02-24,Rap/Hip Hop|Latino,BICHOTA RECORDS / INTERSCOPE RECORDS / UNIVERSAL MUSIC LATINO,3171,42707,album,5297021,KAROL G,76,3408720
1925210387,Hey Mor,196,0.0,2022-10-07,652760,359058387,OzuTochi,2022-10-07,Latino,Aura Music Corp.,3422,5846,album,4937383,Ozuna,168,4730658
923495502,MAMACITA,251,0.0,2020-04-09,798189,140483862,MAMACITA,2020-04-09,Pop,Universal Music Division Polydor France,251,4970,single,1020109,Black Eyed Peas,68,6101410
903698352,Amarillo,157,183.75,2020-03-19,707894,136387572,Colores,2020-03-19,Rap/Hip Hop|Latino,UMLE - Latino,1732,149007,album,4860761,J Balvin,173,10337707
2853398332,Mala buena suerte,165,0.0,2022-03-11,669027,603621612,Mala buena suerte,2022-03-11,Latino,Rimas Entertainment México S.A. de C.V,165,462,single,6851443,Latin Mafia,19,33923
903698442,Blanco,145,99.86,2020-03-19,345705,136387572,Colores,2020-03-19,Rap/Hip Hop|Latino,UMLE - Latino,1732,149007,album,4860761,J Balvin,173,10337707
1741494287,Moscow Mule,245,0.0,2022-05-06,816988,316164367,Un Verano Sin Ti,2022-05-06,Latino,Rimas Entertainment LLC.,4899,240163,album,10583405,Bad Bunny,88,7982166
2496106371,MONACO,267,0.0,2023-10-13,925290,499463651,nadie sabe lo que va a pasar mañana,2023-10-13,Latino,Rimas Entertainment LLC.,4878,89191,album,10583405,Bad Bunny,88,7982166
1065099142,Del Mar,214,0.0,2020-09-04,821663,170109192,ENOC,2020-09-04,Latino,Aura Music Corp.,4324,22805,album,4937383,Ozuna,168,4730658
2074439067,Yandel 150,216,0.0,2022-12-20,708913,387591767,Yandel 150,2022-12-20,Latino,La Leyenda LLC,216,4397,single,517429,Yandel,93,1809416
2710730452,Monotonía,161,0.0,2024-03-22,414758,561958172,Las Mujeres Ya No Lloran,2024-03-22,Pop,Sony Music Latin,3064,22596,album,160,Shakira,71,11697092
1009700502,Tattoo,223,0.0,2020-07-09,649312,158398762,Tattoo,2020-07-09,Rap/Hip Hop|Pop|Latino,Sony Music Latin/Duars Entertainment,223,15488,single,11289472,Rauw Alejandro,165,2134334
2328294525,Chulo pt.2,218,0.0,2023-06-22,674717,453563555,Chulo pt.2,2023-06-22,Latino,Universal Music Latino/Interscope,218,2011,single,11359554,Bad Gyal,64,106161
1079887762,PURO VENENO,247,0.0,2020-10-02,458726,173200472,Calambre,2020-10-02,Rap/Hip Hop|Pop,Sony Music Entertainment,2431,8843,album,12346612,Nathy Peluso,37,98232
1236513562,Demasiadas Mujeres,158,0.0,2021-02-26,526980,206045612,El Madrileño,2021-02-26,Rap/Hip Hop,Sony Music Entertainment,2554,29430,album,5620251,C. Tangana,57,183740
2595262972,Una Foto Remix (feat. Emilia),243,0.0,2024-01-05,566024,526583222,Una Foto Remix (feat. Emilia),2024-01-05,,Mesita,243,1146,single,4051519,Mesita,68,52389
2835962342,LA REINA,153,0.0,2024-06-13,608235,597888242,LA REINA,2024-06-13,Pop|Latino,Universal Music Spain S.L.,153,260,single,48765861,Lola Indigo,74,99756
2168082027,El Merengue,180,0.0,2023-03-17,436568,411961147,2000,2023-03-17,Pop,Sony Music Latin/La Industria,2694,3183,album,7890702,Marshmello,184,3106957
1069058312,Despeinada,224,0.0,2020-09-03,628102,170953892,Despeinada,2020-09-03,Latino,Aura Music Corp.,224,10739,single,4937383,Ozuna,168,4730658
1902534067,MOTOMAMI,61,0.0,2022-09-09,290038,354063347,MOTOMAMI +,2022-09-09,Pop,Columbia,3703,26480,album,554792,ROSALÍA,36,1056290
2971960441,"Alibi Pt. 2 (with Anitta, Pabllo Vittar & Yseult)",176,0.0,2024-09-02,552489,636348211,"Alibi Pt. 2 (with Anitta, Pabllo Vittar & Yseult)",2024-09-06,Latino,Twisted Elegance,726,1150,single,5683028,Sevdaliza,37,70166
2710730362,Puntería,181,0.0,2024-03-22,657247,561958172,Las Mujeres Ya No Lloran,2024-03-22,Pop,Sony Music Latin,3064,22596,album,160,Shakira,71,11697092
1415274362,La Niña de la Escuela,204,0.0,2021-07-01,528635,239883572,La Niña,2021-07-01,Pop|Latino,Universal Music Spain S.L.,2922,1844,album,48765861,Lola Indigo,74,99756
2308217445,La Mamá de la Mamá,219,0.0,2022-11-22,823523,448212345,SAGITARIO,2022-11-22,Pop|Latino,EL JEFE RECORDS LLC,3779,1560,album,1611773,El Alfa,204,492740
1480970322,Linda,144,0.0,2021-09-01,610012,255581632,Linda,2021-09-01,Rap/Hip Hop|Latino,Sony Music Latin,144,4823,single,48947801,Tokischa,80,62086
2566037742,Casanova,244,0.0,2023-12-07,585106,518649842,Casanova,2023-12-07,Rap/Hip Hop,Universal Music MENA Distributed Labels,244,1421,single,10189104,Soolking,87,1875406
2742844861,Guay,210,0.0,2024-04-18,623142,570986561,Guay,2024-04-18,Latino,Aura Music Corp.,210,739,single,4937383,Ozuna,168,4730658
2445182,La Camisa Negra,216,97.0,2004-09-28,560317,240714,Mi Sangre,2004-01-01,Latino,National Own (UC),2714,9652,album,70,Juanes,109,1624325
373969041,Amor Con Hielo,206,136.0,2017-06-23,510146,43226241,Sobre El Amor Y Sus Efectos Secundarios... Y Unas Cuantas Cosas Más (Edición Especial),2017-06-23,Pop,Universal Music Spain S.L.,4291,30542,album,7327640,Morat,74,1095537
623698142,Despacito,228,178.21,2019-02-01,873208,85603632,VIDA,2019-02-01,Pop|Latino,UMLE - Latino,3144,32198,album,6707,Luis Fonsi,88,3148350
645618912,Fuentes de Ortiz,207,104.93,2019-03-12,559270,89774702,mix pa llorar en tu cuarto,2018-03-02,Folk,Universal Music Mexico,1941,41481,album,4458767,Ed Maverick,38,297230
3329939781,Como La Flor (Remastered 2025),184,0.0,2025-04-25,198785,744223531,Entre A Mi Mundo (Remastered 2025),2025-04-25,Pop|Latino,EMI Latin (LAT),2054,73,album,5644,Selena,33,605313
416056622,SUTRA,203,179.76,2017-10-13,521472,49654052,SUTRA,2017-10-13,Pop|Latino,UMLE - Latino,203,22531,single,5266156,Sebastian Yatra,122,2377436
107406138,Por Fin Te Encontré,248,179.76,2015-09-24,588853,11198342,Por Fin Te Encontré,2015-09-24,Pop,Cali y El Dandee Catalog,248,45023,single,2855621,Cali Y El Dandee,61,860010
127245171,Safari,205,179.76,2016-06-24,637848,13420029,Energía,2016-06-24,Rap/Hip Hop|Latino,UMLE - Latino,2927,72892,album,4860761,J Balvin,173,10337707
1076995712,Hasta Ese Día,203,0.0,2020-09-18,350144,172658902,Hasta Ese Día,2020-09-18,Pop|Latino,Universal Music Mexico,203,971,single,5286414,Lasso,76,120384
2445183,Nada Valgo Sin Tu Amor,196,153.7,2004-09-28,432654,240714,Mi Sangre,2004-01-01,Latino,National Own (UC),2714,9652,album,70,Juanes,109,1624325
15515244,Dile,205,187.9,2003-06-17,812163,1433384,The Last Don,2003-06-17,Latino,UMLE - Machete,2794,22105,album,725,Don Omar,70,4033973
3259949651,Inténtalo (feat. América Sierra & El Bebeto) [feat. América Sierra & El Bebeto],193,0.0,2014-01-01,180901,1058383752,Inténtalo,2014-01-01,,Latin Power Music,2674,2,album,1562682,3BallMTY,19,36338
128095671,Traicionera,228,182.13,2016-07-08,614671,13526195,Traicionera,2016-07-08,Pop|Latino,UMLE - Latino,228,33635,single,5266156,Sebastian Yatra,122,2377436
79083710,Diez Mil Maneras,211,153.7,2014-06-17,123645,7863371,Tú Y Yo (Tour Edition),2014-06-17,Pop,Universal Music Spain S.L.,4126,6536,album,4990,David Bisbal,71,759418
102351900,Picky,180,186.2,2015-06-23,568702,10630684,Picky,2015-06-23,Pop|Latino,EMI Latin (LAT),180,34499,single,457763,Joey Montana,80,483411
467428802,El Motorcito,169,118.12,2018-03-02,444288,57997642,El Motorcito,2018-03-02,Rap/Hip Hop,Aftercluv Dancelab,169,1935,single,10735410,Lirico En La Casa,28,18442
94312894,Bailando (Spanish Version),244,182.1,2015-02-09,128415,8467937,SEX AND LOVE (Deluxe),2014-09-22,Pop|Latino,Universal Music Group International,3621,12712,album,2792,Enrique Iglesias,117,5955680
373969101,Mi Nuevo Vicio,241,144.05,2017-06-23,371767,43226241,Sobre El Amor Y Sus Efectos Secundarios... Y Unas Cuantas Cosas Más (Edición Especial),2017-06-23,Pop,Universal Music Spain S.L.,4291,30542,album,1464,Paulina Rubio,35,672817
1215922922,Marimar,201,0.0,2021-01-22,291063,201497332,Marimar,2021-01-22,Pop|Latino,Universal Music Mexico,1181,479,ep,710,Thalia,88,1489009
356003351,A Ella,198,182.13,2017-05-05,390383,40838721,A Ella,2017-05-05,Rap/Hip Hop|Latino,UMLE - Latino,198,25416,single,5297021,KAROL G,76,3408720
2710713682,Amor Prohibido (Remasterizado 2024/30th Anniversary),167,0.0,2024-03-22,194682,561952822,Amor Prohibido (Remasterizado 2024/30th Anniversary),2024-03-22,Pop|Latino,UMLE - Latino,1924,362,album,5644,Selena,33,605313
127245209,Ginza,170,102.08,2016-06-24,709630,13420029,Energía,2016-06-24,Rap/Hip Hop|Latino,UMLE - Latino,2927,72892,album,4860761,J Balvin,173,10337707
91400152,Rompe La Cintura,237,0.0,2014-12-04,436705,9270974,La Esencia World Edition,2014-12-04,Latino,Wild Dogz,3206,11327,album,16708,Alexis y Fido,41,596893
128552581,Deja Que Te Bese,244,104.93,2016-07-15,445850,13580787,Deja Que Te Bese,2016-07-15,Pop|Latino,Universal Music Spain S.L.,244,10778,single,4479,Alejandro Sanz,88,1414523
3255365,Mujer Latina,216,126.8,2004-02-10,402551,310515,Greatest Hits,2004-02-10,Latino,Capitol Latin,3814,17170,album,710,Thalia,88,1489009
1115836,Devuelveme La Vida,232,98.0,2007-09-03,315659,120134,Caricias Al Alma,2005-01-01,Pop,Universal Music Spain S.L.,2292,519,album,78800,Bustamante,36,67209
518459732,Dicen,221,178.21,2018-06-29,257253,66644522,Dicen,2018-06-29,Pop,Universal Music Spain S.L.,221,4126,single,12142,Antonio Orozco,40,120660
4759287,Me Hace Tanto Bien,189,104.9,2009-12-08,275727,438117,Dos Mundos - Evolución,2009-01-01,Pop|Latino,National Own,2408,4073,album,8794,Alejandro Fernández,71,1441271
378743771,Mi Rumbera,209,95.04,2017-07-07,201689,43917411,Mi Rumbera,2017-07-07,Pop,Universal Music Spain S.L.,209,345,single,5528403,Lerica,57,15167
919476,No Estamos Lokos (Kalikeño),259,103.9,2008-06-20,243003,103528,De Aki A Ketama,2008-06-20,Latino,Universal Music Spain S.L.,3312,1850,album,75249,Ketama,22,14491
807704592,Plata Ta Tá,255,0.0,2019-11-15,283170,119097172,Plata Ta Tá,2019-11-15,Rock|Latino,Universal Music Mexico,255,2599,single,5284515,Mon Laferte,68,708058
862584982,Sofia,210,0.0,2020-01-31,1215,176908082,Eterno Agosto,2020-10-02,Pop|Latino,Airforce1,4343,4805,album,7688746,Alvaro Soler,55,480281
355724021,Tú Me Obligaste,203,95.04,2017-05-05,351454,40801501,Tú Me Obligaste,2017-05-05,Pop,Universal Music Spain S.L.,203,3095,single,14306,Antonio José,50,38824
3247664311,Fiebre (Prod. King DouDou),247,0.0,2016-11-11,680110,717737401,Slow Wine Mixtape,2016-11-11,Rap/Hip Hop,Bad Gyal distributed by Altafonte,1523,357,album,11359554,Bad Gyal,64,106161
96149284,Él No Te Da,248,104.9,2014-12-16,404490,9782260,Él No Te Da,2014-12-16,Dance,Roster Music,522,2416,single,1845331,DaSoul,98,19076
766615672,Con Dos Camas Vacías,247,0.0,2019-10-02,291063,113125722,Donde Más Duele (Canta Por Sabina),2002-01-01,Pop,Universal Music Spain S.L.,3709,645,album,143973,Maria Jimenez,85,3592
135370488,Gloria A Ti,225,164.06,2016-11-04,160715,14458998,Gloria A Ti,2016-11-04,Pop,Universal Music Spain S.L.,2428,1376,album,4992,Rosario,31,67142
122701266,Shaky Shaky,233,175.93,2016-04-08,529548,12843768,Shaky Shaky,2016-04-08,Rap/Hip Hop|Latino,Craft Latino,233,51230,single,3839,Daddy Yankee,115,7158867
82181956,Madre Tierra (Oye),208,124.9,2014-08-25,677380,8241996,En Todo Estaré (Deluxe Edition),2014-08-25,Pop,Sony Music Latin,3080,20637,album,3873,Chayanne,71,1729146
6944549,Pasarela,227,189.7,2007-12-11,541647,641228,Broke & Famous,2007-01-01,,Urban Music,4573,17217,album,671073,Ñejo & Dálmata,9,292800
2960714,Noche De Sexo,205,187.9,2006-06-29,669337,259182,Pa'l Mundo,2006-06-29,Rap/Hip Hop|Latino,UMLE - Machete,4021,13124,album,75156,Wisin & Yandel,53,3344370
1360495262,Perdóname,242,0.0,2006-12-04,662023,227078552,Nuevas Metas,2007-01-01,Rap/Hip Hop|Latino,PanamaMusic,2493,1163,album,130797282,La Factoria,33,6293
4114809,Colgando en tus manos (con Marta Sánchez),232,119.8,2008-11-18,566813,383320,Colgando en tus manos (con Marta Sánchez),2008-11-18,Pop|Latino,WM Spain,232,12497,single,13653,Carlos Baute,87,244313
71561216,No Dejes De Soñar,319,95.9,2013-10-29,206677,7030957,Confieso Que He Sentido,2013-10-29,Pop,Universal Music Spain S.L.,3312,2333,album,81127,Manuel Carrasco,58,149089
919478,Se Dejaba Llevar Por Ti,258,129.6,2008-06-20,251619,103528,De Aki A Ketama,2008-06-20,Latino,Universal Music Spain S.L.,3312,1850,album,75249,Ketama,22,14491
105718678,Tu Enemigo,208,179.76,2015-09-04,336002,11016892,El Mundo Y Los Amantes Inocentes,2015-09-04,Pop,Universal Music Spain S.L.,2356,5364,album,4476566,Pablo López,34,73774
420364342,Robarte un Beso,194,189.65,2017-11-10,635655,50321012,VIVES,2017-11-10,Latino,Sony Music Latin,3817,36558,album,7343,Carlos Vives,95,2444389
123103236,DUELE EL CORAZON (feat. Wisin),200,0.0,2025-01-27,852976,12889906,DUELE EL CORAZON (feat. Wisin),2025-01-27,Pop|Pop internationale|Rock|Latino,RCA Records/Sony Music International/Sony Music Latin,200,114064,single,2792,Enrique Iglesias,117,5955680
385097451,"Lo Que Pasó, Pasó",210,97.05,2004-07-13,7830,691271171,Barrio Fino (Bonus Track Version),2005-02-01,Latino,Craft Latino,4277,4914,album,3839,Daddy Yankee,115,7158867
139874035,Despacito (Featuring Daddy Yankee),228,178.21,2017-01-13,6865,15579230,Despacito,2017-02-17,Pop|Latino,UMLE - Latino,228,565098,single,6707,Luis Fonsi,88,3148350
16332995,Ai Se Eu Te Pego (Radio Edit),166,95.9,2012-01-27,13314,43546011,Ai Se Eu Tu Pego (Nossa Nossa),2017-06-22,Pop,zeroseven,494,174,single,1606787,Nooossaa!,0,16
565423972,MIA (feat. Drake),210,97.05,2018-10-11,21763,459361075,MIA (feat. Drake),2018-10-11,Latino,OVO Sound,210,2384,single,10583405,Bad Bunny,88,7982166
796342592,Tusa,200,101.08,2019-11-08,870965,117472272,Tusa,2019-11-08,Rap/Hip Hop|Latino,TUSA - Karol G & Nicki Minaj,200,139073,single,5297021,KAROL G,76,3408720
14948696,Taboo,292,124.9,2010-11-16,607228,1378614,Meet The Orphans,2010-11-16,Rap/Hip Hop|Latino,UMLE - Machete,3834,43504,album,725,Don Omar,70,4033973
619949882,Con Calma,192,187.93,2019-01-24,865545,84880812,Con Calma,2019-01-24,Rap/Hip Hop|Latino,Craft Latino,192,137126,single,3839,Daddy Yankee,115,7158867
519713302,Te Boté (Clean Version),275,96.37,2018-04-20,665318,66921652,Te Boté (Clean Version),2018-04-20,Latino,"2018 Flow La Movie, Inc., distributed by GLAD Empire",275,14793,single,5844239,Darell,130,660535
75212170,Eres Mía,251,0.0,2014-02-25,723185,7441191,"Fórmula, Vol. 2 (Deluxe Edition)",2014-02-25,Latino,Sony Music Latin,4165,256605,album,1272674,Romeo Santos,29,3900909
765849012,Bailando (Spanish Version),244,182.13,2019-10-04,828116,113019482,Greatest Hits,2019-10-04,Pop|Latino,UMLE - Latino,4655,10987,album,2792,Enrique Iglesias,117,5955680
140421777,El Amante,216,179.76,2017-01-20,693373,15119989,Fénix,2017-01-20,Rap/Hip Hop,Sony Music Latin,5247,86022,album,15691,Nicky Jam,124,6428472
140421809,El Perdón (with Enrique Iglesias),206,179.76,2017-01-20,854465,15119989,Fénix,2017-01-20,Rap/Hip Hop,Sony Music Latin,5247,86022,album,2792,Enrique Iglesias,117,5955680
8930372,On The Floor (Radio Edit),231,130.0,2011-02-22,966461,819649,On The Floor,2011-02-22,Pop,Nuyorican Productions / IDJ,231,42429,single,45,Jennifer Lopez,123,6388853
710002412,Dutty Love,285,179.76,2019-07-12,388646,103073782,Urban Hits,2019-07-12,Rap/Hip Hop,UME - Global Clearing House,6172,415,album,725,Don Omar,70,4033973
68771815,Vivir Mi Vida,255,104.9,2013-07-23,696217,6736087,3.0,2013-07-22,Latino,Sony Music Latin,2486,170193,album,112,Marc Anthony,68,2604896
85564924,Fanatica Sensual,240,164.1,2014-09-09,633937,8627654,Love and Sex,2014-09-09,Latino,Pina Records,3587,25424,album,65838,Plan B,28,2267593
493108632,Felices los 4,230,187.93,2018-05-18,762209,62438782,F.A.M.E.,2018-05-18,Rap/Hip Hop,Sony Music Latin,3025,58356,album,1424602,Maluma,137,8072427
13175564,I Need to Know,227,115.2,1999-09-14,401766,1208632,I Need To Know,1999-09-14,Dance,Columbia,455,3642,single,112,Marc Anthony,68,2604896
750918872,Si Te Vas,204,173.71,2019-09-26,554233,110556592,Si Te Vas,2019-09-26,Rap/Hip Hop|Latino,Rich Music,204,14661,single,5412407,Sech,102,1578242
71678228,6 AM,243,175.9,2013-10-29,637553,7042887,La Familia,2013-10-29,Rap/Hip Hop|Latino,Universal Music Mexico,3215,57854,album,4860761,J Balvin,173,10337707
528929701,Calma,180,126.82,2018-07-20,647697,68454691,Calma,2018-07-20,Pop,Sony Music Latin,180,25832,single,294464,Pedro Capó,59,540097
364957401,Chantaje (feat. Maluma),195,0.0,2017-05-26,874967,42014431,El Dorado,2017-05-27,Pop,Sony Music Latin,2636,136824,album,160,Shakira,71,11697092
791449252,Te Robaré,201,175.93,2019-11-01,692122,116943052,Intimo,2019-11-01,Rap/Hip Hop,Sony Music Latin,2753,19676,album,15691,Nicky Jam,124,6428472
71403230,Timber,204,130.0,2013-10-07,931017,7011813,Timber,2013-10-07,Electro|Techno/House|Dance|Rap/Hip Hop|Pop,Mr.305/Polo Grounds Music/RCA Records,204,105692,single,776,Pitbull,181,7254728
734393362,Adicto,270,160.25,2019-08-22,728030,107849482,Adicto,2019-08-22,Latino,NEON16/Interscope Records,270,27813,single,4649104,Tainy,49,366392
69305455,Propuesta Indecente,235,123.0,2013-07-30,714477,6793599,Propuesta Indecente,2013-07-30,Pop|Latino,Sony Music Latin,235,126912,single,1272674,Romeo Santos,29,3900909
482986842,I Like It,253,136.0,2018-04-06,852357,60711332,Invasion of Privacy,2018-04-06,Rap/Hip Hop,Atlantic/KSR,2892,255506,album,9064930,Cardi B,95,2595294
440252642,Rompe,188,175.93,2007-11-20,729103,53375752,20 Number 1's Now,2007-11-20,Latino,2007 20 Number 1's Now,4584,2370,album,3839,Daddy Yankee,115,7158867
140421811,Hasta el Amanecer,197,187.93,2017-01-20,748097,15119989,Fénix,2017-01-20,Rap/Hip Hop,Sony Music Latin,5247,86022,album,15691,Nicky Jam,124,6428472
715415322,Otro Trago (Remix),287,175.93,2019-07-26,637592,104254022,Otro Trago (Remix),2019-07-26,Rap/Hip Hop|Latino,Rich Music,287,29584,single,5412407,Sech,102,1578242
730294552,Fantasias,199,187.93,2019-08-29,616695,107237732,Fantasias,2019-08-29,Latino,"(SME US Latin) Duars Entertainment, Corp. (2)",199,21997,single,11289472,Rauw Alejandro,165,2134334
772603752,RITMO (Bad Boys For Life),222,104.93,2019-10-12,828803,114324482,RITMO (Bad Boys For Life),2019-10-12,Dance|Rap/Hip Hop|Pop|Latino,Epic/We The Best,222,48880,single,1020109,Black Eyed Peas,68,6101410
38776761,Algo Me Gusta De Ti,274,128.0,2012-07-03,603408,3775941,Líderes,2012-01-01,Rap/Hip Hop|Latino,UMLE - Machete,3778,56340,album,75156,Wisin & Yandel,53,3344370
16144913,Llamada De Mi Ex,189,133.8,2012-01-24,290659,1501938,Irreversible... 2012,2012-01-24,Latino,UMLE - Disa,3196,3074,album,345055,La Arrolladora Banda El Limón De Rene Camacho,118,1548024
716383912,Taki Taki,213,95.93,2019-07-25,801230,104455482,Carte Blanche,2019-07-25,Dance,DJ Snake Music Productions Limited,3655,65077,album,482758,DJ Snake,102,5794934
656027552,Con Altura (feat. El Guincho),162,0.0,2019-03-28,766242,91744502,Con Altura (feat. El Guincho),2019-03-28,Pop|Pop internationale|Rock,Columbia,162,63241,single,554792,ROSALÍA,36,1056290
420364332,La Bicicleta,229,179.76,2017-11-10,765905,50321012,VIVES,2017-11-10,Latino,Sony Music Latin,3817,36558,album,7343,Carlos Vives,95,2444389
526395482,Quiere Beber,187,95.04,2018-07-17,13333,88281022,Real Hasta la Muerte,2018-07-17,Latino,"2018 Real Hasta La Muerte, Inc.",2590,58560,album,7961888,Anuel AA,162,2476450
467730662,Ai Se Eu Te Pego! (Ao Vivo),166,192.3,2011-06-03,2220,437053177,Ai Se Eu Te Pego (Ao Vivo),2023-05-04,Musique brésilienne,Virgin Music Label And Artist Services (S&D),166,1434,single,379486,Michel Teló,56,1703298
13188546,Atrévete-Te-Te,241,175.9,2005-11-01,593377,1209523,Calle 13 (Explicit Version),2005-11-01,Rap/Hip Hop,Sony Music Latin,3415,30843,album,111,Calle 13,10,1257937
431481062,Escápate Conmigo (feat. Ozuna),233,183.75,2017-12-01,679203,52060132,Victory,2017-12-01,Rap/Hip Hop,Sony Music Latin,3780,16660,album,15898,Wisin,92,2115339
731498882,"Yo x Ti, Tu x Mi",201,183.75,2019-08-15,769076,107438312,"Yo x Ti, Tu x Mi",2019-08-15,Latino,Columbia,201,21802,single,554792,ROSALÍA,36,1056290
768279812,Quizas,216,175.93,2019-10-11,542182,113515062,The Academy,2019-10-11,Rap/Hip Hop|Latino,Rich Music,1695,40276,album,11471022,RICH MUSIC LTD,6,172969
723952592,Tutu,179,146.09,2019-08-09,608027,105929892,Tutu,2019-08-09,Rap/Hip Hop|Pop|Reggae|Rock|Latino,Sony Music Latin,179,30703,single,58568762,Camilo,60,2277988
73786725,Dile al Amor,229,124.16,2009-06-09,630918,7277208,The Last,2010-04-06,Latino,Premium Latin Music,4526,29315,album,700,Aventura,71,2077356
90269731,Darte un Beso,206,140.1,2014-11-24,631162,9149149,Soy El Mismo (Deluxe Edition),2014-11-24,Latino,Sony Music Latin,3693,51599,album,380955,Prince Royce,59,2628552
734498172,Indeciso,217,95.04,2019-08-23,593549,107875492,Indeciso,2019-08-23,Rap/Hip Hop|Latino,Indeciso,217,9809,single,4476,Reik,76,2915805
1023746652,Hecha Pa' Mi,186,0.0,2020-07-31,737925,161228312,Más Negro Que Rojo,2020-07-31,Rap/Hip Hop,Sony Music Latin,2612,1968,album,1305912,Boza,49,53033
2717330882,Una Vida Pasada,220,0.0,2024-04-03,319539,563650702,dos,2024-04-03,Pop,Sony Music Latin/Hecho a Mano (HAMM),600,670,ep,58568762,Camilo,60,2277988
508790222,Clandestino,232,166.04,2018-06-08,709779,65107062,Clandestino,2018-06-08,Pop,Sony Music Latin,232,50015,single,160,Shakira,71,11697092
3353337101,no tiene sentido,159,0.0,2025-05-15,803344,752270291,BORONDO,2025-05-15,Musique africaine|Rap/Hip Hop,5020 Records,4410,4691,album,68358002,Beele,94,437939
3677908682,Dardos,243,0.0,2025-11-28,849154,863952472,Better Late Than Never,2025-11-28,Pop|Latino,Sony Music Latin,3001,8208,album,1272674,Romeo Santos,29,3900909
1032957942,Hawái,200,0.0,2020-07-29,800736,163017682,Hawái,2020-07-29,Rap/Hip Hop|Pop|Reggae|Latino,Sony Music Latin,200,35342,single,1424602,Maluma,137,8072427
4245657411,El Árbol,182,0.0,2026-09-03,561570,1062931281,El Árbol,2026-09-03,Pop,El Taller Creativo/Sony Music Latin,182,31,single,58568762,Camilo,60,2277988
1349596782,Miénteme,165,0.0,2021-04-29,640928,224353382,Miénteme,2021-04-29,Rap/Hip Hop,Sony Music Latin,165,10808,single,2252591,TINI,82,911551
1370066842,Todo De Ti,203,0.0,2025-01-11,749411,229571852,Todo De Ti,2025-01-11,Dance|Rap/Hip Hop|Pop|Rock|Latino,Sony Music Latin/Duars Entertainment,203,18416,single,11289472,Rauw Alejandro,165,2134334
2350099025,La Morocha,137,0.0,2023-07-07,724356,459639665,La Morocha,2023-07-07,Pop,Sony Music Entertainment Chile S.A,137,809,single,13971299,Luck Ra,84,44843
2498029491,La_Original.mp3,140,0.0,2023-11-02,549604,499990281,La_Original.mp3,2023-11-02,Pop,Sony Music Latin,140,823,single,61094422,Emilia,51,107882
3871739701,ALGO TÚ,213,0.0,2026-03-04,888230,928911381,ALGO TÚ,2026-03-04,Pop|Latino,Sony Music Latin/5020 Records,213,850,single,160,Shakira,71,11697092
1745767007,Quiero Decirte,222,0.0,2022-05-12,719436,317227597,Quiero Decirte,2022-05-12,Pop,Sony Music Entertainment,222,1097,single,320004,Abraham Mateo,79,428716
3427618651,DÓNDE,193,0.0,2025-07-03,620134,777147761,POR SI ALGUIEN NOS ESCUCHA,2025-07-03,Musique africaine|Rap/Hip Hop|Pop,Sony Music Latin/La Industria,2622,1528,album,4479584,Kapo,173,41725
2461269225,ASI ES LA VIDA,172,0.0,2023-09-28,579195,489889825,ASI ES LA VIDA,2023-09-28,Pop|Latino,Sony Music Latin,172,1603,single,2792,Enrique Iglesias,117,5955680
3370856431,QLOO*,149,0.0,2025-05-22,639225,758000131,QLOO*,2025-05-22,Rap/Hip Hop,Sony Music Entertainment Chile S.A,149,391,single,11554747,Young Cister,73,15958
4015019751,EPA,201,0.0,2026-05-15,704384,980622741,EPA,2026-05-15,Pop,RCA Records,201,161,single,4698748,Becky G,111,1867371
110955778,Borro Cassette,217,175.9,2015-10-30,681427,11539532,"Pretty Boy, Dirty Boy",2015-10-30,Rap/Hip Hop,Sony Music Latin,3357,254239,album,1424602,Maluma,137,8072427
4015341011,Dai Dai,223,0.0,2026-05-14,990618,980745831,Dai Dai,2026-05-14,Dance|Rap/Hip Hop|Pop,Sony Music Latin,223,19737,single,160,Shakira,71,11697092
3086954731,Qué Pasaría...,191,0.0,2024-11-15,888515,668910861,Cosa Nuestra,2024-11-15,Rap/Hip Hop,Sony Music Latin/Duars Entertainment,4029,19460,album,11289472,Rauw Alejandro,165,2134334
2118092797,Cupido,174,0.0,2023-02-14,521855,399023697,Cupido,2023-02-14,Pop,5020 Records,174,535,single,2252591,TINI,82,911551
3862522561,Apambichao,147,0.0,2026-03-05,638626,925614711,Apambichao,2026-03-05,Rap/Hip Hop,La Industria/Sony Music Latin,147,181,single,11559031,Manuel Turizo,101,1565086
2788486652,REAL GANGSTA LOVE,145,0.0,2024-05-23,617198,583567512,EL ÚLTIMO BAILE,2024-05-23,Rap/Hip Hop,Sony Music Latin,1785,5293,album,1333264,Trueno,64,516344
4174204352,ME VOY,230,0.0,2026-08-07,156367,1036954902,ME VOY,2026-08-07,Pop,Millo Solo,230,0,single,5952094,Manuel Moore,12,233
2402314685,Según Quién,142,0.0,2023-08-17,653915,474060845,Según Quién,2023-08-17,Pop,Sony Music Latin,142,6725,single,1424602,Maluma,137,8072427
1649460922,MAMIII,226,0.0,2022-02-10,769517,294113562,MAMIII,2022-02-11,Pop|Latino,Kemosabe Records/RCA Records,226,12000,single,4698748,Becky G,111,1867371
3615690322,Las guapas,210,0.0,2025-11-21,456020,842595202,¿Y ahora qué +?,2025-11-21,,Sony Music Entertainment,2404,1091,album,4479,Alejandro Sanz,88,1414523
1741494317,Tití Me Preguntó,243,0.0,2022-05-06,975674,316164367,Un Verano Sin Ti,2022-05-06,Latino,Rimas Entertainment LLC.,4899,240163,album,10583405,Bad Bunny,88,7982166
3879862701,PONGO,192,0.0,2026-03-19,744830,931991361,PONGO,2026-03-19,Musique africaine|Pop,Sony Music Latin,192,425,single,4660899,Rvssian,65,49064
488242202,Sin Pijama,187,187.93,2018-04-20,718748,61617252,Sin Pijama,2018-04-20,Rap/Hip Hop|Pop|Reggae|Latino,Sony Music Latin,187,57886,single,4698748,Becky G,111,1867371
4111093521,LA GUARACHA (Oh Oh Oh),199,0.0,2026-07-02,443949,1013458531,LA GUARACHA (Oh Oh Oh),2026-07-02,Dance|Pop,La Industria/Sony Music Latin,199,56,single,11559031,Manuel Turizo,101,1565086
2280832027,Bailando Bachata,170,0.0,2023-05-25,701968,440645577,Bailando Bachata,2023-05-25,Pop,Sony Music Latin,170,1679,single,3873,Chayanne,71,1729146
3408121131,Solcito,144,0.0,2025-03-13,606034,770459561,Solcito,2025-03-13,Pop,Sony Music Latin,144,88,single,6663664,Miguel Bueno,26,1673
3676306072,Pikito,203,0.0,2025-12-01,378152,863362562,Pikito,2025-12-01,Rap/Hip Hop,Nibiru International/Sony Music Latin,203,97,single,4937383,Ozuna,168,4730658
3663852612,Hips Don't Lie,209,0.0,2025-10-22,912402,859209172,Anniversary | Oral Fixation (20th) and Pies Descalzos (30th) LIVE,2025-10-22,Pop|Latino,Sony Music Latin,976,982,ep,160,Shakira,71,11697092
3713746262,la patadita,147,0.0,2025-12-16,387876,876293082,la patadita,2025-12-16,Pop,5020 Records,147,117,single,68358002,Beele,94,437939
845382192,Muévelo,194,187.93,2020-01-08,627591,125184462,Muévelo,2020-01-08,Rap/Hip Hop|Latino,Sony Music Latin,194,8682,single,3839,Daddy Yankee,115,7158867
3989722231,Último Baile,167,0.0,2026-05-08,433197,971263161,Último Baile,2026-05-08,Pop,Sony Music Latin,167,57,single,320004,Abraham Mateo,79,428716
1928900437,Besos Moja2,229,0.0,2022-12-01,597049,359947737,La Última Misión,2022-12-01,Rap/Hip Hop,Sony Music Latin,4875,3866,album,75156,Wisin & Yandel,53,3344370
563029042,Desconocidos,204,173.71,2018-10-12,609006,74650952,Desconocidos,2018-10-12,Rap/Hip Hop|Pop,Sony Music Latin,204,56290,single,10189722,Mau y Ricky,40,772695
3929004791,Olvidarnos De To' :),201,0.0,2026-04-16,429287,950360921,Olvidarnos De To' :),2026-04-16,Rap/Hip Hop,Sony Music Entertainment,201,19,single,1242174,Cano,317,8372
714210042,China,301,104.93,2019-07-19,781298,104037352,China,2019-07-19,Latino,"2019 Real Hasta La Muerte, LLC.",301,61818,single,7961888,Anuel AA,162,2476450
1260566292,KESI,177,0.0,2021-03-04,562494,211435132,Mis Manos,2021-03-04,Pop,Sony Music Latin,2131,15657,album,58568762,Camilo,60,2277988
3954473951,BOMBÓN,128,0.0,2026-04-16,470909,959128741,BOMBÓN,2026-04-16,Pop,Sony Music Latin/La Industria,128,36,single,4479584,Kapo,173,41725
1324559202,Canción Bonita,169,0.0,2021-04-13,557199,220792412,Canción Bonita,2021-04-13,Pop|Latino,Sony Music Latin,169,3590,single,7343,Carlos Vives,95,2444389
3557468621,Una Noche Más,159,0.0,2025-10-09,484828,822007751,Una Noche Más,2025-10-09,Musique africaine|Pop,5020 Records,159,224,single,2252591,TINI,82,911551
12000067,Bailando por Ahi,182,130.01,2011-05-15,627217,1100622,Bailando por Ahi,2011-05-15,Pop,Columbia,182,4589,single,176977,Juan Magan,175,618839
3960287071,Pa que Brinque,192,0.0,2026-04-16,276681,961365431,Pa que Brinque,2026-04-16,Rap/Hip Hop,Sony Music Latin,192,25,single,6397900,Omar Montes,150,63022
92983220,La Mordidita (feat. Yotuel),211,142.1,2015-02-10,605217,9440036,A Quien Quiera Escuchar,2015-02-10,Pop,Sony Music Latin,2960,23338,album,2789,Ricky Martin,69,2215562
2747325271,Ojos Verdes,141,0.0,2024-04-24,405905,572194101,Ojos Verdes,2024-04-24,Pop,Sony Music Latin/DALE PLAY Records,141,517,single,13299379,Nicki Nicole,63,608953
714480592,Te Quemaste,199,0.0,2019-08-23,548406,104104162,ADN,2019-07-26,Rap/Hip Hop,Sony Music Latin/La Industria,3410,19903,album,11559031,Manuel Turizo,101,1565086
3140108821,Frente al Mar,196,0.0,2024-12-12,529145,683135001,Frente al Mar,2024-12-12,Musique africaine,5020 Records,196,297,single,68358002,Beele,94,437939
130850550,Reggaetón Lento (Bailemos),222,187.93,2016-08-26,694297,13889954,Primera Cita,2016-08-26,Pop,Sony Music Latin,3004,76722,album,9759672,CNCO,48,1212626
3961034571,Focu 'Ranni,170,0.0,2026-04-16,669268,961635041,LUX (Complete Works),2026-04-16,Alternative,Columbia,3605,11941,album,554792,ROSALÍA,36,1056290
3024269221,Qué Pecao,232,0.0,2024-10-03,569043,650283411,Qué Pecao,2024-10-03,Rap/Hip Hop,La Industria/Sony Music Latin,232,479,single,11559031,Manuel Turizo,101,1565086
3257124661,sobelove,135,0.0,2025-03-06,600261,720515711,sobelove,2025-03-06,Rap/Hip Hop,5020 Records,135,482,single,68358002,Beele,94,437939
132634800,Vente Pa' Ca (feat. Maluma),259,0.0,2016-09-22,706286,14101972,Vente Pa' Ca (feat. Maluma),2016-09-22,Rap/Hip Hop|Pop|Pop internationale|Rock|R&B|Soul,Sony Music Latin,259,65510,single,2789,Ricky Martin,69,2215562
3930241091,Te hacen falta dos,161,0.0,2026-04-09,543619,950769691,Apambichao,2026-04-09,Rap/Hip Hop|Pop,La Industria/Sony Music Latin,2255,695,album,11559031,Manuel Turizo,101,1565086
123345682,La Gozadera (feat. Marc Anthony),203,189.65,2016-04-22,761863,12920706,Visualízate,2016-04-22,Latino,Sony Music Latin/Magnus,2829,28724,album,279489,Gente De Zona,78,619013
3564332351,Paris,189,0.0,2025-09-25,493202,824402501,Paris,2025-09-25,Rap/Hip Hop,Sony Music Latin,189,112,single,1305912,Boza,49,53033
1258194702,Machu Picchu,179,0.0,2021-03-01,494210,210847792,Machu Picchu,2021-03-01,Pop|Latino,Sony Music Latin,179,4046,single,58568762,Camilo,60,2277988
3663852572,"Pies Descalzos, Sueños Blancos",185,0.0,2025-10-22,281903,859209172,Anniversary | Oral Fixation (20th) and Pies Descalzos (30th) LIVE,2025-10-22,Pop|Latino,Sony Music Latin,976,982,ep,160,Shakira,71,11697092
364268001,Felices los 4,230,187.93,2017-05-26,464108,41921081,Felices los 4 (4 Versiones),2017-05-26,Rap/Hip Hop,Sony Music Latin,898,58826,single,1424602,Maluma,137,8072427
10496686,On The Floor (Ven a Bailar) (Bonus Track),294,130.0,2011-05-03,444044,960643,LOVE? (Deluxe Edition),2011-01-01,Pop,Nuyorican Productions / IDJ,3728,51183,album,45,Jennifer Lopez,123,6388853
3288087861,blackout ?,180,0.0,2025-03-25,583053,730638231,blackout ?,2025-03-25,Pop|Soul & Funk|Latino,Sony Music Latin,180,552,single,61094422,Emilia,51,107882
3377877901,KORAZONG,177,0.0,2025-06-05,611834,760470781,KORAZONG,2025-06-05,Musique africaine|Rap/Hip Hop|Pop,Sony Music Latin/La Industria,177,171,single,4479584,Kapo,173,41725
364957471,La Bicicleta,229,0.0,2017-05-26,574150,42014431,El Dorado,2017-05-27,Pop,Sony Music Latin,2636,136824,album,7343,Carlos Vives,95,2444389
372868531,Loco Enamorado,254,187.93,2017-06-23,584000,43074691,Loco Enamorado,2017-06-23,Pop|Latino,Sony Music Entertainment,254,15807,single,320004,Abraham Mateo,79,428716
4154648592,que te vaya bien,194,0.0,2026-07-23,557167,1029375002,que te vaya bien,2026-07-23,Rap/Hip Hop|Reggae|Dancehall/Ragga,AWOO Corp./Sony Music Latin,194,29,single,11815065,Ryan Castro,146,309015
3100867631,mi refe,160,0.0,2024-12-05,767742,672597811,mi refe,2024-12-05,Rap/Hip Hop,5020 Records,160,1012,single,68358002,Beele,94,437939
3640140982,Dios Es Un Stalker,130,0.0,2025-11-07,618789,851013072,LUX,2025-11-07,Alternative,Columbia,2965,87869,album,554792,ROSALÍA,36,1056290
3352226511,Bésame,201,0.0,2025-05-22,413413,751876271,Bésame,2025-05-22,Pop,Sony Music Entertainment,201,396,single,4479,Alejandro Sanz,88,1414523
3427618611,X TI,215,0.0,2025-07-03,595057,777147761,POR SI ALGUIEN NOS ESCUCHA,2025-07-03,Musique africaine|Rap/Hip Hop|Pop,Sony Music Latin/La Industria,2622,1528,album,4479584,Kapo,173,41725
1522667852,Tacones Rojos,188,0.0,2021-10-22,637357,265762162,Tacones Rojos,2021-10-22,Pop|Latino,UMLE - Latino,188,4784,single,5266156,Sebastian Yatra,122,2377436
110146986,Chillax (feat. Ky-Mani Marley),197,183.8,2015-10-23,538109,11471678,Visionary,2015-10-23,Rap/Hip Hop,Sony Music Latin,3189,42486,album,614223,Farruko,297,3308545
3002724121,Soltera,214,0.0,2024-09-25,773334,645478941,Soltera,2024-09-25,Latino,Sony Music Latin,214,3955,single,160,Shakira,71,11697092
3824901081,5 Estrellas - W Sound 23,191,0.0,2026-02-04,677977,912141321,5 Estrellas - W Sound 23,2026-02-04,Latino,WEA Latina,191,203,single,167570077,W Sound,9,22655
3241972661,La Plena (W Sound 05),150,0.0,2025-02-20,928157,715794531,La Plena (W Sound 05),2025-02-20,Rap/Hip Hop|Latino,WEA Latina,150,1509,single,167570077,W Sound,9,22655
3981862801,AL GOLPITO,207,0.0,2026-04-23,558814,968389251,AL GOLPITO,2026-04-23,Rap/Hip Hop,Quevedo,207,53,single,6705223,Quevedo,83,300772
3416126361,Blancanieves,151,0.0,2025-06-19,626816,773132771,Blancanieves,2025-06-19,Rap/Hip Hop|Latino,WEA Latina,151,762,single,15304117,Natanael Cano,100,1147762
4249295341,CHAMPAGNE,207,0.0,2026-05-21,254288,1064356961,SUPERARTE,2026-05-21,Rap/Hip Hop|Latino,WEA Latina,2289,14,album,5849210,Justin Quiles,156,960571
2164743217,La Bebe (Remix),234,0.0,2023-03-17,691097,411167397,La Bebe (Remix),2023-03-17,Rap/Hip Hop|Pop,WM Mexico,234,6050,single,144915422,Yng Lvcas,55,9379
3381871861,JOKER,210,0.0,2025-05-27,518761,761630401,JOKER,2025-05-27,Rap/Hip Hop|Latino,WEA Latina,562,157,single,106632,Blessd,134,264494
3368936011,SOLEAO,218,0.0,2025-05-29,686885,757386981,SOLEAO,2025-05-29,Rap/Hip Hop|Latino,WEA Latina,218,473,single,12029862,Myke Towers,181,1703801
4079038081,Caramel,134,0.0,2026-06-18,500422,1002864581,babylona blue,2026-06-18,Pop,WEA Latina,1103,271,ep,11443084,Danny Ocean,61,812647
4079003581,Godzila (W Sound 09),180,0.0,2026-06-10,637704,1002851691,Godzila (W Sound 09),2026-06-10,Rap/Hip Hop,WEA Latina,180,120,single,167570077,W Sound,9,22655
4065274331,Lead,137,0.0,2026-06-09,567349,998804381,Lead,2026-06-09,Rap/Hip Hop,Tu Musica,137,125,single,88,Sean Paul,161,3757723
3321453561,AMISTA,177,0.0,2025-04-24,588482,741268191,AMISTA,2025-04-24,Rap/Hip Hop|Latino,WEA Latina,177,640,single,106632,Blessd,134,264494
3856864621,POR TI,115,0.0,2026-02-19,808175,923504821,POR TI,2026-02-19,,Yapi,115,138,single,6836661,Yapi,45,663
4047401901,UNA NA MAS,196,0.0,2026-05-28,613739,992121361,UNA NA MAS,2026-05-28,Rap/Hip Hop,WEA Latina,196,100,single,12029862,Myke Towers,181,1703801
2159990627,LALA,197,0.0,2023-03-23,762053,410083687,LA VIDA ES UNA,2023-03-23,Rap/Hip Hop|Latino,WEA Latina,4382,9122,album,12029862,Myke Towers,181,1703801
3524679161,COMO OREO,195,0.0,2025-08-28,645150,810492291,COMO OREO,2025-08-28,Rap/Hip Hop|Latino,WEA Latina,195,583,single,106632,Blessd,134,264494
3486464711,Corazón,163,0.0,2025-07-31,567663,797326611,Babylon Club,2025-07-31,Pop,Atlantic Records,2111,1969,album,11443084,Danny Ocean,61,812647
3654878492,THANK YOU BB,206,0.0,2025-11-13,632606,856146172,THANK YOU BB,2025-11-13,Rap/Hip Hop|Latino,WEA Latina,206,95,single,5849210,Justin Quiles,156,960571
4024329201,La Semana,210,0.0,2026-05-21,642381,983729991,No Quiero Que Se Acabe Este Bendito Verano,2026-05-21,Pop,WEA Latina,997,141,ep,1170312,Elena Rose,48,6187
3954591261,Desahógate,118,0.0,2026-04-20,519626,959185421,Desahógate,2026-04-20,Pop,WEA Latina,118,90,single,11443084,Danny Ocean,61,812647
3949568641,PERREO LLORANDO,188,0.0,2026-04-16,489325,957282281,AMOR & DROGA,2026-04-16,Alternative|Latino,WEA Latina,3155,491,album,48947801,Tokischa,80,62086
3171002991,VOY A LLeVARTE PA PR,156,0.0,2025-01-05,919075,693008911,DeBÍ TiRAR MáS FOToS,2025-01-05,Latino,Rimas Entertainment LLC.,3721,204863,album,10583405,Bad Bunny,88,7982166
3061738201,Imagínate,170,0.0,2024-11-07,707942,661858391,Imagínate,2024-11-07,Pop,Atlantic Records,170,765,single,11443084,Danny Ocean,61,812647
2748633221,Mírame,157,0.0,2024-04-17,645864,572596301,Mírame,2024-04-17,Rap/Hip Hop|Latino,WEA Latina,157,2090,single,106632,Blessd,134,264494
3429928271,TENGO CELOS,211,0.0,2025-07-17,523432,777829131,ISLAND BOYZ,2025-07-17,Rap/Hip Hop|Latino,WEA Latina,4513,2031,album,12029862,Myke Towers,181,1703801
3617603552,ALMA,176,0.0,2025-10-23,459955,843208632,Bendito Verano,2025-10-23,Pop|Latino,WEA Latina,1936,398,album,1170312,Elena Rose,48,6187
3429241701,Perlas Negras,203,0.0,2025-07-01,644625,777674821,Porque La Demora,2025-07-01,Rap/Hip Hop|Latino,WEA Latina,3383,5520,album,15304117,Natanael Cano,100,1147762
3076671331,DEPORTIVO,218,0.0,2024-11-14,548615,666178531,DEPORTIVO,2024-11-14,Rap/Hip Hop|Latino,WEA Latina,218,1312,single,106632,Blessd,134,264494
3276087551,Priti,131,0.0,2025-03-20,601111,726599891,Priti,2025-03-20,Pop,Atlantic Records,131,323,single,11443084,Danny Ocean,61,812647
3253057721,MAL DE AMORES,210,0.0,2025-02-27,448428,719351891,MAL DE AMORES,2025-02-27,Rap/Hip Hop|Latino,WEA Latina,210,554,single,12029862,Myke Towers,181,1703801
2925907271,Alegría,165,0.0,2024-08-08,470302,622645711,Alegría,2024-08-08,Rap/Hip Hop|Latino,WEA Latina,165,740,single,49364062,Tiago PZK,87,272954
4037163691,Se Le Ve,159,0.0,2026-06-11,710134,988414891,Se Le Ve,2026-06-11,Rap/Hip Hop,WEA Latina,159,191,single,10957698,Kybba,57,21130
3421339061,EXPECTATIVAS,202,0.0,2025-06-26,461316,774824361,EXPECTATIVAS,2025-06-26,Rap/Hip Hop|Latino,WEA Latina,202,100,single,12029862,Myke Towers,181,1703801
2576659082,SI SABE FERXXO,152,0.0,2024-01-25,521376,521225432,SI SABE,2024-01-25,Rap/Hip Hop|Latino,WEA Latina,2672,3076,album,106632,Blessd,134,264494
3630191212,JOJO,130,0.0,2025-10-30,424213,847515752,JOJO,2025-10-30,Pop,WEA Latina,130,79,single,14343187,Maria Becerra,76,379403
2542594331,LA FALDA,174,0.0,2023-09-18,698950,512659071,LVEU: VIVE LA TUYA...NO LA MIA,2023-11-23,Rap/Hip Hop|Latino,WEA Latina,4067,4199,album,12029862,Myke Towers,181,1703801
3401560381,AyMami,164,0.0,2025-07-03,500533,768156171,AyMami,2025-07-03,Pop,Atlantic Records,164,260,single,11443084,Danny Ocean,61,812647
3382134521,YO y TÚ,198,0.0,2025-06-11,754646,761709051,YO y TÚ,2025-06-11,Rap/Hip Hop|Latino,WEA Latina,198,477,single,9477752,Ovy On The Drums,65,170029
3447342231,TUCHAT,221,0.0,2025-07-07,598396,783796401,TUCHAT,2025-07-07,,Quevedo,221,349,single,6705223,Quevedo,83,300772
3493685471,SE SUPONE,164,0.0,2025-10-09,449060,799968441,SE SUPONE,2025-10-09,Rap/Hip Hop|Latino,WEA Latina,164,150,single,106632,Blessd,134,264494
1776731677,"DANÇARINA (feat. Nicky Jam, MC Pedrinho) (Remix)",212,0.0,2022-06-10,778826,324221967,"DANÇARINA (feat. Nicky Jam, MC Pedrinho) (Remix)",2022-06-10,Musique brésilienne,WM Brazil,212,5246,single,50633822,PEDRO SAMPAIO,67,1749568
2927624661,SE TE NOTA (feat. Peso Pluma),190,0.0,2024-08-22,393072,623096001,LA PANTERA NEGRA,2024-08-22,Rap/Hip Hop|Latino,WEA Latina,3907,2650,album,12029862,Myke Towers,181,1703801
2170492547,Arranca (feat. Omega),166,0.0,2023-03-10,790195,412583757,Arranca (feat. Omega),2023-03-10,Latino,Kemosabe Records/RCA Records,166,2323,single,4698748,Becky G,111,1867371
3365237521,PERVERSA,132,0.0,2025-05-29,623904,756218021,PERVERSA,2025-05-29,Musique brésilienne|Soul & Funk,WM Brazil,132,1083,single,50633822,PEDRO SAMPAIO,67,1749568
3101127881,Dime Que No (feat. Lenier),216,0.0,2024-12-19,479268,672656421,Dime Que No (feat. Lenier),2024-12-19,Rap/Hip Hop|Latino,AGM Ent. Inc,216,118,single,5849210,Justin Quiles,156,960571
3584367661,K HUBO PS MOR,234,0.0,2025-10-02,388683,831561471,K HUBO PS MOR,2025-10-02,Rap/Hip Hop|Latino,WEA Latina,234,140,single,12029862,Myke Towers,181,1703801
3346909081,Vaitimbora,135,0.0,2025-05-02,905208,750035131,Vaitimbora,2025-05-02,Electro,WEA France,135,6090,single,5355382,Trinix,49,92933
2864270462,Mar Azul,151,0.0,2024-07-05,423491,606939522,Mar Azul,2024-07-05,Dance|Latino,WEA Latina,151,186,single,4038501,Piso 21,95,2404229
2846448132,De Vuelta,167,0.0,2024-07-04,434701,601340092,GOTTI A,2024-07-04,Rap/Hip Hop|Latino,WEA Latina,2359,2038,album,49364062,Tiago PZK,87,272954
3284680131,BOTA UM FUNK,105,0.0,2025-04-03,642422,729586171,BOTA UM FUNK,2025-04-03,Musique brésilienne|Soul & Funk,WM Brazil,105,1910,single,50633822,PEDRO SAMPAIO,67,1749568
3779488512,RIDIN,120,0.0,2026-01-29,452222,899197042,RIDIN,2026-01-29,Rap/Hip Hop|Latino,WEA Latina,120,48,single,48947801,Tokischa,80,62086
2413441625,La Verde,181,0.0,2023-09-14,409597,476916235,La Verde,2023-09-14,Rap/Hip Hop|Latino,WEA Latina,181,204,single,5849210,Justin Quiles,156,960571
3399960051,MiuMiu,179,0.0,2025-06-12,367749,767606281,MiuMiu,2025-06-12,Pop|Latino,WEA Latina,179,142,single,4606399,Sofía Reyes,58,165835
1784521937,AEIOU,161,0.0,2022-06-23,537237,325919217,AEIOU,2022-06-23,Rap/Hip Hop|Latino,WEA Latina,161,867,single,5849210,Justin Quiles,156,960571
608410332,MIA,210,0.0,2018-12-23,897079,82541262,X 100PRE,2018-12-23,Latino,Rimas Entertainment LLC.,3230,183808,album,10583405,Bad Bunny,88,7982166
2758436071,ADIVINO,278,0.0,2024-04-25,720397,575521451,ADIVINO,2024-04-25,Dance|Latino,WEA Latina,278,3867,single,12029862,Myke Towers,181,1703801
2923626621,Soltera (W Sound 01),142,0.0,2024-08-06,592701,622108061,Soltera (W Sound 01),2024-08-06,Rap/Hip Hop|Latino,WEA Latina,142,698,single,167570077,W Sound,9,22655
3392864381,CUANDO,186,0.0,2025-06-02,386427,765153791,TRINIDAD BENDITA,2025-06-02,Rap/Hip Hop|Latino,WEA Latina,2206,1229,album,106632,Blessd,134,264494
1852557317,El Que Espera,170,0.0,2022-08-11,572926,343106277,El Que Espera,2022-08-11,Pop,WEA Latina,170,2130,single,4390053,Anitta,180,7401262
3661342592,Baby Boy,187,0.0,2025-11-21,757424,858382172,Destinée,2025-11-21,Musique africaine,Nakamura Industrie,2962,26961,album,8909272,Aya Nakamura,53,2707672
3264490391,Sometimes,178,0.0,2025-03-06,404075,722810321,GOTTI B,2025-03-06,Pop|Latino,WEA Latina,1116,971,ep,49364062,Tiago PZK,87,272954
3355060371,+ Perra + Bitch,198,0.0,2025-06-05,450302,752861431,INDÓMITA,2025-06-05,Latino,WM Mexico,2985,1871,album,6329,Belinda,43,726393
2206719237,Verano,195,0.0,2023-04-20,353368,421347227,Verano,2023-04-20,Rap/Hip Hop|Latino,WEA Latina,195,160,single,106632,Blessd,134,264494
2936419841,OTRA NOCHE (feat. Darell),224,0.0,2024-08-15,423510,625865801,OTRA NOCHE (feat. Darell),2024-08-15,Rap/Hip Hop|Latino,WEA Latina,224,255,single,12029862,Myke Towers,181,1703801
2967318041,HABLAME CLARO,155,0.0,2024-09-12,500193,635139021,HABLAME CLARO,2024-09-12,Rap/Hip Hop|Latino,WEA Latina,155,672,single,517429,Yandel,93,1809416
1958545857,PUNTO G,151,0.0,2022-11-04,687550,365108487,PUNTO G,2022-11-04,,Quevedo,151,1609,single,6705223,Quevedo,83,300772
2280580597,soso (with Ozuna),202,0.0,2023-05-18,614480,440589297,soso (with Ozuna),2023-05-18,Musique africaine,KeyQaad/Sire Records,202,1277,single,56094992,Omah lay,49,352034
2520386631,Piscina,225,0.0,2023-11-08,436097,506545911,Piscina,2023-11-08,Rap/Hip Hop|Latino,WEA Latina,225,704,single,14343187,Maria Becerra,76,379403
3439544421,Manos (I Like To Move It),123,0.0,2025-07-11,485362,781133851,Manos (I Like To Move It),2025-07-11,Pop|Latino,Parlophone (France),123,123,single,89792092,MIMAA,33,3303
2158691167,SUELTAS,163,0.0,2023-03-16,329409,409760977,SUELTAS,2023-03-16,Pop,WM Mexico,375,161,single,4038501,Piso 21,95,2404229
2787758622,El 100,178,0.0,2024-05-23,347804,583446162,El 100,2024-05-23,Pop,WEA Latina,178,150,single,4606399,Sofía Reyes,58,165835
3401560281,CELOS,165,0.0,2025-06-12,446624,768156131,Track 4 + Track 14,2025-06-12,Rap/Hip Hop|Latino,WEA Latina,299,186,single,48947801,Tokischa,80,62086
2618762972,Faldas y Gistros,179,0.0,2024-01-25,334055,534380272,Faldas y Gistros,2024-01-25,Rap/Hip Hop|Latino,WEA Latina,179,514,single,5849210,Justin Quiles,156,960571
1952987777,ULALA (OOH LA LA),188,0.0,2022-11-24,565353,364118617,ULALA (OOH LA LA),2022-11-24,Rap/Hip Hop|Latino,WEA Latina,188,1185,single,12029862,Myke Towers,181,1703801
1539306892,Envolver,193,0.0,2021-11-11,762006,269735002,Envolver,2021-11-11,Pop,WEA Latina,193,15768,single,4390053,Anitta,180,7401262
3240178571,VITAMINA,208,0.0,2025-02-27,694808,715196261,VITAMINA,2025-02-27,Rap/Hip Hop|Latino,WEA Latina,208,923,single,126833282,Jombriel,40,4167
2269250827,Me Enteré,182,0.0,2023-05-18,507418,437633197,Me Enteré,2023-05-18,Rap/Hip Hop|Latino,WEA Latina,182,964,single,49364062,Tiago PZK,87,272954
3992374071,Paris,165,0.0,2026-05-29,356260,972162161,La fille du Garage Perez,2026-05-29,Pop,Parlophone (France),1299,106,ep,89792092,MIMAA,33,3303
3173957511,Vitamina,157,0.0,2025-01-23,547855,694058811,Vitamina,2025-01-23,Pop,Atlantic Records,157,296,single,11443084,Danny Ocean,61,812647
3369319851,Si Las Gatas Se Amotinan (feat. DobleP) (Remix),210,0.0,2025-05-22,476693,757527811,Si Las Gatas Se Amotinan (feat. DobleP) (Remix),2025-05-22,,WM Chile,210,108,single,210508657,Peipper,55,1668
3698199672,VFC,168,0.0,2025-12-19,588054,871012362,VFC,2025-12-19,Pop|Latino,Parlophone (France),168,431,single,89792092,MIMAA,33,3303
2927662981,LA PRIMERA VEZ (feat. NTG),171,0.0,2024-08-08,313669,623108241,LA PRIMERA VEZ (feat. NTG),2024-08-08,Rap/Hip Hop|Latino,WEA Latina,171,1290,single,12029862,Myke Towers,181,1703801
2814867692,SOL,171,0.0,2024-05-30,481534,590855662,SOL,2024-05-30,Rap/Hip Hop|Latino,WEA Latina,171,178,single,48947801,Tokischa,80,62086
2404394345,BORRACHO Y LOCO,171,0.0,2023-09-21,442106,474567225,BORRACHO Y LOCO,2023-09-21,Rap/Hip Hop|Latino,WEA Latina,171,707,single,517429,Yandel,93,1809416
2319511545,CORAZÓN VACÍO,160,0.0,2023-06-22,424744,450805075,CORAZÓN VACÍO,2023-06-22,Rap/Hip Hop|Latino,WEA Latina,160,1132,single,14343187,Maria Becerra,76,379403
2350185445,Columbia,186,0.0,2023-07-07,727363,459659375,Columbia,2023-07-07,,Quevedo,186,2334,single,6705223,Quevedo,83,300772
2531743191,POCPOC,127,0.0,2023-11-23,703273,509641401,POCPOC,2023-11-23,Musique brésilienne,WM Brazil,127,4460,single,50633822,PEDRO SAMPAIO,67,1749568
2674307322,DESATAAA,197,0.0,2024-03-14,406119,551410852,CASSETTE 01,2024-03-14,Rap/Hip Hop|Latino,WEA Latina,1150,1264,ep,9477752,Ovy On The Drums,65,170029
373531191,Me Rehúso,205,104.93,2016-09-16,761612,43159701,Me Rehúso,2016-09-16,Pop,Atlantic Records,205,68049,single,11443084,Danny Ocean,61,812647
3079892761,Pa’ Qué Volviste?,192,0.0,2024-11-15,482724,666962911,Pa’ Qué Volviste?,2024-11-15,Latino,WEA Latina,192,210,single,1170312,Elena Rose,48,6187
2634521122,CASERIO,189,0.0,2024-03-07,327277,539244752,CASERIO,2024-03-07,Rap/Hip Hop|Latino,WEA Latina,189,202,single,517429,Yandel,93,1809416
2277223777,Wazap,199,0.0,2023-05-24,337084,439669747,Wazap,2023-05-24,,WM Mexico,199,111,single,144915422,Yng Lvcas,55,9379
2120686497,LLYLM,174,0.0,2023-01-27,741079,399696997,LLYLM,2023-01-27,Pop,Columbia,174,5843,single,554792,ROSALÍA,36,1056290
3327206341,Dime,161,0.0,2025-04-25,336360,743294041,Dime,2025-04-25,Pop,Parlophone (France),161,24,single,6414478,Lyana,13,352
2242406417,Nos comemos,191,0.0,2023-04-21,317826,430970097,Música Para Que Baile La Bebe,2023-04-21,Latino,Warner Music Group - X5 Music Group,4345,63,album,49364062,Tiago PZK,87,272954
3960297221,Mi amor,251,0.0,2025-07-04,335837,961369671,Mi amor,2025-07-04,Dance|Pop,Space Party,251,4,single,13791,DJ LBR,54,18050
2282544027,tqum,149,0.0,2023-05-25,388451,441064477,tqum,2023-05-25,Pop,WEA Latina,149,711,single,4606399,Sofía Reyes,58,165835
1038602462,"Fuego Del Calor (feat. Ozuna, Tyga & Capo Plaza)",196,0.0,2020-05-28,339489,164300302,"Fuego Del Calor (feat. Ozuna, Tyga & Capo Plaza)",2020-05-28,Pop|Latino,Atlantic Records,196,250,single,4403841,Scott Storch,20,2364
2045122487,PLAYA DEL INGLÉS,237,0.0,2022-12-15,686866,382414087,PLAYA DEL INGLÉS,2022-12-15,,WM Spain,237,1528,single,6705223,Quevedo,83,300772
2067040937,Whiskey y Coco,186,0.0,2023-01-12,502131,385967737,Whiskey y Coco,2023-01-12,Rap/Hip Hop|Latino,WEA Latina,186,639,single,5849210,Justin Quiles,156,960571
3272098661,TE CANTO BAJITO,178,0.0,2025-03-18,432753,725250451,TE CANTO BAJITO,2025-03-18,Rap/Hip Hop|Latino,WEA Latina,178,548,single,106632,Blessd,134,264494
2160302277,En Bajita,209,0.0,2023-03-16,418003,410166787,En Bajita,2023-03-16,Rap/Hip Hop|Latino,WEA Latina,593,421,single,5849210,Justin Quiles,156,960571
2159990427,MI DROGA,163,0.0,2023-03-23,420417,410083687,LA VIDA ES UNA,2023-03-23,Rap/Hip Hop|Latino,WEA Latina,4382,9122,album,12029862,Myke Towers,181,1703801
2268131047,VUELA,193,0.0,2023-05-24,336771,437372237,VUELA,2023-05-24,Rap/Hip Hop|Latino,WEA Latina,193,88,single,9477752,Ovy On The Drums,65,170029
2294910995,Diabla,170,0.0,2023-06-09,350822,444760245,Diabla,2023-06-09,Pop,Hottaprod,170,51,single,6928727,Shad Hottaboy,8,2073
2123446907,T'as peur,215,0.0,2023-01-27,533200,400388367,DNK,2023-01-27,R&B,Rec. 118,2508,53740,album,8909272,Aya Nakamura,53,2707672
1482418942,Mal de Amores,188,0.0,2021-09-10,472770,255939352,Mal de Amores,2021-09-10,Pop,WEA Latina,188,2499,single,4606399,Sofía Reyes,58,165835
2326322355,BILLBOARD,234,0.0,2023-06-28,353293,453019105,BILLBOARD,2023-06-28,Rap/Hip Hop|Latino,WEA Latina,427,239,single,9477752,Ovy On The Drums,65,170029
3397984611,Ma Luna,139,0.0,2025-06-13,366581,766933391,Ma Luna,2025-06-13,Pop,Parlophone (France),139,48,single,207456147,Léa Zelia,7,1644
2336806375,ASQUEROSO,159,0.0,2023-07-13,301905,456018175,ASQUEROSO,2023-07-13,Rap/Hip Hop|Latino,WEA Latina,159,112,single,49364062,Tiago PZK,87,272954
1684955437,ROMANCE,180,0.0,2022-04-01,348051,302781137,ROMANCE,2022-04-01,Rap/Hip Hop|Latino,WM Italy,180,243,single,4077892,Fred De Palma,49,90832
791449262,X,172,179.76,2019-11-01,801136,116943052,Intimo,2019-11-01,Rap/Hip Hop,Sony Music Latin,2753,19676,album,15691,Nicky Jam,124,6428472
457086912,"1, 2, 3 (feat. Jason Derulo & De La Ghetto)",201,95.04,2018-02-16,732672,56225122,"1, 2, 3 (feat. Jason Derulo & De La Ghetto)",2018-02-16,Pop,WEA Latina,201,31546,single,4606399,Sofía Reyes,58,165835
2156158667,Tormenta (feat. Bad Bunny),193,0.0,2023-02-24,646629,409107027,Cracker Island,2023-02-24,Alternative,Parlophone UK,2246,26133,album,14,Gorillaz,92,3013297
3177942751,"ACEITE DE COCO (feat. Ryan Castro, De La Ghetto, Darell, Sahir, Hades66, Kris R.)",401,0.0,2025-01-13,391665,695330121,"ACEITE DE COCO (feat. Ryan Castro, De La Ghetto, Darell, Sahir, Hades66, Kris R.)",2025-01-13,Rap/Hip Hop|Latino,WEA Latina,401,465,single,106632,Blessd,134,264494
1286911582,Tiroteo (Remix),321,0.0,2021-04-01,700376,217695992,Tiroteo (Remix),2021-04-01,Rap/Hip Hop|Latino,WEA Latina,321,4364,single,50178832,Marc Segui,9,9031
1506996362,El Incomprendido,267,0.0,2021-09-30,546373,261956092,El Incomprendido,2021-09-30,Electro|Rap/Hip Hop,Sony Music Latin,267,1563,single,614223,Farruko,297,3308545
1501976292,Tú no me conoces,149,0.0,2021-09-30,439588,260715672,Tú no me conoces,2021-09-30,Pop,Atlantic Records,149,1146,single,11443084,Danny Ocean,61,812647
1958684627,Luna,148,0.0,2022-11-10,338879,365130557,Luna,2022-11-10,Pop,WEA Latina,148,170,single,4606399,Sofía Reyes,58,165835
1591244852,"La Pared 720 (feat. Justin Quiles, Brray)",276,0.0,2022-01-06,369758,280458862,"La Pared 720 (feat. Justin Quiles, Brray)",2022-01-06,Rap/Hip Hop|Latino,WEA Latina,276,774,single,7208392,Lenny Tavarez,127,1040364
3113470,We Are Your Friends (Justice Vs Simian),262,123.0,2006-08-07,1188,394243227,We Are Your Friends,2006-08-07,Dance,[PIAS] Recordings Catalogue,2070,1233,album,6404,Justice,44,807650
3369072,Cherry Blossom Girl,219,149.8,2004-01-26,631412,320430,Talkie Walkie,2004-01-26,Electro,Parlophone (France),2600,35884,album,369,Air,25,340914
15583799,You Are My High (2024 Remastered),229,0.0,1999-01-01,737808,1440373,Midnight Funk,1999-01-01,Electro,Help Yourself,4066,4645,album,7914,Demon,22,10612
70179720,Lady (Hear Me Tonight),307,126.0,2001-01-01,870128,6883573,Modjo (Remastered),2001-09-24,Dance|Pop,Modjo Music,3109,11464,album,1545,Modjo,2,37122
12746071,Signatune (Thomas Bangalter Edit),218,123.0,2007-05-07,8902,66208782,Lucky Boy At Night,2007-05-07,Electro,Ed Banger Records,3836,3923,album,12003,DJ Mehdi,22,80706
3167886,Walking On A Dream,195,126.8,2009-02-16,8796,398684,Walking On A Dream (Special Edition),2009-11-20,Alternative,Capitol Records,6161,45705,album,185473,Empire of the Sun,33,446924
2149179,Tonight (Radio Edit),191,128.8,2008-09-22,529371,215282,Tonight,2008-01-01,Dance,Universal Music Division Label Fontana Distribution Deal,1359,3822,ep,72041,Yuksek,105,118609
6207143,Pop The Glock,210,112.0,2010-06-14,8902,54279502,Sex Dreams And Denim Jeans,2010-06-14,Electro,Ed Banger Records,3311,1200,album,5317,Uffie,37,61322
915779,Paris Is Burning (Radio Edit),211,123.0,2008-06-29,370174,103181,Paris Is Burning (Radio Edit),2008-06-29,Pop,Universal-Island Records Ltd.,211,451,single,75222,Ladyhawke,28,28198
7928588,Intro,294,123.8,2000-04-01,2235,306763507,Running,2000-11-06,Dance,Smugglers Way,688,988,single,11703,Alan Braxe,27,14422
3731377,Heavy Cross (Fred Falke Remix),488,126.0,2009-06-08,476814,350319,Heavy Cross,2009-06-08,Alternative|Pop,Columbia,730,1062,single,3759,Gossip,38,173548
1115052202,Lucky Star 20th Anniversary Mix (feat. Ron Carroll) [Radio Edit],224,0.0,2020-11-13,411660,180760752,Lucky Star 20th Anniversary Mix,2020-11-13,Electro,Wagram Music / Balagan Music,519,37,single,3049,Superfunk,56,7661
66221587,Look,274,89.9,2008-02-25,7894,572789271,Sexuality,2008-02-24,Electro,Record Makers,3025,4285,album,1408,Sébastien Tellier,62,182201
883427,This Boy's In Love (Lifelike Remix),416,126.0,2008-05-31,382111,100269,This Boy's In Love,2008-05-31,Electro,MODULAR,1267,129,ep,9164,The Presets,35,25045
8104352,With Every Heartbeat (Album Version),253,120.9,2007-09-17,1069,171402322,Robyn,2009-11-27,Pop,Universal-Island Records Ltd.,2756,993,album,2648,Robyn,72,176960
88642085,Starlight,361,127.6,2014-11-03,2764,8958511,French Touch - Electronic Music Made In France,2014-11-03,Electro,Wagram Music,6591,4329,album,153394,The Supermen Lovers,53,16243
3755127,So Electric,403,126.0,2007-07-08,9221,1048438172,So Electric,2007-07-08,Electro|Techno/House|Dance,BEAT Music Fund,786,2,ep,11265,Lifelike,43,8863
3781914,The Man With The Red Face,550,132.1,2000-03-27,569495,355177,The Man With The Red Face,2000-03-27,Electro|Dance,F Communications,1182,2525,single,5469,Laurent Garnier,51,107681
7275455,Lights & Music,277,126.0,2008-03-22,19038,759223,In Ghost Colours (Deluxe),2008-01-01,Electro,Universal Music Australia Pty. Ltd.,4278,776,album,10848,Cut Copy,48,68609
141489243,Ooh La La,204,144.56,2005-08-17,8881,904906392,Supernature,2013-08-01,Alternative,"Mute, a BMG Company",3218,287,album,108,Goldfrapp,47,196165
850423,Mad About You,223,170.1,2000-09-26,771821,97918,The Magnificent Tree,2000-09-26,Pop,Epic,2728,17474,album,1805,Hooverphonic,87,195960
123283826,Sometimes,253,124.9,2010-08-20,21507,303896407,Illumination,2010-08-20,Electro,Nettwerk Music Group,2900,617,album,241773,Miami Horror,36,60114
440720432,In The Waiting Line,271,157.8,2010-06-25,2755,756221891,RECORD,2010-06-25,Electro|Dance,Chrysalis Records,4912,277,album,608,Zero 7,57,182760
109713884,Eple,218,106.6,2001-08-22,368706,11429868,Melody A.M.,2001-08-22,Dance,Parlophone (France),2824,12982,album,480,Röyksopp,138,357737
132147308,Lisztomania (Classixx Version),304,107.95,2009-06-15,25063,300132,Kitsuné: Lisztomania (Remixes),2009-06-15,Electro|Techno/House|Pop|Rock,Kitsuné Musique,933,793,single,15,Phoenix,39,628321
4204382,Raid on the radio,227,0.0,2009-09-21,470100,391555,Hôtel Costes 12,2009-09-21,Electro,Pschent Music,4604,23127,album,4893,General Elektriks,22,41752
2701972,Trans Boulogne Express,206,131.7,2009-01-05,466785,261135,Manual for successful rioting,2009-01-01,Electro,Jive Epic,2882,29779,album,1215,Birdy Nam Nam,19,255202
4198565,Poison Lips,234,126.4,2009-09-28,22089,846022902,Flashmob,2009-09-28,Electro|Dance|Disco,Citizen Records,3123,641,album,641,Vitalic,39,340440
61434983,& Down,258,123.05,2007-07-13,403867,6020344,Oi Oi Oi,2007-07-13,Dance,Boysnoize Records,4095,3437,album,9907,Boys Noize,123,168708
8163648,Cocotte,262,126.8,2007-03-26,4817,526854012,Cocotte,2023-12-26,Electro|Dance|Disco,Cocotte Records,4762,40,album,15916,Teenage Bad Girl,18,13448
131421268,My Moon My Man (Boys Noize Classic Mix),402,124.53,2007-06-11,10188,250068,Kitsuné Maison Compilation 4,2007-06-11,Electro,Kitsuné Musique,4006,553,album,644,Feist,21,201642
131421800,Zdarlight,383,123.78,2005-10-03,13459,250051,Kitsuné Maison Compilation,2005-10-03,Electro|Techno/House,Kitsuné Musique,3390,637,album,2508,Digitalism,87,161510
66221584,La ritournelle,455,102.8,2007-11-09,6996,573603261,Narco (Original Motion Picture Score),2007-11-13,Films/Jeux vidéo|Musiques de films,Record Makers,2312,199,album,1408,Sébastien Tellier,62,182201
68943068,Genesis,234,116.8,2007-06-18,3143,324458367,D.A.N.C.E. (Extended),2022-06-10,Electro,Ed Banger Records,3249,1328,album,6404,Justice,44,807650
17521807,Nightdrive With You,328,124.2,2008-09-08,291615,1639602,Nightdrive With You,2008-09-08,Electro,Grand Blanc,2251,1085,ep,81290,Anoraak,16,18749
90366987,Am I Wrong,233,124.9,2000-01-01,9126,265866,Tempovision,2000-01-01,Electro,Pixadelic,3595,1511,album,2318,Etienne de Crécy,73,110226
106306650,Rej,488,124.91,2008-05-05,333519,11084662,Rej EP,2008-05-05,Electro,Engoli,951,473,ep,9085,Âme,35,19604
3128917,Blind,376,118.5,2008-03-10,548651,301722,Hercules & Love Affair,2008-03-10,Dance,Parlophone UK,2771,8645,album,153920,Hercules & Love Affair,55,19437
3097468,Emerge,287,0.0,2003-02-13,509394,299719,Emerge,2003-02-13,Electro,Capitol Records,1383,1273,ep,1575,Fischerspooner,27,23762
35946821,Rose rouge,416,118.1,2000-05-05,629849,3491981,Tourist (Remastered),2012-06-25,Electro,Parlophone (France),3622,56905,album,1469025,St Germain,28,70546
26814401,I Feel Space,421,122.0,2005-04-01,22201,77866082,I Feel Space,2005-04-01,Electro|Dance|Disco,Feedelity Recordings,971,180,single,277090,Lindstrøm,80,5810
3095118,Daft Punk Is Playing at My House,314,0.0,2005-01-24,548781,299584,LCD Soundsystem,2005-01-24,Pop,Parlophone UK,6020,21252,album,642,LCD Soundsystem,41,179044
420974092,Miura,404,123.05,2017-10-27,509556,50427872,Metro Area (15th Anniversary Edition),2017-10-27,Electro|Dance,Environ,4283,1888,album,11307,Metro Area,4,5730
78304463,The Weekend (Radio Edit),192,126.8,2004-10-04,742120,7787141,The Weekend,2004-10-04,Dance,Altra Moda Music,1683,3162,ep,5692,Michael Gray,131,7257
85568196,Call On Me (Radio Edit),171,126.4,2004-09-13,7871,15632846,Call on Me (Radio Mix),2004-09-10,Electro|Techno/House|Dance,Pryda Presents,171,2988,single,30,Eric Prydz,23,208188
93853162,Pjanoo (Radio Edit),157,126.0,2008-09-01,21184,15679964,Pjanoo (Radio Edit),2008-08-29,Electro|Dance,Pryda Presents,157,236,single,30,Eric Prydz,23,208188
1114768,Blink (Radio Edit),213,128.0,2007-11-19,594381,120021,Blink,2007-11-19,Dance,Universal Music Division Mercury Records,213,460,single,15667,John Dahlbäck,421,97177
61376645,Hit My Heart (Sfaction Radio Edit),196,0.0,2021-09-13,715722,6013889,Hit My Heart (Official Recordings Full Package),2021-09-13,Electro|Techno/House|Dance,D:Vision,2081,954,album,33,Benassi Bros.,17,17715
3135553,One More Time,320,0.0,2001-03-12,930849,302127,Discovery,2001-03-07,Electro,Daft Life Ltd./ADA France,3662,340917,album,27,Daft Punk,39,5202048
3135554,Aerodynamic,212,0.0,2001-03-12,735142,302127,Discovery,2001-03-07,Electro,Daft Life Ltd./ADA France,3662,340917,album,27,Daft Punk,39,5202048
3135556,"Harder, Better, Faster, Stronger",226,0.0,2001-03-12,810329,302127,Discovery,2001-03-07,Electro,Daft Life Ltd./ADA France,3662,340917,album,27,Daft Punk,39,5202048
7285044,Hot Summer Night,187,126.8,2009-08-19,8873,234044522,La Vida Viene y Va,2009-08-19,Pop,Team 33 Music S.L.,3295,681,album,10892,David Tavare,15,7269
72067705,No Stress,198,0.0,2013-11-22,15943,7080152,10 Years Armada,2013-11-22,Dance|Trance,Armada Music Albums,4985,1014,album,2597,Laurent Wolf,53,128635
3432592,The World Is Mine,219,128.0,2004-06-04,659721,325808,Guetta Blaster,2004-06-04,Dance,Parlophone (France),2830,35242,album,188932,Joachim Garraud,88,103647
3544008,Love Don't Let Me Go,216,126.8,2002-05-20,553853,335434,Just a Little More Love,2002-06-10,Dance,Parlophone (France),3177,18551,album,542,David Guetta,395,20097437
3107314,Baby When the Light (feat. Cozi),208,130.0,2007-06-01,660284,300383,Pop Life,2007-06-15,Dance,Parlophone (France),3276,56850,album,542,David Guetta,395,20097437
3107326,Love Is Gone (Fred Riester & Joachim Garraud Radio Edit Remix),199,128.0,2007-06-01,654232,300383,Pop Life,2007-06-15,Dance,Parlophone (France),3276,56850,album,542,David Guetta,395,20097437
13275690,Sexy Bitch (feat. Akon),195,130.01,2010-11-22,6905,95314202,One More Love,2011-08-05,Dance,Parlophone (France),3519,14156,album,542,David Guetta,395,20097437
13275691,Memories (feat. Kid Cudi),210,130.0,2010-11-22,21757,95314202,One More Love,2011-08-05,Dance,Parlophone (France),3519,14156,album,542,David Guetta,395,20097437
3445820,When Love Takes Over (feat. Kelly Rowland),191,130.01,2009-04-17,839162,327004,When Love Takes Over,2009-04-17,Dance,Parlophone (France),191,14392,single,542,David Guetta,395,20097437
13275689,Gettin' Over You (feat. Fergie & LMFAO),187,130.0,2010-11-22,25141,95314202,One More Love,2011-08-05,Dance,Parlophone (France),3519,14156,album,542,David Guetta,395,20097437
3107318,Tomorrow Can Wait,189,128.0,2007-06-01,560544,300383,Pop Life,2007-06-15,Dance,Parlophone (France),3276,56850,album,542,David Guetta,395,20097437
2544057,"World, Hold On",401,126.8,2006-05-29,9653,774510041,Western Dream,2008-11-18,Dance,Yellow Productions,4235,484,album,157,Bob Sinclar,209,1918897
2544054,Love Generation,532,128.0,2006-05-29,27086,774510041,Western Dream,2008-11-18,Dance,Yellow Productions,4235,484,album,157,Bob Sinclar,209,1918897
3942043,Lala Song (Original Radio Edit),212,128.0,2009-01-01,6986,552023122,Lala Song,2009-07-22,Dance,Yellow Productions,4584,136,album,157,Bob Sinclar,209,1918897
16020984,Tik Tok,186,130.0,2011-01-01,21504,558721232,Disco Crash,2011-01-01,Electro,Yellow Productions,3144,546,album,157,Bob Sinclar,209,1918897
74176271,Music Sounds Better with You (In the Style of Stardust) (Karaoke Version),229,123.8,2013-12-18,329201,7322283,Music Sounds Better with You (In the Style of Stardust) (Karaoke Version) - Single,2013-12-18,Alternative|Pop,2013 Ameritz Music Ltd,229,1490,single,1440439,Ameritz Audio Karaoke,500,538
2110260,Rejection (Radio),218,127.6,2007-01-01,21864,901489712,Rejection,2007-01-01,Electro,BMG Rights Management France SARL,4510,14,album,2046,Martin Solveig,105,1665942
204074,Unidos Para La Musica (Cosa Nostra Mix),232,128.0,2007-06-11,423760,40257,Rendez-vous,2007-06-11,Electro|Dance,DJ Center,4399,6451,album,4600,David Vendetta,64,63704
204076,Love to love you baby,207,128.0,2007-06-11,336232,40257,Rendez-vous,2007-06-11,Electro|Dance,DJ Center,4399,6451,album,4600,David Vendetta,64,63704
204075,Break 4 Love,241,128.0,2007-06-11,324693,40257,Rendez-vous,2007-06-11,Electro|Dance,DJ Center,4399,6451,album,4600,David Vendetta,64,63704
3097498,Four to the Floor (Thin White Duke Mix),492,123.05,2003-10-07,530758,299728,Four To The Floor,2003-10-07,Rock,Parlophone UK,1005,3889,single,1276,Starsailor,53,33060
1572686,Everybody,257,128.0,2006-12-04,22083,905270262,So Far,2026-01-28,Electro,BMG Rights Management France SARL,3193,174,album,2046,Martin Solveig,105,1665942
1572694,Jealousy,317,124.9,2006-12-04,10188,905270262,So Far,2026-01-28,Electro,BMG Rights Management France SARL,3193,174,album,2046,Martin Solveig,105,1665942
1572689,Madan,290,128.0,2006-01-01,1554,905270262,So Far,2026-01-28,Electro,BMG Rights Management France SARL,3193,174,album,1399,Salif Keita,57,105146
1572691,Rejection,217,127.6,2007-01-01,26330,905270262,So Far,2026-01-28,Electro,BMG Rights Management France SARL,3193,174,album,2046,Martin Solveig,105,1665942
137225402,Boys & Girls,224,130.83,2008-01-01,27023,906951512,Boys & Girls,2010-01-01,Electro,BMG Rights Management France SARL,1752,21,ep,2046,Martin Solveig,105,1665942
73460627,Leave The World Behind (Radio Edit),161,128.0,2009-05-04,655505,7233729,Leave The World Behind,2009-05-04,Electro|Techno/House|Dance,Axtone Records,2806,2139,album,3847,Axwell,69,624968
73460560,Feel The Vibe,426,128.0,2005-07-16,374759,7233717,Feel The Vibe,2009-07-26,Electro|Techno/House|Dance,Axtone Records,3795,950,album,3847,Axwell,69,624968
4694989,No Superstar (Radio Mix),219,128.0,2009-11-16,662892,432087,No Superstar,2009-11-16,Dance,Happy Music,3930,2520,single,310264,Remady,90,62978
6339760,Give Me A Sign (Radio Edit),195,128.0,2010-06-04,555536,582171,Give Me A Sign,2010-06-04,Dance,Happy Music,4753,3709,single,310264,Remady,90,62978
7155250,Do It On My Own (Radio Edit),182,128.0,2010-09-03,420981,660009,Do It On My Own,2010-09-03,Dance,Happy Music,182,986,single,810842,Remady feat. Craig David,0,417
912832,Apocalypse (Original Mix),495,0.0,2008-02-25,205762,102855,Apocalypse,2008-02-25,Dance,Universal Music Division Capitol Music France,1281,115,single,75141,Arno Cost,50,17140
133185992,Aqualight,386,0.0,2006-08-17,353678,14177698,Mistakes EP,2006-08-17,Electro,Rising Music,728,91,ep,11799,Chris Lake,106,303235
64920072,Nightcall,259,91.1,2013-02-25,933072,6358418,OutRun,2013-02-25,Electro,Universal Music Division Virgin Records,2667,129953,album,13358,Kavinsky,13,494096
72363411,You & Me (Flume Remix),282,149.8,2013-11-11,770405,7112602,Flume (Deluxe Edition),2013-11-11,Electro,Transgressive,4592,57583,album,409796,Disclosure,84,985658
75526535,Latch,257,122.0,2014-03-05,811242,7480190,Settle (Special Edition),2014-01-01,Electro,Universal-Island Records Ltd.,7726,61421,album,409796,Disclosure,84,985658
3155983,Technologic,284,127.6,2005-03-11,629806,303459,Human After All,2005-03-14,Dance,Daft Life Ltd./ADA France,2734,107041,album,27,Daft Punk,39,5202048
99665104,Time to Dance,196,144.1,2015-05-12,8864,73913082,Crack My Bones,2015-05-12,Pop,Universal Music Division Virgin Records,4163,2911,album,152798,The Shoes,8,67363
13534997,Jaded Future,212,140.1,2011-09-19,400342,1239560,Defiant Order,2011-09-19,Electro,Jive Epic,3142,13642,album,1215,Birdy Nam Nam,19,255202
68944992,Embody,225,104.9,2011-05-03,1461,1031797,Total,2011-05-27,Electro,Ed Banger Records,3075,10510,album,8937,SebastiAn,21,77106
410960202,Sunset Lover,238,0.0,2017-11-10,490524,48868802,Presence,2017-11-10,Electro|Dance,Petit Biscuit Music,3223,51884,album,7912872,Petit Biscuit,52,536856
395141722,Odessa,315,118.12,2010-04-16,18180,523121232,Swim,2010-01-01,Electro,City Slang,2586,2075,album,3892,Caribou,20,177114
136125820,Randy,398,100.35,2016-11-18,20960,54265452,Woman,2016-11-18,Electro,Genesis,3250,12694,album,6404,Justice,44,807650
61043339,Stamina,222,132.9,2012-11-05,8898,846022862,Rave Age,2012-11-06,Electro,Citizen Records,2801,463,album,641,Vitalic,39,340440
70078385,Dead Living Things,285,136.0,2014-01-24,304520,6872797,Glow,2013-09-02,Electro,Warp Records,3795,5477,album,3769,Jackson and His Computer Band,4,8250
404807342,Can't Do Without You,236,128.0,2015-03-10,18521,523159372,Our Love (Expanded Edition),2015-03-11,Electro,City Slang,5109,1262,album,3892,Caribou,20,177114
5936380,Drunk Girls,222,144.1,2010-05-17,374875,539508,This Is Happening,2010-05-17,Pop,Parlophone UK,3911,22591,album,642,LCD Soundsystem,41,179044
74635185,4:30,271,128.8,2010-01-25,18173,136976582,09/17 2007,2010-02-01,Electro|Dance,1789,1464,669,ep,86066,Danger,8,42585
99029032,Sky and Sand,231,126.8,2013-07-12,1625,321004297,Berlin Calling (The Soundtrack by Paul Kalkbrenner),2013-07-12,Electro,Paul Kalkbrenner Musik,3396,13310,album,6377,Paul Kalkbrenner,58,721129
65007861,Cirrus,352,119.2,2013-04-15,547388,6367728,The North Borders,2013-04-15,Electro,Ninja Tune,3525,37746,album,2108,Bonobo,57,364483
77918556,Photomaton,280,101.1,2014-05-05,619923,7745251,Photomaton,2014-05-05,Electro,Universal Music Division Label Panthéon,816,7255,single,252475,Jabberwocky,21,129350
54519711,Down The Road,205,110.8,2012-09-03,735621,5302151,Tetra,2012-01-01,Electro,Universal Music Division Virgin Records,3640,233229,album,1530634,C2C,1,509553
97003740,Unlive,249,179.8,2015-04-06,15951,747318551,Opening,2015-04-06,Electro,Banville,2063,340,album,4048202,Superpoze,22,37906
140813711,Better Give U Up,256,91.88,2017-03-03,446213,15178985,French Kiwi Juice,2017-03-03,Electro|Dance,Roche Musique,2833,33508,album,4738512,FKJ,36,156584
54519831,F.U.Y.A.,302,128.8,2012-09-03,585488,5302151,Tetra,2012-01-01,Electro,Universal Music Division Virgin Records,3640,233229,album,1530634,C2C,1,509553
376023261,One Life Stand,321,120.19,2010-02-01,492156,43540601,One Life Stand,2000-01-01,Electro,Domino Recording Co,2960,3072,album,4032,Hot Chip,80,142619
11272703,Always On The Run,224,123.8,2011-06-13,470383,1031774,Living On The Edge Of Time,2011-06-13,Electro,Universal Music Division Label Fontana Distribution Deal,2650,14535,album,72041,Yuksek,105,118609
68952835,Baby I'm Yours (feat. Irfane),215,118.1,2012-09-17,2366,5621901,By Your Side,2012-09-17,Electro,Ed Banger Records,2756,24743,album,289345,Breakbot,16,183970
90985157,You're On (feat. Kyan),192,100.1,2014-12-08,486174,9227407,You're On (feat. Kyan),2014-12-08,Alternative|Pop Indé|Electro|Electro Pop/Electro Rock|Techno/House|Dance|Rap/Hip Hop|Pop,popcultur,192,4897,single,1517560,Madeon,28,422520
71148361,Pursuit,247,0.0,2013-10-28,501257,6984760,Aleph,2013-10-28,Electro,Parlophone (France),3444,37588,album,210977,Gesaffelstein,23,324951
121705654,Go Up (feat. Cat Power & Pharrell Williams),332,124.91,2016-08-26,18585,54266132,Ibifornia,2016-06-24,Electro,Love Supreme / Justice,3376,1472,album,2049,Cassius,29,134852
12275892,The Bay,290,121.2,2011-06-20,7905,85545332,The Bay,2011-06-20,Electro,Because Music Ltd.,1571,685,ep,13570,Metronomy,74,503621
74550239,Delorean Dynamite,405,124.2,2014-04-07,18818,353510127,It's Album Time,2014-04-07,Electro|Dance,Olsen Records,3550,3781,album,408824,Todd Terje,16,41757
124701802,Never Be Like You,233,119.84,2016-05-27,506474,13095256,Skin,2016-05-27,Electro,Transgressive,3634,38792,album,1164295,Flume,60,375049
18196987,You Know You Like It,207,90.1,2012-04-22,368433,1708777,You Know You Like It (EP),2012-04-22,Electro,Universal-Island Records Ltd.,664,2976,ep,1209072,AlunaGeorge,40,844741
373746691,Say Something Loving,238,0.0,2017-06-23,253198,43197261,I See You (Deluxe),2017-06-23,Alternative,Young,2985,32656,album,261212,The xx,21,1102717
82182348,Bloom,195,0.0,2014-09-08,444537,8242056,In Return,2014-09-08,Electro,Counter Records,2932,19282,album,4707030,ODESZA,56,148659
13688091,Colomb,202,157.8,2011-01-31,22066,584809622,Space Is Only Noise,2013-05-31,Alternative,Other People,2537,1157,album,294359,Nicolas Jaar,25,114255
119966032,Running,231,119.84,2016-04-01,24912,319750817,III (Deluxe Edition),2016-04-01,Electro|Dance,Monkeytown Records,3567,3772,album,275723,Moderat,28,144011
68766803,Bye Bye Macadam,265,95.0,2013-07-08,620656,6735358,Tohu Bohu (Deluxe Edition),2013-07-08,Electro,InFiné,4411,26546,album,372244,Rone,52,139818
141780587,TERRITORY,276,119.84,2017-04-07,808443,15312461,TERRITORY,2017-04-07,Electro,Animal 63,1179,39847,ep,9496508,The Blaze,12,176751
78915850,La lune rousse,225,113.0,2014-01-01,636080,7845065,Sauvage,2014-01-01,Electro,Nowadays Records,1584,29156,ep,4777395,Fakear,61,209098
12292186,Wildfire,201,0.0,2011-06-27,488672,1129654,SBTRKT,2011-06-27,Electro,Young,2601,30256,album,398769,SBTRKT,33,163270
118477588,Foreign Language,244,124.2,2016-01-08,1617,492929751,Foreign Language,2016-01-29,Dance,Future Classic,244,175,single,532048,Flight Facilities,74,73105
5092738,A Real Hero,268,112.0,2010-01-11,783644,467163,A Real Hero EP,2010-01-11,Electro|Dance,Valerie,839,11918,ep,68581,College,12,17962
10186831,Night Air,324,110.0,2011-04-18,387682,931417,Mirrorwriting,2011-04-18,Alternative,Polydor Records,2728,15021,album,183976,Jamie Woon,12,41730
66419090,Kyrie,297,137.8,2013-04-15,291693,6496745,Istiklaliya,2013-04-15,Electro,InFiné,3362,2957,album,372136,Aufgang,23,9810
138540037,GLOWED UP,298,0.0,2016-05-06,398054,14879705,99.9%,2016-05-06,Electro,XL Recordings,3548,31382,album,4452092,KAYTRANADA,41,170082
354195961,Andromeda (feat. DRAM),197,130.01,2017-04-28,528548,40591031,Humanz (Deluxe),2017-04-28,Alternative,Parlophone UK,4007,87133,album,14,Gorillaz,92,3013297
101009324,Loud Places,283,0.0,2015-06-01,591784,10484910,In Colour,2015-06-01,Electro,Young,2564,50073,album,808980,Jamie xx,31,100479
77468111,1998,365,99.9,2014-04-14,482251,7698004,Built on Glass,2016-07-01,Electro,Future Classic,3085,50287,album,1635714,Chet Faker,33,211891
13793054,The Wilhelm Scream,276,170.1,2011-10-10,372053,1262088,James Blake,2011-01-01,Dance,Polydor Records,4125,23789,album,812409,James Blake,46,246561
14479400,Let the Beat Control Your Body,311,126.0,2011-11-21,444388,1330313,Bromance #1 - Single,2011-11-21,Electro,Bromance,667,3637,ep,166717,Brodinski,91,56770
10235994,Kiara,230,97.1,2010-03-29,509666,935909,Black Sands,2010-03-29,Electro,Ninja Tune,3302,67337,album,2108,Bonobo,57,364483
132146548,Atlas,175,99.86,2015-12-11,22267,194864672,Atlas - EP,2015-12-11,Electro,Morning Crash Records,1134,204,ep,4476139,Les Gordon,57,38107
134982306,The Day Is My Enemy,264,106.01,2015-03-30,25134,857335292,The Day Is My Enemy,2015-03-27,Electro,Take Me To The Hospital,3379,218,album,85,The Prodigy,43,1740719
118271126,But Now a Warm Feel Is Running,302,89.9,2016-06-17,449537,12290298,A Crack in the Eyes,2016-06-17,Electro,Delicieuse Records,1623,1993,ep,9452384,Fhin,27,7423
407786862,Angel Echoes,239,114.84,2010-01-25,1313,182526842,There Is Love in You (Expanded Edition),2017-01-23,Electro,Text Records,7053,2605,album,1744,Four Tet,58,447193
3784724892,Talk To You (ft. 54 Ultra),191,0.0,2026-03-06,968286,901075412,Talk To You (ft. 54 Ultra),2026-03-06,Electro|Techno/House|Dance,No Art,191,3017,single,8948922,ANOTR,66,12167
3892792631,Free Your Mind,201,0.0,2026-03-27,950329,936914191,Free Your Mind,2026-03-27,Electro|Techno/House,CircoLoco Records,201,312,single,7309256,Prospa,46,4625
4110611741,"Wo, man (Edit)",200,0.0,2026-06-26,820864,1013322021,"Wo, man (Edit)",2026-06-26,Dance,XL Recordings,200,140,single,9549148,Peggy Gou,30,202303
4059948781,Manhattan,215,0.0,2026-06-10,653826,996837581,Manhattan,2026-06-10,Electro,Ninja Tune,215,46,single,5435357,Carlita,33,1884
4144811412,Hey Everybody,155,0.0,2026-07-17,787187,1025537162,Hey Everybody,2026-07-17,Dance,Positiva,155,58,single,6164532,Kolter,138,2993
3978073801,La La Land,188,0.0,2026-05-15,665853,967333311,La La Land,2026-05-15,Electro,broke,188,82,single,9777,Green Velvet,67,42848
4081061991,Better With You,211,0.0,2026-07-09,783207,1003494091,Better With You,2026-07-09,Dance,All Night Long,211,314,single,10201844,Nico Moreno,15,27120
4039496331,On 2nite,162,0.0,2026-05-29,725442,989201011,On 2nite,2026-05-29,Dance,Room Two Recordings,162,189,single,194584697,Silva Bumpa,30,1053
4160058162,run,180,0.0,2026-08-07,785426,1031502562,run,2026-08-07,Dance,Sony Music Germany,180,461,single,9757762,Amelie Lens,34,103011
4072834651,My Place,159,0.0,2026-07-03,666342,1000868701,My Place,2026-07-03,Electro|Techno/House|Dance,Baker's Dozen,159,25,single,4833740,Josh Baker,49,2409
4078261281,Shine,147,0.0,2026-06-26,910088,1002600101,Shine,2026-06-26,Musique africaine|Electro|Techno/House,Make The Girls Dance Records,147,514,single,7803478,HUGEL,169,75041
4122018711,Silver Lines (feat. Emily Warren),201,0.0,2026-07-10,797130,1017263281,Silver Lines (feat. Emily Warren),2026-07-10,Electro|Techno/House,CircoLoco Records,201,266,single,8948922,ANOTR,66,12167
4124060341,Good Girl,181,0.0,2026-07-24,813793,1017990361,Good Girl,2026-07-24,Electro|Techno/House|Dance,Good Music for Bad People,181,152,single,7153996,Cloonee,54,11008
4104133301,Kill It With The Beat,173,0.0,2026-07-01,736457,1011352651,Kill It With The Beat,2026-07-01,Pop,Columbia,173,1163,single,5951582,Jain,21,441085
4158961522,"RoTATe wiTh aMeRiCa FOsTeR, sKiLLiBeNg aNd bEAM",173,0.0,2026-07-31,369529,1033617012,"RoTATe wiTh aMeRiCa FOsTeR, sKiLLiBeNg aNd bEAM",2026-07-31,Electro,Major Lazer Records,334,230,single,282118,Major Lazer,119,7651001
3987732411,I Never Knew,231,0.0,2026-06-05,575765,970559241,I Never Knew,2026-06-05,Electro|Techno/House|Dance,Defected Records,530,27,single,69617682,Adam Ten,48,1531
4001349051,Lovers On The Dancefloor,153,0.0,2026-06-12,611924,975650761,Lovers On The Dancefloor,2026-06-12,Electro|Techno/House,Maison Arts,153,14,single,1179872,Blond:ish,82,13403
4045186301,I Cared For You,270,0.0,2026-06-26,733234,991408451,I Cared For You,2026-06-26,Dance,All Night Long,270,68,single,171883,NTO,72,108783
4173251302,Other Dimension,204,0.0,2026-08-14,725040,1036544732,Other Dimension,2026-08-14,,ÆDEN,204,67,single,1014142,Anyma,27,44354
3892798601,Dreams,236,0.0,2026-06-05,648770,936916321,Free Your Mind,2026-06-05,Electro|Techno/House,CircoLoco Records,2297,1000,album,7309256,Prospa,46,4625
4078261811,Stay Sexy,126,0.0,2026-06-26,793362,1002600221,Twenty One,2026-06-26,Electro|Techno/House|Latino,Make The Girls Dance Records,2636,2593,album,7803478,HUGEL,169,75041
4114561121,Come To Life,192,0.0,2026-07-10,649845,1014531871,Come To Life,2026-07-10,Dance,tszr / Helix Records,192,17,single,298598,Cassian,36,5487
4033997271,Take You There,188,0.0,2026-06-19,643438,987362041,Take You There,2026-06-19,Dance,UPPERGROUND,188,73,single,8911470,Artbat,58,54258
3972763051,Together We Are Free,241,0.0,2026-06-04,681894,965620351,Together We Are Free,2026-06-04,Electro,Cercle Records,241,35,single,4782876,Vintage Culture,196,531666
3953713231,Dance Dance Dance!,217,0.0,2026-07-24,679561,958831171,Dance Dance Dance!,2026-07-24,Electro|Dance,Atlantic Records UK,217,19,single,110278032,Barry Can’t Swim,38,4747
4193491892,Always on Your Side,208,0.0,2026-08-03,634604,1042937322,Always on Your Side,2026-08-03,Electro,Ninja Tune,890,649,ep,2108,Bonobo,57,364483
4195078782,Quiereme,175,0.0,2026-07-31,670789,1043456602,9 months & 50 hours,2026-07-31,Electro|Dance,Atlantic Records UK,2804,3438,album,6851443,Latin Mafia,19,33923
3953346611,Make You Fight,176,0.0,2026-05-01,641928,958695251,Make You Fight,2026-05-01,Electro,Black Book Records,176,41,single,11799,Chris Lake,106,303235
4201858012,MYSTERY OF RAW,229,0.0,2026-08-14,580142,1046093842,MYSTERY OF RAW,2026-08-14,Dance,CircoLoco Records,229,79,single,5767953,Michael Bibi,29,10843
4071680031,Feel,158,0.0,2026-06-19,639488,1000542901,Feel,2026-06-19,Electro|Techno/House|Dance,LTF Records,158,45,single,364146,Franky Rizardo,106,14331
4160530352,i'm way too self aware,149,0.0,2026-07-24,630236,1031691212,i'm way too self aware,2026-07-24,Electro,"Temper City under exclusive license to Thirty Knots, Oskar Med K appearing courtesy of 7CULT",149,37,single,201300177,oskar med k,22,5388
4111062931,Look Into My Eyes,176,0.0,2026-07-03,566664,1013451261,Look Into My Eyes,2026-07-03,Electro|Techno/House,Disorder,176,7,single,71641172,Obskür,43,3773
3870129761,How Does It Feel,127,0.0,2026-03-27,641796,928296101,How Does It Feel,2026-03-27,Electro|Techno/House,TH3RD BRAIN,127,230,single,10052642,Dubdogz,154,170339
4192199712,Sun is Shining (Lovelee Dae),175,0.0,2026-08-19,522635,1042402162,Sun is Shining (Lovelee Dae),2026-08-19,Electro|Techno/House,Safelight Records,175,5,single,957415,Tommy Phillips,9,47
4081463181,pAPi wiTH tOKisCha,162,0.0,2026-06-24,575533,1003536461,pAPi wiTH tOKisCha,2026-06-24,Electro,Major Lazer Records,162,136,single,1846,Diplo,208,1300932
4105791281,Party Time (feat. Aatig),199,0.0,2026-07-10,513735,1011845671,Party Time (feat. Aatig),2026-07-10,Electro,Black Book Records,199,27,single,1090,Tiga,106,44784
4195078852,Mabe,294,0.0,2026-07-31,648483,1043456602,9 months & 50 hours,2026-07-31,Electro|Dance,Atlantic Records UK,2804,3438,album,76053262,Fred again..,94,124414
4160044862,Raider on the Storm,193,0.0,2026-08-07,567225,1031497392,Raider on the Storm,2026-08-07,Electro,Diynamic Music,193,40,single,179975,Solomun,66,105682
4252123291,One More Dance,230,0.0,2026-09-03,589937,1065347041,One More Dance,2026-09-03,Electro,Ninja Tune,632,11,single,5435357,Carlita,33,1884
4142945871,Back To Funk,219,0.0,2026-07-31,527431,1024846801,Back To Funk,2026-07-31,Alternative|Rock indé|Dance,Insomniac Records,219,3,single,9680158,Bushbaby,65,752
4206775492,Mirage,291,0.0,2026-08-14,512374,1047401432,Mirage,2026-08-14,Dance,Disorder,291,65,single,1434995,MPH,105,2180
4114097311,Staring at the Sun,212,0.0,2026-07-16,555237,1014377671,Staring at the Sun,2026-07-16,Electro,Counter Records,432,39,single,5254467,Elderbrook,109,43194
4094514791,Pumpin,211,0.0,2026-06-26,519209,1008232061,Pumpin,2026-06-26,Electro,Steel City Dance Discs,211,11,single,55318492,Partiboi69,49,3527
4250712991,Taka Taka,196,0.0,2026-09-04,548077,1064833291,Taka Taka,2026-09-04,Dance,Tomorrowland Music,196,1,single,177558,Rivo,16,4180
4096108531,"Check One, Check Two",156,0.0,2026-07-10,518360,1008713381,"Check One, Check Two",2026-07-10,Electro|Techno/House|Dance,Dance Traxx LDN,156,5,single,12539070,Luke Dean,25,1206
4049994881,Lemme Dance,223,0.0,2026-06-03,611908,993062751,Lemme Dance,2026-06-03,Electro,Ninja Tune,223,36,single,73836672,Chloé Caillet,35,1755
4201398282,Long Jacket,211,0.0,2026-08-28,578518,1046006212,Long Jacket,2026-08-28,Electro|Techno/House|Dance,Turbo Blanco,211,24,single,11799,Chris Lake,106,303235
4126793791,Follow,227,0.0,2026-07-24,625499,1019010441,Follow,2026-07-24,Electro|Dance,MATHAME,227,27,single,7249232,Mathame,43,11431
4175023412,4Get The Girl (Mellizos Remix),160,0.0,2026-08-07,448226,1037261522,4Get The Girl (Mellizos Remix),2026-08-07,Electro|Techno/House|Dance,Defected Records,488,1,single,4782275,Route 94,17,335851
4195078762,benjy chord,165,0.0,2026-07-31,636875,1043456602,9 months & 50 hours,2026-07-31,Electro|Dance,Atlantic Records UK,2804,3438,album,76053262,Fred again..,94,124414
4142574891,WannaCry,219,0.0,2026-07-28,572432,1024717221,WannaCry,2026-07-28,Electro|Dance,NLV Records,219,180,single,12053242,Ninajirachi,71,6273
4122054441,Can't Slow Down,177,0.0,2026-07-24,444691,1017275961,Can't Slow Down,2026-07-24,Electro|Dance,Atlantic Records UK,177,6,single,126053802,Omar+,33,708
4046510641,Long Goodbye,214,0.0,2026-06-12,387701,991809841,Long Goodbye,2026-06-12,Alternative|Rock indé,Disorder,214,13,single,1434995,MPH,105,2180
4237632172,Body and Soul,200,0.0,2026-09-04,436526,1059684902,Body and Soul,2026-09-04,Electro|Dance,MADMINDS,200,3,single,144817,Nicole Moudaber,78,31473
4192742212,My Darlin',169,0.0,2026-08-07,486065,1042617382,Das Ist Daddy,2026-08-07,Dance,Capitol Records,1502,167,album,3926781,Marlon Hoffstadt,85,13664
4126325401,Dirty Beat,184,0.0,2026-07-17,565205,1018867671,Dirty Beat,2026-07-17,Electro,Fckng Serious,476,76,single,133863,Boris Brejcha,132,264625
4129901711,Get Me Down,197,0.0,2026-07-10,497930,1020145241,Get Me Down,2026-07-10,Electro,Universal-Island Records Ltd.,197,73,single,96293712,Nia Archives,33,8875
4114179801,Whisper To Me,226,0.0,2026-07-24,566236,1014402481,Whisper To Me,2026-07-24,Electro|Dance,Innervisions,758,45,single,4314576,Jimi Jules,30,3175
4236259762,Keep Up,158,0.0,2026-09-04,683744,1059118942,Keep Up,2026-09-04,Dance,RAVE THE WORLD,158,33,single,145050,Argy,55,14631
4154213432,Angel Dust,266,0.0,2026-08-07,577706,1029206682,Angel Dust,2026-08-07,Electro|Techno/House|Rock|Hard Rock,HEKATE,266,23,single,14105097,Sara Landry,49,18473
4165759252,How I'm Feeling,159,0.0,2026-08-21,440259,1033712172,How I'm Feeling,2026-08-21,Electro|Techno/House,Maison Arts,159,7,single,1179872,Blond:ish,82,13403
4236676082,Hey You,147,0.0,2026-08-28,530866,1059297292,Hey You,2026-08-28,Electro,Island Berlin,147,22,single,1682313,Lilly Palmer,31,11730
2702569332,Kisses (feat. bbyclose),138,0.0,2024-03-22,730279,559917922,Kisses (feat. bbyclose),2024-03-22,Dance,SIGNAL >> SUPPLY,138,585,single,75695342,Bl3ss,50,1210
1133387562,Friendships (Lost My Love),182,0.0,2020-11-13,757253,184475592,Friendships (Lost My Love),2020-11-13,Dance,Intercord,182,1718,single,13114191,Pascal Letoublon,35,18302
1565367622,Make Me Feel Good,197,0.0,2021-11-26,458658,275267502,Make Me Feel Good,2021-11-26,Dance,Polydor Records,197,522,single,137734592,Belters Only,42,3895
1454171672,OUT OUT (feat. Charli XCX & Saweetie),162,0.0,2021-08-13,708135,249246342,OUT OUT (feat. Charli XCX & Saweetie),2021-08-13,Dance,Atlantic Records UK,162,2448,single,8058039,Joel Corry,232,103888
1705986647,Ferrari,185,0.0,2022-04-01,746606,307700657,Ferrari,2022-04-01,Dance,Universal-Island Records Ltd.,185,2504,single,8205210,James Hype,93,32721
2833834822,Von dutch,164,0.0,2024-06-07,750309,597350882,BRAT,2024-06-07,Electro,Atlantic Records,2483,55218,album,1462230,Charli xcx,116,1885325
2107937657,I'm Good (Blue),175,0.0,2023-01-17,839993,396424967,I’m Good (Blue) (The Complete Collection),2023-01-17,Dance,Parlophone UK,4647,3292,single,542,David Guetta,395,20097437
2929354381,Guess featuring billie eilish,143,0.0,2024-08-01,833824,623577791,Guess featuring billie eilish,2024-08-01,Dance,Atlantic Records,143,11493,single,1462230,Charli xcx,116,1885325
1450347602,Stupid Feelings,166,0.0,2021-08-06,352719,248360082,Stupid Feelings,2021-08-06,Dance,Polydor Records,166,248,single,50577082,220 KID,48,6237
2929126301,BACKBONE,166,0.0,2024-08-08,611817,623523761,BACKBONE,2024-08-08,Dance,EMI,166,1118,single,15617,Chase & Status,63,301543
1721713607,Words,142,0.0,2022-04-22,628665,311163007,Words,2022-04-22,Dance,10:22pm,142,1858,single,1188009,Alesso,101,2716122
1650410302,Belly Dancer,151,0.0,2022-02-18,826711,294357222,Belly Dancer,2022-02-18,Dance,Musical Freedom,151,3316,single,73101792,Imanbek,103,53447
2238000797,Beggin',183,0.0,2023-04-20,526057,429698797,Beggin',2023-04-20,Dance,Black Book Records/Astralwerks,183,583,single,11799,Chris Lake,106,303235
1467365452,My Heart Goes (La Di Da),149,0.0,2021-08-24,621524,252390622,My Heart Goes (La Di Da),2021-08-24,Dance,Polydor Records,149,1066,single,2699221,Becky Hill,160,244653
1595157041,In The Dark,185,0.0,2022-01-21,739393,281382621,In The Dark,2022-01-21,Dance,Columbia Local,185,2602,single,1658572,Purple Disco Machine,123,164759
1847938107,Miss You,206,0.0,2022-07-30,657642,341860507,Miss You,2022-07-30,Dance|Pop,Columbia/B1 Recordings,206,2445,single,5645881,Southstar,26,7759
2403785095,Prada,132,0.0,2023-08-11,845170,474412005,Prada,2023-08-11,Electro|Techno/House|Dance|Pop,Ministry of Sound Recordings,132,4144,single,225104595,cassö,20,6996
2315441485,Car Keys (Ayla),147,0.0,2023-06-30,614191,449490495,Car Keys (Ayla),2023-06-30,Dance,Columbia/B1 Recordings,147,1914,single,1429841,Alok,290,4531969
1720498857,The Drum,189,0.0,2022-04-29,542404,310944447,The Drum,2022-04-29,Electro|Techno/House|Dance|Pop,Kreatell Music,189,1297,single,4999707,Alan Walker,163,4051964
1782778687,Big City Life,146,0.0,2022-06-16,587996,325574227,Big City Life,2022-06-16,Dance,Warner Records,146,752,single,11361822,Luude,34,7934
1371887182,By Your Side (feat. Tom Grennan),189,0.0,2021-06-04,645855,230046522,By Your Side (feat. Tom Grennan),2021-06-04,Dance|Pop,Columbia,189,3554,single,12178,Calvin Harris,159,12317884
1208434992,Sleepless,185,0.0,2021-02-05,429061,200005472,Sleepless,2021-02-05,Electro|Techno/House|Dance,Axtone Records,507,106,single,162668,D.O.D,148,11310
1373157282,We Could Be Dancing (feat. Molly Hammar),164,0.0,2021-05-28,524829,230372862,We Could Be Dancing (feat. Molly Hammar),2021-05-28,Electro|Techno/House|Dance,Storm,164,806,single,157,Bob Sinclar,209,1918897
2395987955,Save Me,189,0.0,2023-08-11,446624,472281285,Genesys,2023-08-11,Dance,Anyma/Afterlife/Interscope Records,3344,5875,album,1014142,Anyma,27,44354
1659968202,Run,189,0.0,2022-02-18,398675,296663432,Run,2022-02-18,Dance,Polydor Records,189,374,single,2699221,Becky Hill,160,244653
2217938297,Push Up (Main Edit),140,0.0,2023-03-31,823251,424257337,Push Up (Main Edit),2023-03-31,Dance|Pop,Columbia/B1 Recordings,140,2512,single,6280970,Creeds,17,19342
1077055452,Too Many Nights,188,0.0,2020-09-18,310647,172667422,Too Many Nights,2020-09-18,Dance,Polydor Records,188,145,single,50577082,220 KID,48,6237
2358398035,Disconnect,164,0.0,2023-07-14,591894,461841935,Disconnect,2023-07-14,Dance,Polydor Records,164,915,single,2699221,Becky Hill,160,244653
3482503451,Do It To It,157,0.0,2022-04-29,699752,795932391,Do It To It (Remixes),2022-04-29,Dance,Thrive Music,901,517,ep,12869727,Acraze,25,13236
1786536327,Kernkraft 400 (A Better Day),165,0.0,2022-06-17,652544,326315837,Kernkraft 400 (A Better Day),2022-06-17,Dance,Intercord,165,1203,single,1176860,Topic,106,151942
1713175757,Moth To A Flame,234,0.0,2022-04-15,960806,309395097,Paradise Again,2022-04-15,Dance,Republic Records,3720,11062,album,407188,Swedish House Mafia,46,2167941
2873190272,go (goddard. Remix),192,0.0,2024-07-12,248700,609953162,early twenties (deluxe),2024-07-12,Singer & Songwriter,Since 93,4384,498,album,11027622,Cat Burns,47,19322
1599150052,When I'm Gone,161,0.0,2021-12-29,623111,282342472,When I'm Gone,2021-12-29,Dance,10:22PM/Astralwerks,161,4866,single,1188009,Alesso,101,2716122
1775000867,Deep Down (feat. Never Dull),165,0.0,2022-06-17,753935,323786907,Deep Down (feat. Never Dull),2022-06-17,Dance|Pop,Columbia/B1 Recordings,165,2264,single,1429841,Alok,290,4531969
1173674672,Goodbye,144,0.0,2020-12-18,541610,192533992,Goodbye,2020-12-18,Dance,Positiva,144,582,single,73101792,Imanbek,103,53447
2357139175,Desire,179,0.0,2023-07-28,755956,461534045,Desire,2023-07-28,Dance|Pop,Columbia,179,4315,single,12178,Calvin Harris,159,12317884
1242670642,Rasputin,186,0.0,2021-02-26,825826,207384052,Rasputin,2021-02-26,Electro|Dance|Pop,Nitron Music,186,5230,single,110587122,Majestic,65,16270
3024032431,The Days,169,0.0,2024-10-01,403011,650212131,The Days,2024-10-01,Dance,Polydor Records,299,281,single,6462309,Chrystal,37,2085
1680920397,Hurricane (feat. SHIBUI),153,0.0,2022-04-01,695501,301635297,Hurricane (feat. SHIBUI),2022-04-01,Dance,Spinnin' Records,153,880,single,789285,BlasterJaxx,244,525180
2221221937,Rock My Body,137,0.0,2023-04-28,784516,425219427,Rock My Body,2023-04-28,Dance,Spinnin' Records,137,1945,single,1353625,R3HAB,226,1814031
3663536722,Too Sweet,164,0.0,2025-11-28,760616,859089362,Too Sweet,2025-11-28,Electro|Electro Pop/Electro Rock|Pop,Inside Records,164,422,single,5355382,Trinix,49,92933
4094689641,Make Me Feel,186,0.0,2025-06-20,798748,1008277871,Make Me Feel,2025-06-20,Electro|Techno/House,7CULT,186,54,single,201300177,oskar med k,22,5388
2871900192,Black Friday (pretty like the sun),145,0.0,2024-07-19,791990,609557172,Black Friday (pretty like the sun),2024-07-19,Dance,UROK,145,1739,single,5866223,Lost Frequencies,140,952800
3759016132,Feel This,181,0.0,2026-01-14,558015,892016492,Feel This,2026-01-14,Electro|Dance,SUNFLOWER RECORDS,181,6,single,351193762,DÏVÄG,12,153
3917347011,how do i find you,179,0.0,2026-06-26,538357,945865311,how do i find you,2026-06-26,Electro|Dance,Inside Records,179,2,single,192268277,heylucas,29,337
3703526742,BUDDIES,150,0.0,2026-01-16,549715,873096052,BUDDIES,2026-01-16,Electro|Techno/House|Dance,Inside Records,150,7,single,390700021,Sara Costa,30,90
3960343761,Hello (The Sun Is Up Where Are You),191,0.0,2026-04-24,746591,961389861,Hello (The Sun Is Up Where Are You),2026-04-24,Electro|Dance,SUNFLOWER RECORDS,191,459,single,12563798,Mizmo,30,974
3689459612,"god, give me a place",191,0.0,2026-01-09,521318,867734002,"god, give me a place",2026-01-09,Dance,Inside Records,191,10,single,58687612,Holseek,34,563
4238336142,I Knew,125,0.0,2026-09-02,681219,1059925272,I Knew,2026-09-02,Dance,SUNFLOWER RECORDS,125,1,single,351193762,DÏVÄG,12,153
3843457421,Magnetic,181,0.0,2026-02-27,971891,918548261,Magnetic / Addicted To Your Love,2026-02-27,Dance,Columbia/B1 Recordings,361,1233,single,241615471,The Bausa,43,5245
4108518611,Better,158,0.0,2026-07-24,725381,1012729161,Better,2026-07-24,Dance,Inside Records,158,2,single,11366508,Alex Keeper,56,1285
4052963911,Sun Is Here Again,149,0.0,2026-07-08,713849,994147311,Sun Is Here Again,2026-07-08,Electro|Dance,Inside Records,149,11,single,12628105,Lonely in the Rain,76,4701
4160033302,Midnight,218,0.0,2026-08-21,732848,1031491772,Midnight,2026-08-21,Electro|Dance,Beyond Rec,218,5,single,4681264,Alex Baker,46,837
4053126601,A New Day,206,0.0,2026-06-24,684289,994192901,A New Day,2026-06-24,Electro|Dance,Beyond Rec,206,2,single,129935282,Last Sun,11,93
3313685811,My Return Home,278,0.0,2025-04-30,574986,738936901,My Return Home,2025-04-30,Dance,SUNFLOWER RECORDS,278,12,single,279517161,Mx Cartier,6,139
4080113511,Pra todas,198,0.0,2026-06-19,738335,1003285201,Pra todas,2026-06-19,Electro|Dance,Inside Records,198,157,single,5355382,Trinix,49,92933
2751410491,the things that bring me joy,179,0.0,2024-05-10,547599,573604421,the things that bring me joy,2024-05-10,Dance,Inside Records,179,28,single,192268277,heylucas,29,337
4052879721,FEEL THE NIGHT,189,0.0,2026-07-03,537200,994116511,FEEL THE NIGHT,2026-07-03,Dance,Inside Records,189,1,single,390700021,Sara Costa,30,90
2104625837,Tainted Love,184,0.0,2023-01-30,651190,395535827,Tainted Love,2023-01-30,Electro|Dance,Inside Records,184,575,single,5355382,Trinix,49,92933
3931736101,Be The One,205,0.0,2026-04-24,783594,951369701,Be The One,2026-04-24,Electro|Techno/House,Keinemusik,205,110,single,262264,Adam Port,46,50055
4172748922,Forevermore,214,0.0,2026-08-19,746168,1036355422,Forevermore,2026-08-19,Dance,Beyond Rec,214,7,single,12820101,Ourson,41,708
4181715322,Sirens Scene,190,0.0,2026-07-31,528058,1040029082,Sirens Scene,2026-07-31,Dance,Beyond Rec,190,29,single,129935282,Last Sun,11,93
4058544931,Slow Down (Can't Stop Thinking),149,0.0,2026-06-17,524455,996324351,Slow Down (Can't Stop Thinking),2026-06-17,Electro|Dance,SUNFLOWER RECORDS,149,30,single,351193762,DÏVÄG,12,153
4036466501,So Hard To Find,166,0.0,2026-06-19,504482,988186001,So Hard To Find,2026-06-19,Dance,Inside Records,166,3,single,11366508,Alex Keeper,56,1285
3919748071,Keep On Running,148,0.0,2026-07-08,719594,946778151,Keep On Running,2026-07-08,Electro|Dance,SUNFLOWER RECORDS,148,4,single,12563798,Mizmo,30,974
4237724022,Wash Over Me,138,0.0,2026-09-04,432171,1059717202,Wash Over Me,2026-09-04,Electro|Techno/House,ChillYourMind,138,0,single,381034411,TwøFrame,3,0
4123815511,Forever,227,0.0,2026-07-22,464579,1017903211,Forever,2026-07-22,Dance,Beyond Rec,227,0,single,129935282,Last Sun,11,93
3968065181,love you so,157,0.0,2026-05-29,509024,963779831,love you so,2026-05-29,Electro|Dance,Inside Records,157,12,single,58687612,Holseek,34,563
3592280792,Echoes,174,0.0,2025-11-19,543085,834451442,Echoes,2025-11-19,Electro|Dance,SUNFLOWER RECORDS,174,16,single,12563798,Mizmo,30,974
4104636071,IKNOW,142,0.0,2026-08-05,433924,1011534711,IKNOW,2026-08-05,Electro|Dance,SUNFLOWER RECORDS,142,0,single,314048,Cos,155,239
3932708321,Summer Winds,182,0.0,2026-05-13,491996,951663441,Summer Winds,2026-05-13,Electro|Dance,SUNFLOWER RECORDS,182,9,single,351193762,DÏVÄG,12,153
3611488852,Smile,184,0.0,2025-11-14,595832,841264652,Smile,2025-11-14,Electro|Dance,Inside Records,184,12,single,12241710,PLÜM,103,17270
2871918512,Never Walk Alone,188,0.0,2024-08-02,634286,609564592,Never Walk Alone,2024-08-02,Dance|Pop,Insomniac Records,188,175,single,1179872,Blond:ish,82,13403
1386907872,Sunny Day,192,0.0,2021-06-25,662178,233548032,Sunny Day,2021-06-25,Electro|Dance,Inside Records,192,593,single,14417541,MR TOUT LE MONDE,42,12067
3949592681,In My Soul,157,0.0,2026-05-08,467137,957291391,In My Soul,2026-05-08,Electro|Dance,Inside Records,157,3,single,11366508,Alex Keeper,56,1285
4155388342,Paper Skies,128,0.0,2026-08-05,430875,1029666472,Paper Skies,2026-08-05,Electro|Dance,Beyond Rec,128,0,single,147985142,Harmless Night,20,50
3905198691,I Remember,156,0.0,2026-04-15,468618,941468031,I Remember,2026-04-15,Electro|Dance,SUNFLOWER RECORDS,156,3,single,351193762,DÏVÄG,12,153
3905199911,waited a long,190,0.0,2026-04-17,640335,941468661,waited a long,2026-04-17,Electro|Dance,Inside Records,190,11,single,58687612,Holseek,34,563
2318708315,Clocks,230,0.0,2023-07-12,596458,450572725,Clocks,2023-07-12,Electro|Dance,Beyond Rec,230,92,single,4681264,Alex Baker,46,837
3208676071,Keep Dancing,180,0.0,2025-03-07,438188,705051461,Keep Dancing,2025-03-07,Dance,Inside Records,180,7,single,192268277,heylucas,29,337
4136268931,Chasing Summer,125,0.0,2026-07-22,538809,1022517001,Chasing Summer,2026-07-22,Electro|Dance,SUNFLOWER RECORDS,125,4,single,351193762,DÏVÄG,12,153
3989576211,Last Love (Don't Forget Me),146,0.0,2026-05-27,451132,971215611,Last Love (Don't Forget Me),2026-05-27,Electro|Dance,SUNFLOWER RECORDS,146,0,single,260858,LissA,99,1672
3921518211,Left / Right,155,0.0,2026-04-17,471589,947446111,Left / Right,2026-04-17,Pop,Warner Music Central Europe,155,23,single,1364202,ROYA,19,12631
4216692492,Every Lifetime,167,0.0,2026-09-04,463600,1051481742,Every Lifetime,2026-09-04,Dance,Inside Records,167,1,single,11366508,Alex Keeper,56,1285
4135435771,Still I Rise,156,0.0,2026-08-07,439483,1022260641,Still I Rise,2026-08-07,Dance,Beyond Rec,156,0,single,109207562,Elliot Vast,45,35
3876790781,Let It Go,150,0.0,2026-03-27,628816,930822671,Let It Go,2026-03-27,Electro|Dance,Beyond Rec,150,0,single,336420551,LNDRS,6,13
4160016972,Your Song,141,0.0,2026-08-19,716143,1031485452,Your Song,2026-08-19,Dance,SUNFLOWER RECORDS,141,2,single,200878887,Tom Kha,28,169
3932328511,Magic,182,0.0,2026-04-29,450566,951558501,Magic,2026-04-29,Electro|Dance,SUNFLOWER RECORDS,182,0,single,196953357,Moment in Time,27,183
4021055961,Don't Feel Right,149,0.0,2026-06-10,518388,982572551,Don't Feel Right,2026-06-10,Electro|Dance,SUNFLOWER RECORDS,149,0,single,219396475,Bleu Azur,11,163
3772399142,BETTERTIMES,164,0.0,2026-02-20,597658,896808182,BETTERTIMES,2026-02-20,Electro|Dance,Inside Records,164,3,single,390700021,Sara Costa,30,90
2593698322,My Lover,160,0.0,2024-01-26,529089,526102552,My Lover,2024-01-26,Electro|Dance,Inside Records,160,69,single,14417541,MR TOUT LE MONDE,42,12067
568816542,Treat You Better,273,121.96,2018-10-19,500329,75770552,SOLACE,2018-10-19,Electro,Rose Avenue/Reprise,2516,6284,album,5571502,RÜFÜS DU SOL,67,141575
3592693622,A Way Back Home (Ruffnux Remix),152,0.0,2025-11-07,427004,834585372,A Way Back Home (Ruffnux Remix),2025-11-07,Electro|Dance,Beyond Rec,152,1,single,104010322,Slowtide,17,56
3566860141,summer goes,198,0.0,2025-10-17,467781,825367401,summer goes,2025-10-17,Electro|Dance,Inside Records,198,6,single,58687612,Holseek,34,563
3410347511,Breezeblocks,124,0.0,2025-06-27,434080,771098651,Breezeblocks,2025-06-27,Electro|Dance,Beyond Rec,124,1,single,392796,Bacci,59,302
2712744241,Vhs,269,0.0,2024-04-19,555146,562420131,Vhs,2024-04-19,Dance,Headroom Records,269,67,single,204791927,Swimming Paul,38,3716
4052963191,Still Be Mine,156,0.0,2026-07-01,717013,994147171,Still Be Mine,2026-07-01,Electro|Techno/House|Dance,SUNFLOWER RECORDS,156,1,single,200878887,Tom Kha,28,169
2318874475,Be Your Friend,164,0.0,2023-07-26,598326,450626395,Be Your Friend,2023-07-26,Electro|Dance,Beyond Rec,164,18,single,12620663,XYSM,47,113
3772398382,Sunshine,196,0.0,2026-02-18,637763,896808092,Sunshine,2026-02-18,Electro|Dance,SUNFLOWER RECORDS,196,6,single,351193762,DÏVÄG,12,153
3584005611,Celebrate,170,0.0,2025-10-10,462901,831463221,Celebrate,2025-10-10,Electro|Dance,Inside Records,170,38,single,12241710,PLÜM,103,17270
3330435451,Care 4 U,172,0.0,2025-05-21,496541,744404861,Care 4 U,2025-05-21,Electro|Dance,Beyond Rec,172,10,single,129935282,Last Sun,11,93
3302654601,Tears Dry Tonight,167,0.0,2025-04-25,590550,735636141,Tears Dry Tonight,2025-04-25,Dance,Spinnin' Records,167,303,single,3644401,Cyril,33,26949
2138216097,Promise,200,0.0,2023-05-26,442442,404413497,Euphoria,2023-05-26,Electro|Dance,Inside Records,1152,109,ep,192268277,heylucas,29,337
452733402,Wicked Games (feat. Anna Naklab) (Radio Edit),195,124.9,2013-09-19,648324,55525272,Wicked Games (feat. Anna Naklab) (Radio Edit),2013-09-19,Electro|Dance,Spinnin' Deep,195,1220,single,4863819,Parra For Cuva,47,39585
893847222,Flower,166,0.0,2020-03-27,509020,134567952,Flower,2020-03-27,Electro|Dance,Inside Records,166,215,single,12241710,PLÜM,103,17270
3938154331,Right Here,128,0.0,2026-05-20,404939,953044511,Right Here,2026-05-20,Electro|Dance,SUNFLOWER RECORDS,128,0,single,392090641,Benne,5,105
3363328621,Wait For You,130,0.0,2025-06-11,417343,755571071,Wait For You / Sweet Feeling,2025-06-11,Dance,Inside Records,290,34,single,12628105,Lonely in the Rain,76,4701
4035772541,Done,155,0.0,2026-06-12,395025,987977631,Done,2026-06-12,Electro|Dance,Beyond Rec,155,0,single,396354741,MYKL  ,2,3
1386909542,She Said (Big Jet Plane),173,0.0,2021-07-23,675854,233548612,She Said (Big Jet Plane),2021-07-23,Electro|Dance,Inside Records,173,479,single,5355382,Trinix,49,92933
3592281322,Anchor,206,0.0,2025-12-10,588037,834451672,Anchor,2025-12-10,Electro|Dance,Beyond Rec,206,6,single,4681264,Alex Baker,46,837
3768631802,Fënce,197,0.0,2024-08-29,497855,895719582,Fënce,2024-08-29,Electro,MANARËM,197,9,single,275667011,MANARËM,10,954
2637548762,Always You,203,0.0,2024-02-21,430380,540171602,Always You,2024-02-21,Electro|Dance,Beyond Rec,203,16,single,12820101,Ourson,41,708
2561285482,Better Days,183,0.0,2023-12-15,425608,517437122,Better Days,2023-12-15,Electro,Funfair Records,183,16,single,340186,Rules,40,2597
3324255931,Who I Am,179,0.0,2025-05-09,544204,742314141,Who I Am,2025-05-09,Dance|Pop,Inside Records,179,38,single,14417541,MR TOUT LE MONDE,42,12067
2886812122,Shallow Water,202,0.0,2024-10-25,480043,614193012,Another Touch,2024-10-25,Dance,Mine Recordings,2414,884,album,5254467,Elderbrook,109,43194
1252280012,Electric Feel,213,0.0,2021-03-19,526422,209544362,Electric Feel,2021-03-19,Electro|Dance,Inside Records,213,71,single,5950222,TEEMID,14,9272
4104561291,Wistful,216,0.0,2026-07-31,412029,1011504451,Wistful,2026-07-31,Dance,Beyond Rec,216,0,single,139798722,Garlington,31,68
3611513832,Falling,162,0.0,2025-12-17,417851,841269222,Falling,2025-12-17,Electro|Dance,SUNFLOWER RECORDS,162,8,single,12563798,Mizmo,30,974
