id,title,duration,bpm,release_date,rank,album_id,album_title,album_release_date,album_genres,album_label,album_duration,album_nb_fan,album_record_type,artist_id,artist_name,artist_nb_album,artist_nb_fan
15604774,Eres para Mí,193,97.1,2006-05-25,570729,1441890,Limon Y Sal,2006-05-25,Pop|Latino,Ariola,2797,15685,album,4477,Julieta Venegas,51,584641
15604765,Me Voy,188,107.9,2006-05-25,581229,1441890,Limon Y Sal,2006-05-25,Pop|Latino,Ariola,2797,15685,album,4477,Julieta Venegas,51,584641
2939056291,Juntos / Al Rescate ¡Ya! (2000's X Siempre En Vivo Desde El Pepsi Center De La CDMX),276,0.0,2024-08-09,20930,723022311,Juntos / Al Rescate ¡Ya! (2000's X Siempre En Vivo Desde El Pepsi Center De La CDMX),2024-08-09,Pop,Bobo Music,276,2,single,256911202,2000's X Siempre,59,301
2265078,Rosa Pastel,186,128.0,2005-06-15,615369,226256,Dulce Beat,2005-01-01,Pop,Universal Music Mexico,2216,8262,album,5839,Belanova,16,180975
1065541912,Sálvame,221,0.0,2020-09-04,582428,170197682,Rebelde,2005-01-11,Pop,Universal Music Mexico,2223,42616,album,4475,RBD,27,499680
562487,Hips Don't Lie (feat. Wyclef Jean),221,0.0,2005-11-28,8834,763994911,"Oral Fixation, Vol. 2 (Expanded Edition)",2005-11-28,Pop,Epic,3691,4385,album,160,Shakira,71,11697128
993666,Ven Conmigo (Solamente Tú),192,118.8,1999-12-30,443639,110044,Mi Reflejo,1999-12-30,Pop,RCA Records Label,3354,23305,album,116,Christina Aguilera,31,3909411
476739462,The Ketchup Song (Aserejé) (Spanish Version),213,184.57,2018-04-13,779219,59626962,Aserejé (The Ketchup Song),2018-04-13,Pop,Sony Music Publishing Spain,2018,7343,album,4312,Las Ketchup,8,28948
3011913,Y Yo Sigo Aqui (Spanglish),253,126.0,2005-01-01,445273,291767,Paulina,2000-05-23,Pop,Universal Music Mexico,2914,7791,album,1464,Paulina Rubio,35,672818
3085505,Entre tú y mil mares,228,110.8,2000-09-12,570692,298905,Entre tú y mil mares,2000-09-12,Pop,CGD/EastWest Italy,3004,7580,album,1456,Laura Pausini,117,1061922
4104710,Bonito,254,114.2,2005-10-31,534964,382693,Bonito,2003-03-28,Pop|Rock,WM Spain,3475,4556,album,5678,Jarabe de Palo,55,569292
6304467,Shabadabada,234,175.9,2000-06-29,475873,577540,CD00,2010-06-07,Pop,Columbia,2922,4139,album,491621,OV7,16,203836
109085614,Don,183,119.84,2008-04-01,585075,11366648,El Templo del Pop,2012-09-07,Pop|Latino,Pelo Music S.A.,4640,5626,album,4996,Miranda!,71,282589
783900,Espacio sideral,222,90.1,2006-07-18,503284,91775,Esta Es Mi Vida,2006-07-18,Pop|Latino,WM Mexico,2628,14133,album,67672,Jesse & Joy,54,1280225
4211243,Inolvidable,223,123.0,2009-08-23,569473,392248,Un Dia Mas (Edicion Especial),2009-08-13,Pop,Columbia,3079,21858,album,4476,Reik,76,2915806
1065541812,Rebelde,212,0.0,2020-09-04,519443,170197682,Rebelde,2005-01-11,Pop,Universal Music Mexico,2223,42616,album,4475,RBD,27,499680
726326,"Te lo agradezco, pero no (feat. Shakira)",273,149.8,2006-11-07,523434,86588,El tren de los momentos,2006-11-07,Pop,WM Spain,2413,10145,album,4479,Alejandro Sanz,88,1414526
2794656,Víveme,236,136.0,2004-12-14,507078,271578,Escucha,2004-10-22,Pop,WM Italy,2499,3511,album,1456,Laura Pausini,117,1061922
3255052,Arrasando,243,132.1,2000-04-13,419182,310492,Arrasando,2000-04-13,Pop,Capitol Latin,2932,9953,album,710,Thalia,88,1489010
15212551,"Suerte (Whenever, Wherever)",194,109.1,2001-11-13,530017,1401302,Laundry Service,2001-11-13,Latino,Epic,2937,66442,album,160,Shakira,71,11697128
84141319,Tú No Eres Para Mi,207,124.91,2009-11-17,435953,8473325,6 Super Hits,2009-11-17,Pop|Latino,National Own,1330,194,ep,80772,Fanny Lu,48,382536
597820,La Playa,247,88.5,2004-05-10,593212,75353,París,2004-05-10,Pop,Sony Music Entertainment,2552,26951,album,1434,La Oreja de Van Gogh,50,816132
2538912,Fotografía,238,170.1,2002-05-21,458644,248769,Un Día Normal,2005-12-13,Latino,Int'l Latin America,2546,7984,album,70,Juanes,109,1624326
6608954,Noviembre Sin Ti,203,133.8,2005-05-24,549847,611040,Reik,2005-03-02,Pop,Columbia,2234,48571,album,4476,Reik,76,2915806
385097421,Gasolina,192,192.3,2004-07-13,26225,691271171,Barrio Fino (Bonus Track Version),2005-02-01,Latino,Craft Latino,4277,4914,album,3839,Daddy Yankee,115,7158873
3366545,Sabes A Chocolate,226,110.0,2007-04-03,469680,320200,"A.B. Quintanilla III Presents Kumbia Kings Greatest Hits ""Album Versions""",2007-04-03,Pop,Capitol Latin,2705,16707,album,4174,Kumbia Kings,7,31933
1065541822,Sólo Quédate En Silencio,217,0.0,2020-09-04,581473,170197682,Rebelde,2005-01-11,Pop,Universal Music Mexico,2223,42616,album,4475,RBD,27,499680
10066252,Ahora Quien,305,130.0,2011-03-08,366465,921156,Dos Clásicos,2011-03-07,Latino,Sony Music Latin,5095,37158,album,112,Marc Anthony,68,2604899
6608950,Qué Vida la Mía,171,98.0,2005-05-24,523416,611040,Reik,2005-03-02,Pop,Columbia,2234,48571,album,4476,Reik,76,2915806
1155001,La Camisa Negra,216,97.0,2006-02-20,856672,123701,Mi Sangre,2004-01-01,Latino,National Own (UC),3859,23087,album,70,Juanes,109,1624326
15404858,Las de la Intuición,220,130.0,2005-06-03,7761,763994091,Fijación Oral Volumen 1,2005-06-03,Pop,Epic,2803,2493,album,160,Shakira,71,11697128
467859662,Todavia,203,113.27,2018-03-02,13651,369762387,Dj Pablito Presenta- La Factoría,2018-03-02,Rap/Hip Hop|Reggae|Dancehall/Ragga,Dj Pablito,3205,132,album,76565,La Factoria,18,55546
15376022,Desde Que Llegaste,218,0.0,2004-09-14,464142,1419928,Reyli En La Luna,2004-09-14,Pop|Latino,Pop Music,3038,9613,album,194042,Reyli Barba,36,72076
2265083,Por Ti,215,137.8,2005-06-15,517441,226256,Dulce Beat,2005-01-01,Pop,Universal Music Mexico,2216,8262,album,5839,Belanova,16,180975
1065544492,Tras De Mí,192,0.0,2020-09-04,530938,170198342,Nuestro Amor,2005-09-22,Pop,Universal Music Mexico,2907,27264,album,4475,RBD,27,499680
15404852,La Tortura (feat. Alejandro Sanz),212,199.7,2005-06-03,15831,763994091,Fijación Oral Volumen 1,2005-06-03,Pop,Epic,2803,2493,album,160,Shakira,71,11697128
13274121,Ángel,220,164.1,2003-08-05,518369,1216216,Belinda,2003-05-08,Pop|Latino,Ariola,2698,7781,album,6329,Belinda,43,726392
3255149,A Quien Le Importa,224,130.8,2002-05-21,446852,310499,Thalia,2002-05-21,Latino,Capitol Latin,3693,9796,album,710,Thalia,88,1489010
797372,Labios Compartidos,317,162.1,2006-08-22,628948,93062,Amar es Combatir (Limited Edition CD+DVD),2006-05-09,Pop,WM Mexico,4429,34965,album,4115,Maná,57,1777616
3588711,Mi Primer Millon,237,103.1,2006-05-23,475074,338977,Grandes Exitos,2006-05-23,Pop|Latino,WEA Latina,3658,23410,album,4098,Bacilos,47,140120
3011919,Yo No Soy Esa Mujer,224,103.9,2005-01-01,455235,291767,Paulina,2000-05-23,Pop,Universal Music Mexico,2914,7791,album,1464,Paulina Rubio,35,672818
13263544,Que Lloro,240,140.15,2003-10-01,562040,1215466,De Viaje,2015-10-01,Pop,Epic,3906,13146,album,1461,Sin Bandera,24,1039700
91018387,El Problema,329,0.0,2025-01-30,8974,694477691,Santo Pecado,2014-12-02,Pop,Metamorfosis Enterprises Limited,3876,954,album,4938,Ricardo Arjona,58,2918392
2250256,Eres,267,149.8,2003-06-04,606161,224715,Cuatro Caminos,2003-06-04,Latino,Geffen*,3187,9621,album,74311,Café Tacvba,22,979958
1065545642,Empezar Desde Cero,194,0.0,2020-09-04,379473,170198552,Empezar Desde Cero,2017-04-26,Pop,Universal Music Mexico,2884,14726,album,4475,RBD,27,499680
5316910,Duele El Amor,273,130.0,2004-02-06,582131,487371,Mundo Lite,2004-02-06,Latino,Capitol Latin,3001,3516,album,5677,Aleks Syntek,87,206282
13208810,Torero,217,136.0,2002-03-19,506744,1211200,Grandes Exitos,2002-03-19,Pop,Pop Music,3498,26143,album,3873,Chayanne,71,1729147
6304464,Enloquéceme,250,106.8,2000-06-29,430316,577540,CD00,2010-06-07,Pop,Columbia,2922,4139,album,491621,OV7,16,203836
3135563,Veridis Quo,345,0.0,2001-03-12,928445,302127,Discovery,2001-03-07,Electro,Daft Life Ltd./ADA France,3662,340918,album,27,Daft Punk,39,5202059
613093802,Femme Like U,249,117.12,2019-01-11,953116,83509952,La Good Life,2019-01-11,Rap/Hip Hop,Universal Music Distribution Deal,3028,6397,album,18,K-Maro,27,45991
3437034,La Boulette (Génération Nan Nan),231,98.9,2005-12-30,948547,326238,La boulette (Génération nan nan),2005-12-30,Rap/Hip Hop,Parlophone (France),231,26376,single,388,Diam's,24,679923
4162693,Temperature,216,0.0,2005-09-27,940885,387947,The Trinity,2005-09-26,R&B,VP Records,4093,30094,album,88,Sean Paul,161,3757728
2603558,Poker Face,237,118.8,2008-11-24,956248,253927,The Fame,2008-11-24,Pop,Streamline/Interscope,3245,109399,album,75491,Lady Gaga,98,9264181
1151147,Say It Right,222,116.8,2007-03-08,896286,123339,Loose,2007-01-01,Pop,Mosley / Geffen,5323,15623,album,133,Nelly Furtado,74,1456892
1161679,Family Affair,265,92.9,2006-12-14,926896,124386,Reflections - A Retrospective,2006-12-14,R&B,Geffen*,4710,28006,album,152,Mary J. Blige,84,1523167
64848628,Obsesion,254,133.8,2002-06-01,946162,6353739,We Broke The Rules,2002-06-01,Latino,Premium Latin Music,2742,51112,album,700,Aventura,71,2077360
2176856,Back To Black,240,123.4,2006-10-30,971939,217795,Back To Black,2006-10-30,R&B,Universal-Island Records Ltd.,2083,252313,album,9052,Amy Winehouse,23,3867526
925106,Umbrella,275,173.71,2008-06-17,958984,104188,Good Girl Gone Bad: Reloaded,2008-06-17,Pop,Def Jam Recordings,3425,204869,album,564,Rihanna,94,18031553
71608366,Me Gustas Tu,240,175.9,2001-06-01,938727,7036582,Próxima Estación: Esperanza,2008-05-26,,Radio Bemba,2740,64826,album,6,Manu Chao,51,1533101
79976878,Everytime We Touch,197,142.1,2010-02-12,884088,7976692,Everytime We Touch (Premium Edition),2010-03-26,Electro|Dance|Disco,Zoo Digital,6652,8661,album,771,Cascada,92,386401
502768092,Hey Sexy Lady,201,101.83,2018-05-25,832980,64095662,Lucky Day,2002-01-01,Pop,Geffen,3525,2560,album,461,Shaggy,147,873761
1170524,The Way I Are,203,114.8,2007-08-13,746381,125280,The Way I Are,2007-08-13,Rap/Hip Hop,Interscope/Blackground Records,402,2371,single,9662,Timbaland,59,1179993
3026450,The Magic Key,228,102.1,2003-01-01,837064,293271,The One-T ODC,2003-01-01,Electro|Techno/House|Dance,MINOR-T,3058,6641,album,940,One-T,15,10972
4311360,Halo,262,160.2,2009-09-04,719888,401015,I AM...SASHA FIERCE - Platinum Edition,2009-09-04,Pop,Music World Music/Columbia,4722,78142,album,145,Beyoncé,118,12827419
565131,What Goes Around.../...Comes Around (Interlude),449,152.0,2006-09-08,862272,73561,FutureSex/LoveSounds,2006-09-12,Pop,Jive,3979,22505,album,1147,Justin Timberlake,41,6707550
837914,Yeah!,250,104.9,2004-03-20,720638,96550,Confessions,2004-03-20,Pop|R&B|R&B contemporain,Arista,4086,13580,album,144303,Usher Featuring Lil' Jon & Ludacris,0,2528
3087828,Love Don't Let Me Go,216,126.8,2002-05-20,901803,299090,Just a Little More Love,2002-06-10,Dance,Parlophone (France),2979,30385,album,542,David Guetta,395,20097458
669652382,Rock This Party (Everybody Dance Now),245,0.0,2006-08-22,8934,539163092,Rock This Party (Everybody Dance Now),2006-08-22,Electro,Yellow Productions,245,3377,single,157,Bob Sinclar,209,1918897
4708087,R&B 2 Rue,232,108.0,2002-04-15,749904,433643,R&B 2 Rue,2001-01-01,Rap/Hip Hop,Universal Music Division Barclay,2982,23840,album,148144592,Matt,5,7444
1143499,Behind Blue Eyes,270,120.2,2007-11-01,858653,122540,Greatest Hitz,2005-11-08,Rock,Geffen,4314,74936,album,93,Limp Bizkit,22,2153566
482681822,Premier Gaou (Original Radio Edit),206,118.8,2002-01-01,822507,60656112,"Premier Gaou, The Remixes",2002-01-01,Musique africaine|Pop,Showbox International,1457,1180,ep,734,Magic System,37,823445
2279321587,Trick Me,206,0.0,2003-01-01,719561,440246237,Tasty,2003-01-01,R&B|Soul & Funk|Soul,[PIAS] Recordings Catalogue,3080,1387,album,2514,Kelis,36,101729
705531,Turn Me On,192,106.3,2004-03-30,767157,84534,Turn Me On (Online Music),2004-03-30,Reggae,Atlantic Records,192,13887,single,716,Kevin Lyttle,41,119471
3097549,Qui est l'exemple ?,244,110.0,2003-02-28,853004,299742,qui est l'exemple ?,2003-02-28,Rap/Hip Hop,Parlophone (France),1045,20724,single,750,Rohff,88,1024784
730470,Love's Divine,275,95.9,2004-11-08,678181,86955,Best 1991 - 2004,2004-11-08,Pop,Warner Records,7272,30318,album,1444,Seal,62,588336
2157406,"Never Leave You (Uh Oooh, Uh Oooh)",184,99.9,2008-07-10,755677,215929,Almost Famous,2008-07-10,Pop,Universal Records,2458,3079,album,4617,Lumidee,24,9551
4162078,Right Round,204,124.9,2009-03-23,942552,387876,R.O.O.T.S. (Route of Overcoming the Struggle),2009-03-30,Rap/Hip Hop,Poe Boy/Atlantic,3062,21288,album,64333,Flo Rida,174,4737005
673165762,Sexy Bitch (feat. Akon),195,130.01,2011-08-05,954716,95314202,One More Love,2011-08-05,Dance,Parlophone (France),3519,14156,album,542,David Guetta,395,20097458
679217,Hung Up,337,124.9,2005-11-11,917400,82006,Confessions on a Dance Floor,2005-11-14,Pop,Warner Records,3357,113912,album,290,Madonna,144,4902460
13129211,You Rock My World (Radio Edit),265,95.0,2003-11-17,906456,1205152,Number Ones,2003-11-17,Pop,Epic,4711,135609,album,259,Michael Jackson,41,13100068
992131062,Lucky Star,296,0.0,2000-02-26,10247,673901271,Hold Up,2000-02-26,Electro,Wagram Music / Balagan Music,4835,809,album,3049,Superfunk,56,7661
2545396411,Thank You (Not So Bad),140,0.0,2025-01-27,850252,513421571,Thank You (Not So Bad),2025-01-27,Electro|Dance|Pop,Ministry of Sound Recordings,140,2716,single,262271,Dimitri Vegas & Like Mike,201,2200234
3169161,I Kissed A Girl,180,130.01,2008-09-15,936962,304290,One Of The Boys,2008-09-15,Pop,Capitol Records,2800,65457,album,144227,Katy Perry,89,9777677
1066626492,Liberta,204,0.0,2008-12-05,855708,170424762,Utopies dans le décor,2008-01-01,Chanson française,Echo Productions,3540,2103,album,4618,Pep's,9,55406
2447443,Dilemma,289,168.1,2002-05-28,894589,240897,Nellyville,2002-05-28,Rap/Hip Hop,Motown,4538,35913,album,105,Nelly,65,1605596
3667551,Music,225,119.84,2000-09-18,753303,345328,Music,2000-09-18,Pop,Warner Records,2948,48719,album,290,Madonna,144,4902460
886428,The Sweet Escape,248,119.8,2008-05-12,747108,100558,Hip Hop: The Collection 2008,2008-05-12,Rap/Hip Hop,Universal Music Group International,5959,18883,album,16,Gwen Stefani,44,1234666
90533119,Empire State Of Mind,277,173.0,2014-11-24,947001,9178393,The Blueprint 3,2009-09-01,Rap/Hip Hop,Roc Nation / Jay-Z,3648,33118,album,1309,JAY Z,59,3574419
3129431,Caravane,206,99.9,2005-09-12,898199,301754,Caravane,2005-09-09,Pop,Parlophone (France),2054,77202,album,529,Raphaël,33,277035
67929419,Formidable,215,144.1,2013-06-04,629759,6651516,Formidable,2013-06-04,Pop,Universal Music Distributed Labels,215,91937,single,310260,Stromae,16,3478961
2229726,Candy Shop,208,98.0,2005-03-04,826932,223148,Candy Shop,2005-03-04,Rap/Hip Hop,Aftermath/Shady,424,15819,single,66,50 Cent,58,7860027
577487252,It's My Life,224,119.84,2018-11-02,876758,77211342,Bon Jovi Greatest Hits - The Ultimate Collection (Deluxe),2010-11-15,Rock,Island Records,7057,34295,album,637,Bon Jovi,69,5270340
1141668,In Da Club,193,179.8,2003-11-17,924879,122366,Get Rich Or Die Tryin',2003-11-17,Rap/Hip Hop,Shady Records,4451,270253,album,66,50 Cent,58,7860027
969494,Cry Me a River,288,0.0,2002-11-05,866866,108359,Justified,2002-11-05,Pop,Jive,3796,69598,album,1147,Justin Timberlake,41,6707550
3148168,Fuck You,220,130.0,2009-05-08,777832,302928,Fuck You,2009-05-08,Pop,Parlophone UK,1283,14800,ep,4607,Lily Allen,35,1198688
562497,La Tortura (feat. Alejandro Sanz),212,0.0,2005-11-28,11856,763994911,"Oral Fixation, Vol. 2 (Expanded Edition)",2005-11-28,Pop,Epic,3691,4385,album,160,Shakira,71,11697128
6685848,Bad Day,233,140.2,2005-02-22,830650,618084,Daniel Powter,2005-02-22,Pop,Warner Records,2229,6956,album,312,Daniel Powter,18,50546
3135367,Elle est à toi,277,87.0,2000-03-27,703493,302111,chercheuse d'or,2003-02-28,R&B,Parlophone (France),3345,6858,album,13681,Assia,4,11512
579936282,Il avait les mots,227,172.27,2018-11-09,927550,77654382,Sheryfa Luna,2007-11-19,Rap/Hip Hop,Universal Music Division Barclay,3006,6408,album,17143,Sheryfa Luna,12,195359
3664988,L'assasymphonie,230,130.0,2009-04-27,883392,345090,Mozart l'Opera Rock (standard),2009-04-15,Pop|Films/Jeux vidéo|Comédies musicales,Warner (France),2403,50982,album,159051,Mozart Opera Rock,6,94240
863369,911 (feat. Mary J. Blige),261,173.7,2000-05-01,725620,98609,The Ecleftic -2 Sides II A Book,2000-10-29,Pop,Columbia,4436,9546,album,2395,Wyclef Jean,86,448484
2793680,Me & U,192,99.9,2006-08-07,820800,271485,Cassie (U.S. Version),2006-08-07,Pop,Bad Boy Records,2118,20481,album,2623,Cassie,16,380329
2435238,Let's Get It Started (Spike Mix),217,0.0,2006-10-31,838490,239875,Let's Get It Started,2006-10-31,Rap/Hip Hop,A&M,694,3750,single,1020109,Black Eyed Peas,68,6101420
1151152,All Good Things (Come To An End),311,100.8,2007-03-08,790903,123339,Loose,2007-01-01,Pop,Mosley / Geffen,5323,15623,album,133,Nelly Furtado,74,1456892
2509102,Suga Suga,239,0.0,2007-07-12,801629,246499,Tha Smokin' Nephew,2003-01-01,R&B,Universal Records,4226,4911,album,5099,Baby Bash,143,68892
925108,Don't Stop The Music,267,122.68,2008-06-17,987446,104188,Good Girl Gone Bad: Reloaded,2008-06-17,Pop,Def Jam Recordings,3425,204869,album,564,Rihanna,94,18031553
3113136,La Boulette (Génération Nan Nan),231,98.9,2006-02-03,767394,300740,Dans Ma Bulle Edition Collector,2006-09-22,Rap/Hip Hop,Parlophone (France),6076,64549,album,388,Diam's,24,679923
1092293262,Seven Nation Army,231,0.0,2003-04-01,779335,175927162,Elephant,2003-04-01,Alternative|Rock,Legacy Recordings,2989,31388,album,636,The White Stripes,33,1318979
129287494,Stereo Love (Radio Edit),184,0.0,2016-07-08,852737,13677548,Stereo Love,2016-07-08,Electro|Dance,Happy Music,6481,3164,single,293767,Edward Maya,274,173177
10963353,Enamorame,262,120.2,2007-02-09,695371,1003420,Yeah Baby!!,2007-02-09,Latino,J&N Records,2352,858,album,42,Papi Sanchez,29,4557
916424,Without Me,290,112.3,2007-09-13,961431,103248,The Eminem Show,2002-05-26,Rap/Hip Hop,Eminem Catalog PS,4639,529403,album,13,Eminem,67,19098403
3731410,Hotel Room Service,237,126.0,2009-06-11,866124,350326,Hotel Room Service,2009-06-11,Alternative|Pop Indé|Dance|Rap/Hip Hop|Pop|R&B|Latino,Mr.305/Polo Grounds Music/J Records,237,9504,single,776,Pitbull,181,7254734
2457786,Who's That Girl?,281,193.2,2001-02-25,617704,241661,Scorpion,2001-02-25,Rap/Hip Hop,Ruff Ryders RECORDS,3911,1120,album,837,Eve,25,154197
650147122,No Stress,201,130.01,2019-03-18,780012,90685382,No Stress,2019-03-18,Electro|Techno/House|Dance,Wolf Project,619,1915,single,2597,Laurent Wolf,53,128635
5817089,Survivor,241,160.9,2001-01-01,847318,78534,Survivor,2001-01-01,Pop,Columbia,4251,58031,album,595,Destiny's Child,57,1794913
1136200,C'est beau la bourgeoisie (Radio Edit),211,128.0,2008-08-18,804169,121818,C'est beau la bourgeoisie (Radio Edit),2008-08-18,Electro|Techno/House|Dance|Pop,Sony Music Media,211,6255,single,80466,Discobitch,3,13093
952870,It Wasn't Me,226,94.6,2007-09-17,673476,107187,Club R&B,2007-09-17,R&B,Universal Music Group International,2798,4559,album,461,Shaggy,147,873761
819736552,Blinding Lights,201,170.84,2019-11-29,21815,172918312,Blinding Lights (Instrumental),2020-09-11,R&B,Republic Records,201,5202,single,4050205,The Weeknd,86,14666213
139470659,Shape of You,233,95.93,2017-01-06,968208,14996073,Shape of You,2017-01-06,Pop|Singer & Songwriter,Atlantic Records UK,233,456664,single,384236,Ed Sheeran,154,20903429
582143242,Someone You Loved,182,109.96,2018-11-08,961885,78031872,Breach,2018-11-08,Alternative,Vertigo Berlin,789,35130,ep,12088868,Lewis Capaldi,52,1201599
602456552,Sunflower (Spider-Man: Into the Spider-Verse),158,179.76,2018-12-14,977099,81457652,Spider-Man: Into the Spider-Verse (Soundtrack From & Inspired by the Motion Picture),2018-12-14,Films/Jeux vidéo|Musiques de films,Universal Records,2497,115141,album,7543848,Post Malone,41,4198378
486928932,lovely,199,114.84,2018-04-19,954643,61392882,lovely,2018-04-19,Alternative,Darkroom,199,167570,single,9635624,Billie Eilish,32,9243395
131742260,Say You Won't Let Go,211,95.04,2016-09-09,859877,13994984,Say You Won't Let Go,2016-09-09,Pop|Pop internationale|Rock,Columbia,211,71084,single,873890,James Arthur,102,1535436
698905582,Señorita,191,0.0,2019-06-21,878693,100856872,Señorita,2019-06-21,Pop,Island Records,191,93101,single,5962948,Shawn Mendes,43,6774812
737967292,Cruel Summer,178,170.14,2019-08-23,907898,108447472,Lover,2019-08-23,Pop,Taylor Swift,3705,188267,album,12246,Taylor Swift,123,12713281
793163542,Don't Start Now,183,124.16,2019-10-31,831541,117053822,Don't Start Now,2019-10-31,Pop,Warner Records,183,58369,single,8706544,Dua Lipa,135,8773029
112662366,Sorry,201,99.86,2015-11-13,845359,11674708,Purpose (Deluxe),2015-11-13,Pop,RBMG/Def Jam,3979,830997,album,288166,Justin Bieber,62,11147323
8011850,Just the Way You Are,220,0.0,2010-05-11,948490,739505,Doo-Wops & Hooligans,2010-10-05,Pop,Elektra (NEK),2521,578044,album,429675,Bruno Mars,36,12769566
124603270,One Dance,174,0.0,2016-05-06,956192,13082992,Views,2016-05-06,Rap/Hip Hop,Cash Money Records/Young Money Ent./Universal Rec.,4875,560584,album,246791,Drake,77,24075044
70079770,All of Me,269,126.05,2013-08-30,913158,6872923,Love In The Future (Expanded Edition),2013-08-30,Pop|R&B,G.O.O.D. Music/Columbia,4042,189777,album,313,John Legend,93,3554117
99976952,Stressed Out,202,170.1,2015-05-15,945468,10236282,Blurryface,2015-05-15,Alternative,Fueled By Ramen,3137,542185,album,647650,Twenty One Pilots,43,5000146
742744952,Circles,215,119.84,2019-08-30,807574,109313692,Circles,2019-08-30,Rap/Hip Hop,Republic Records,215,14885,single,7543848,Post Malone,41,4198378
655095912,bad guy,194,135.11,2019-03-29,932130,91598612,"WHEN WE ALL FALL ASLEEP, WHERE DO WE GO?",2019-03-29,Alternative,Darkroom/Interscope Records,2572,552855,album,9635624,Billie Eilish,32,9243395
447098092,Havana (feat. Young Thug),216,104.93,2018-01-12,916460,54496412,Camila,2018-01-12,Pop,Syco Music/Epic,2214,200797,album,9236850,Camila Cabello,40,3900209
351594981,Treat You Better,189,0.0,2017-04-20,943864,40146511,Illuminate,2017-04-20,Pop,Island Records,2683,76726,album,5962948,Shawn Mendes,43,6774812
117797212,We Don't Talk Anymore (feat. Selena Gomez),217,99.9,2016-01-29,888155,12231484,Nine Track Mind,2016-01-29,Pop,Artist Partner,2693,141781,album,1362735,Charlie Puth,96,2303689
14993990,Somebody That I Used To Know,241,128.8,2011-12-12,911258,1382596,Making Mirrors,2011-12-12,Alternative,Universal-Island Records Ltd.,2536,118455,album,159449,Gotye,5,420020
38934641,Payphone,231,110.0,2012-06-25,919280,3791241,Overexposed,2012-01-01,Pop,Interscope Records*,2730,12697,album,1188,Maroon 5,65,11406009
15546830,Pumped Up Kicks,239,128.0,2011-05-23,896811,1437015,Torches,2011-06-24,Alternative,Columbia,2307,91383,album,417037,Foster the People,38,1113408
810557802,Before You Go,215,112.04,2019-11-22,619486,119384982,Divinely Uninspired To A Hellish Extent (Extended Edition),2019-11-22,Alternative,Vertigo Berlin,3184,26994,album,12088868,Lewis Capaldi,52,1201599
2441318935,Happier,214,0.0,2018-08-17,774943,484483015,Happier,2018-08-17,Electro|Dance|Pop,Joytime Collective,214,5065,single,7890702,Marshmello,184,3106964
72299954,Say Something,229,141.1,2013-11-04,818705,7105162,Say Something,2013-11-04,Alternative|Pop Indé|Pop|Pop indé/Folk|Pop internationale|Rock|Singer & Songwriter,Epic,229,62941,single,4043368,A Great Big World,26,258320
504313072,Let Me Down Slowly,169,149.8,2018-05-25,895640,64379552,Let Me Down Slowly,2018-05-25,Pop,P2018,169,50595,single,884659,Alec Benjamin,48,418454
121239412,7 Years,237,119.8,2016-04-01,745660,12761782,Lukas Graham (Blue Album),2016-04-01,Pop,Universal Music A/S,2399,23128,album,1563138,Lukas Graham,44,566329
561856742,Shallow,216,95.93,2018-10-05,968235,74434962,A Star Is Born Soundtrack,2018-10-05,Films/Jeux vidéo|Musiques de films,A Star is Born OST,2761,364595,album,75491,Lady Gaga,98,9264181
349385251,Attention,211,99.86,2017-04-21,896464,39839191,Attention,2017-04-21,Pop,Artist Partner,211,114611,single,1362735,Charlie Puth,96,2303689
366297921,New Rules,209,116.13,2017-06-02,868598,42194891,Dua Lipa (Deluxe),2017-06-02,Pop,Warner Records,3604,153100,album,8706544,Dua Lipa,135,8773029
111780380,I'm Not The Only One,239,82.03,2015-11-06,891200,11603598,In The Lonely Hour (Drowning Shadows Edition),2015-11-06,Pop,PLG - Capitol,4977,153422,album,1097709,Sam Smith,107,5578740
655095962,when the party's over,199,124.91,2019-03-29,917041,91598612,"WHEN WE ALL FALL ASLEEP, WHERE DO WE GO?",2019-03-29,Alternative,Darkroom/Interscope Records,2572,552855,album,9635624,Billie Eilish,32,9243395
595112162,I Don’t Wanna Live Forever (Fifty Shades Darker),245,118.12,2018-11-30,843177,80126642,reputation Stadium Tour Surprise Song Playlist,2018-11-30,Pop,Taylor Swift,6200,13512,album,9761322,ZAYN,35,2704187
77861338,Shower,205,119.8,2014-04-23,886025,7738427,Shower,2014-04-23,Pop,Kemosabe Records/RCA Records,205,54410,single,4698748,Becky G,111,1867373
99976954,Ride,214,149.8,2015-05-15,925409,10236282,Blurryface,2015-05-15,Alternative,Fueled By Ramen,3137,542185,album,647650,Twenty One Pilots,43,5000146
1493746682,It's You,212,95.93,2021-09-17,481838,258733372,Nights Like This - Chilled R'n'B & Rap,2021-09-17,R&B,Warner Music Group - X5 Music Group,5306,53,album,12741929,Ali Gatie,101,198717
136889434,I Feel It Coming,269,186.23,2016-11-25,941816,14652356,Starboy,2016-11-25,R&B,The Weeknd/Lyric,4113,421062,album,4050205,The Weeknd,86,14666213
5979884,Nothin' on You (feat. Bruno Mars),268,103.9,2010-04-27,773273,544370,B.o.B Presents: The Adventures of Bobby Ray,2010-04-27,Rap/Hip Hop,Rebel Rock/Grand Hustle/Atlantic,2874,29761,album,280294,B.o.B,81,1154288
539562302,Sweet but Psycho,187,132.94,2018-08-17,893131,70366152,Sweet but Psycho,2018-08-17,Pop,Atlantic Records,187,74012,single,12948083,Ava Max,111,1226502
5979887,Airplanes (feat. Hayley Williams of Paramore),180,186.2,2010-04-27,871024,544370,B.o.B Presents: The Adventures of Bobby Ray,2010-04-27,Rap/Hip Hop,Rebel Rock/Grand Hustle/Atlantic,2874,29761,album,280294,B.o.B,81,1154288
137731571,Oceans Away,193,106.01,2016-12-09,506653,14781641,Oceans Away,2016-12-09,Alternative,Atlantic Records,193,788,single,8648524,A R I Z O N A,48,14624
79779580,Lost Stars,267,164.06,2014-07-01,433833,8193646,New York Melody - Music From And Inspired By The Original Motion Picture (Deluxe),2014-07-28,Films/Jeux vidéo|Musiques de films,222 Records/Interscope,3311,18946,album,4404332,Adam Levine,6,613418
8086136,Someone Like You,285,0.0,2011-01-24,889925,746059,21,2011-02-22,Pop,XL Recordings,2882,857702,album,75798,Adele,20,15462829
120739016,Scars To Your Beautiful,230,0.0,2016-03-11,802849,12599760,Know-It-All (Deluxe),2016-03-11,Pop,"EP Entertainment, LLC / Def Jam",3278,72462,album,7890062,Alessia Cara,49,699164
10287270,Criminal,225,107.9,2011-03-28,853104,940646,Femme Fatale (Deluxe Version),2011-03-28,Pop,Jive,3515,105470,album,483,Britney Spears,30,5447892
623685532,Everlasting,229,84.89,2019-02-07,456722,85600772,Everlasting,2019-02-07,R&B,Albert Posis,229,82,single,8974050,Albert Posis,52,464
17826508,Call Me Maybe,193,119.8,2012-05-14,947822,1673192,Call Me Maybe,2012-05-14,Pop,School Boy/Interscope Records,791,33665,single,1002521,Carly Rae Jepsen,45,2508652
14495564,Stereo Hearts (feat. Adam Levine),210,89.9,2011-11-15,805903,1332351,The Papercut Chronicles II,2011-11-15,Alternative,Decaydance/Fueled By Ramen,2609,2945,album,5576,Gym Class Heroes,27,315101
104703726,Cheerleader (feat. Nicky Jam) (Felix Jaehn Remix),180,118.1,2015-07-31,487092,10899994,Cheerleader (feat. Nicky Jam) (Felix Jaehn Remix),2015-07-31,Electro|Techno/House|Dance|Pop,"Ultra Records, LLC",180,12432,single,1396006,OMI,23,267410
71645436,Dark Horse,215,132.09,2013-10-22,944277,7040437,PRISM (Deluxe),2013-10-22,Pop,Capitol Records (CAP),3700,459287,album,144227,Katy Perry,89,9777677
3092872451,I Took A Pill In Ibiza (Seeb Remix),198,0.0,2024-11-22,480173,670387481,Putzen & Aufräumen,2024-11-22,Pop,UME - Global Clearing House,5449,69,album,378294,Mike Posner,67,717002
86876435,Little Do You Know,184,146.1,2014-10-06,670513,8764885,It's About Us,2014-10-06,Pop,Syco Music/Columbia Records,2508,9429,album,5947476,Alex & Sierra,3,44793
403074632,Dusk Till Dawn (feat. Sia) (Radio Edit),239,89.88,2017-09-07,882538,47526952,Dusk Till Dawn (feat. Sia) (Radio Edit),2017-09-07,Alternative|Dance|Pop|R&B|R&B contemporain|Soul,RCA Records Label,239,95485,single,9761322,ZAYN,35,2704187
14499484,a thousand years,285,93.1,2011-11-04,892042,1332715,The Twilight Saga: Breaking Dawn - Part 1 (Original Motion Picture Soundtrack),2011-11-04,Films/Jeux vidéo|Musiques de films,Chop Shop/Atlantic,3675,85144,album,996589,Christina Perri,36,882289
671451122,Dance Monkey,209,97.97,2019-05-10,26215,352799877,Power Hour - Uplifting Tracks,2022-10-07,Pop,Warner Music Group - X5 Music Group,4703,6,album,59070642,Tones and I,49,549556
61542462,Girl on Fire,225,92.9,2012-11-18,878990,6030697,Girl on Fire (Remixes) - EP,2012-11-18,Pop|Pop internationale|Rock|R&B,RCA Records Label,982,13265,ep,228,Alicia Keys,75,5804553
90408887,XO,215,170.1,2014-11-24,613491,9163719,BEYONCÉ [Platinum Edition],2014-11-24,Pop|Pop internationale|Rock,Parkwood Entertainment/Columbia,5600,436344,album,145,Beyoncé,118,12827419
379691801,Boys,162,0.0,2017-07-26,581501,44063281,Boys,2017-07-26,Pop,Atlantic Records UK,162,15556,single,1462230,Charli xcx,116,1885330
489727112,no tears left to cry,205,121.96,2018-04-20,10154,664117711,2018 Best of by uDiscover,2024-11-08,Pop,UME - Global Clearing House,5024,195,album,1562681,Ariana Grande,72,13417237
79587580,Chandelier,216,173.71,2014-07-07,937345,7927592,1000 Forms Of Fear,2014-07-04,Pop|Rock,Monkey Puzzle Records/RCA Records,2927,257339,album,3469,Sia,154,8708301
138545995,Hello,295,0.0,2015-11-20,862708,14880539,25,2015-11-20,Pop,XL Recordings,2900,263099,album,75798,Adele,20,15462829
79590714,Boom Clap,169,183.8,2014-06-16,839368,7927998,Boom Clap,2014-06-16,Pop,Asylum,169,28593,single,1462230,Charli xcx,116,1885330
61085536,Ready or Not,200,92.9,2012-10-22,705911,5981721,Hello My Name Is...,2012-01-01,Pop,Hollywood Records,2531,37024,album,1219583,Bridgit Mendler,15,634931
629899852,"thank u, next",206,107.11,2019-02-08,912649,86773062,"thank u, next",2019-02-08,Pop,Republic Records,2450,296496,album,1562681,Ariana Grande,72,13417237
105878272,One Call Away,192,91.1,2015-08-21,530306,11033994,One Call Away,2015-08-21,Pop,Artist Partner,192,63219,single,1362735,Charlie Puth,96,2303689
69417695,Wings,252,83.2,2013-07-29,809817,6804540,Wings,2013-07-29,Alternative,Atlantic Records UK,252,26451,single,107666,Birdy,83,1379993
60978718,Diamonds,225,92.08,2012-09-27,955912,5969396,Diamonds,2012-09-27,Pop,Def Jam Recordings,225,237272,single,564,Rihanna,94,18031553
12324769,Too Close,256,126.0,2011-07-11,707573,1132614,The Lateness Of The Hour,2011-01-01,Pop,Universal-Island Records Ltd.,2782,39187,album,1021165,Alex Clare,24,84548
744266592,Liar,207,97.97,2019-09-04,649964,109617722,Liar,2019-09-04,Dance|Pop|R&B,Syco Music/Epic,207,16311,single,9236850,Camila Cabello,40,3900209
10686934,Run the World (Girls),236,126.8,2011-04-21,812255,977115,Run The World (Girls),2011-04-21,Pop,Columbia,236,30213,single,145,Beyoncé,118,12827419
66314771,Safe And Sound,192,118.1,2013-04-05,8900,619164351,Hochzeitsparty,2024-07-30,Pop,UME - Global Clearing House,5543,67,album,432247,Capital Cities,24,1105191
561856792,Always Remember Us This Way,210,130.01,2018-10-05,950944,74434962,A Star Is Born Soundtrack,2018-10-05,Films/Jeux vidéo|Musiques de films,A Star is Born OST,2761,364595,album,75491,Lady Gaga,98,9264181
374051471,"Feels (feat. Pharrell Williams, Katy Perry & Big Sean)",223,101.08,2017-06-16,880881,43240681,"Feels (feat. Pharrell Williams, Katy Perry & Big Sean)",2017-06-16,Dance,Columbia,223,54249,single,12178,Calvin Harris,159,12317894
8110298,Rolling in the Deep,228,0.0,2011-01-16,683385,748196,Rolling in the Deep,2011-01-16,Pop,XL Recordings,464,125276,single,75798,Adele,20,15462829
142986206,Perfect,263,95.04,2017-03-03,930170,15478674,÷ (Deluxe),2017-03-03,Pop|Singer & Songwriter,Atlantic Records UK,3567,1015409,album,384236,Ed Sheeran,154,20903429
92734438,Uptown Funk (feat. Bruno Mars),270,114.8,2015-01-12,982559,9411436,Uptown Special,2015-01-13,Pop,Columbia,2324,74303,album,13204,Mark Ronson,75,753453
105356142,Run Away With Me,251,119.15,2015-08-21,17810,11152540,Emotion (Deluxe),2015-09-25,Pop,Silent Records IGA,3250,7762,album,1002521,Carly Rae Jepsen,45,2508652
642966492,So Am I,184,130.01,2019-03-07,751635,89263772,So Am I,2019-03-07,Pop,Atlantic Records,184,29689,single,12948083,Ava Max,111,1226502
422202502,Too Good At Goodbyes,201,91.88,2017-11-03,849492,50607242,The Thrill Of It All (Special Edition),2017-11-03,Pop,PLG - Capitol,2970,112134,album,1097709,Sam Smith,107,5578740
78391993,Wherever You Will Go,197,112.0,2015-01-27,516034,7797039,Wherever You Will Go,2014-05-19,Pop,Peacefrog Records,380,1816,single,507710,Charlene Soraia,13,6565
675340152,La Cintura (Remix),178,99.86,2019-05-10,573001,95829572,Mar De Colores (Versión Extendida),2019-05-10,Pop|Latino,Airforce1,3399,8873,album,7688746,Alvaro Soler,55,480282
447098062,Never Be the Same,227,130.01,2018-01-12,794813,54496412,Camila,2018-01-12,Pop,Syco Music/Epic,2214,200797,album,9236850,Camila Cabello,40,3900209
1995835447,2002,187,95.93,2022-12-02,419388,372136177,Happy Songs,2022-12-02,Pop,Warner Music Group - X5 Music Group,4785,22,album,6396188,Anne-Marie,129,1865650
94453310,Break the Rules,203,124.16,2015-02-13,476444,9662254,SUCKER,2014-12-15,Pop,Asylum,2820,1271,album,1462230,Charli xcx,116,1885330
1118026772,That's Us,270,0.0,2020-10-27,506297,181418642,That's Us,2020-10-27,Singer & Songwriter,Seabra Songs,270,314,single,14598737,Anson Seabra,27,33791
107369616,Moves Like Jagger,201,128.0,2015-09-25,636633,11195154,Singles,2015-09-25,Pop,Interscope Records*,2623,72489,album,1188,Maroon 5,65,11406009
62724019,When I Was Your Man,213,146.1,2012-12-07,949124,6157080,Unorthodox Jukebox,2012-12-05,Pop,Atlantic Records,2091,743689,album,429675,Bruno Mars,36,12769566
142844852,Slide (feat. Frank Ocean & Migos),231,103.88,2017-02-24,725338,15456508,Slide (feat. Frank Ocean & Migos),2017-02-24,Electro|Techno/House|Dance|Rap/Hip Hop|Pop,Columbia,231,39545,single,12178,Calvin Harris,159,12317894
83837260,One Last Time,197,0.0,2014-08-25,604203,10047454,Kendji,2015-05-04,Pop,Universal Music Division Polydor France,3647,190440,album,1562681,Ariana Grande,72,13417237
396444872,Dancing On My Own,260,112.65,2017-08-25,2475,104825,Beat It,2008-01-01,Alternative,Island Records,814,7584,single,9811408,Calum Scott,82,492122
415370102,Mine,133,143.06,2017-10-12,671341,49544762,Mine,2017-10-12,Pop,ZZZ Entertainment,133,32904,single,5484712,Bazzi,42,279843
518485472,Be Alright,196,126.82,2018-06-29,866041,66647762,Be Alright,2018-06-29,Singer & Songwriter,Universal Music Australia Pty. Ltd.,196,33984,single,6401240,Dean Lewis,74,420699
803010392,everything i wanted,245,119.84,2019-11-14,890681,118529282,everything i wanted,2019-11-14,Alternative,Darkroom/Interscope Records,245,83238,single,9635624,Billie Eilish,32,9243395
538085632,Peach,255,110.84,2018-08-08,434623,70130302,Peach,2018-08-08,Alternative,Neon Gold/Atlantic,255,446,single,5415656,Broods,35,44512
8011849,Grenade,222,0.0,2010-05-11,913195,739505,Doo-Wops & Hooligans,2010-10-05,Pop,Elektra (NEK),2521,578044,album,429675,Bruno Mars,36,12769566
391786232,Meant to Be (feat. Florida Georgia Line),163,154.27,2017-08-11,631271,45854242,All Your Fault: Pt. 2,2017-08-11,Pop,Warner Records,1172,29169,ep,4492087,Bebe Rexha,129,1832653
498130042,Girls Like You (Cardi B Version),236,124.91,2018-05-31,845497,63272252,Girls Like You,2018-05-31,Pop,Interscope Records*,236,169818,single,1188,Maroon 5,65,11406009
1118067372,I Can't Carry This Anymore,200,0.0,2020-10-27,457613,181424672,I Can't Carry This Anymore,2020-10-27,Singer & Songwriter,Seabra Songs,200,427,single,14598737,Anson Seabra,27,33791
61424044,Can't Hold Us (feat. Ray Dalton),258,146.09,2012-10-09,998821,6019334,The Heist,2012-10-09,Rap/Hip Hop,Macklemore,3848,384279,album,152291,Macklemore,32,986642
14525574,We Found Love (Album Version),216,128.0,2011-11-21,983931,1335314,Talk That Talk (Deluxe),2011-11-21,Pop,Def Jam Recordings,2943,376263,album,564,Rihanna,94,18031553
5639256,Désolé,204,95.9,2010-03-29,905886,514869,L'école des points vitaux,2010-03-29,Rap/Hip Hop,Jive Epic,4502,283282,album,75001,Sexion d'Assaut,14,2636095
28852751,Starships,210,0.0,2012-05-15,945969,2732901,Pink Friday ... Roman Reloaded (Deluxe),2012-05-15,Rap/Hip Hop,Nicki Minaj/Cash Money,4561,94605,album,382937,Nicki Minaj,94,7402806
62766452,On se connaît,273,95.9,2012-01-01,947621,6160538,On se connaît,2012-01-01,Rap/Hip Hop|Rap français,Bomaye musik,1355,44359,ep,13020,Youssoupha,76,986972
62847142,Titanium (feat. Sia),245,126.05,2012-12-07,956365,6168389,Nothing but the Beat (Ultimate Edition),2012-12-07,Dance,Parlophone (France),5794,694822,album,542,David Guetta,395,20097458
134533238,Cheap Thrills (feat. Sean Paul),224,179.76,2016-10-21,711831,14345648,This Is Acting (Deluxe Version),2016-10-21,Pop,Monkey Puzzle Records/RCA Records,4448,226794,album,3469,Sia,154,8708301
89077555,Shake It Off,219,160.25,2014-10-27,915715,9007781,1989 (Deluxe),2014-10-27,Pop,Taylor Swift,4122,151147,album,12246,Taylor Swift,123,12713281
5639255,Wati by Night,249,114.8,2010-03-29,961517,514869,L'école des points vitaux,2010-03-29,Rap/Hip Hop,Jive Epic,4502,283282,album,75001,Sexion d'Assaut,14,2636095
1254389442,Stereo Love,247,0.0,2009-07-07,801937,209997592,Stereo Love,2009-07-07,Electro|Dance,2009 Cat Music,247,2935,single,293767,Edward Maya,274,173177
569166532,Lean On,177,97.97,2018-10-19,667610,75816422,Major Lazer Essentials,2018-10-19,Electro,Third Pardee Records,5354,23339,album,282118,Major Lazer,119,7651003
8086130,Set Fire to the Rain,242,0.0,2011-01-24,938361,746059,21,2011-02-22,Pop,XL Recordings,2882,857702,album,75798,Adele,20,15462829
79589178,Loca (feat. El Cata),185,112.0,2010-10-19,829194,7927764,Sale el Sol,2010-10-19,Pop,Sony Music Latin/Epic,2967,75608,album,160,Shakira,71,11697128
61142285,Feel So Close (Radio Edit),206,0.0,2012-10-29,863666,5988249,18 Months,2012-10-26,Dance,Columbia,3006,244049,album,12178,Calvin Harris,159,12317894
6461440,Love The Way You Lie,263,173.7,2010-06-21,932417,595243,Recovery,2010-01-01,Rap/Hip Hop,Eminem Catalog PS,4626,449956,album,13,Eminem,67,19098403
14235829,I Follow Rivers (The Magician Remix),279,121.96,2011-10-10,721294,1306557,I Follow Rivers (The Magician Remix),2011-10-10,Alternative,Atlantic Records,279,22319,single,72503,Lykke Li,56,677988
101764813,On verra,211,0.0,2015-06-08,910193,10565677,Feu,2015-06-23,Rap/Hip Hop,Universal Music Division Barclay,4757,452031,album,1412564,Nekfeu,20,2893378
14948701,Danza Kuduro,199,130.0,2010-11-16,549090,1378614,Meet The Orphans,2010-11-16,Rap/Hip Hop|Latino,UMLE - Machete,3834,43504,album,725,Don Omar,70,4033976
65232772,Good Feeling,248,128.0,2012-06-22,855976,6393486,Wild Ones,2012-06-22,Rap/Hip Hop,Poe Boy/Atlantic,2262,35295,album,64333,Flo Rida,174,4737005
576822202,Cosmo,183,146.09,2015-08-21,888786,77126682,Cosmopolitanie (Deluxe Edition),2015-08-21,Rap/Hip Hop,Rec. 118,5452,50069,album,13011,Soprano,70,3136861
1703487577,As It Was,167,0.0,2022-03-31,969095,307085627,As It Was,2022-03-31,Pop,Columbia,167,29313,single,5313805,Harry Styles,7,2191446
1425844092,STAY,140,0.0,2021-07-09,943988,242430582,STAY,2021-07-09,Alternative|Pop Indé|Pop|Pop indé/Folk,Columbia,140,32314,single,51204222,The Kid Laroi,55,451324
973995902,Heat Waves,238,0.0,2020-06-29,25164,835424222,school mornings in fall,2025-10-17,Pop,UME - Global Clearing House,6255,77,album,2489131,Glass Animals,42,321748
2801558052,BIRDS OF A FEATHER,210,0.0,2024-05-17,963029,586786102,HIT ME HARD AND SOFT,2024-05-17,Alternative,Darkroom/Interscope Records,2629,194805,album,9635624,Billie Eilish,32,9243395
2947516331,Die With A Smile,250,0.0,2024-08-16,997757,629506181,Die With A Smile,2024-08-16,Pop,Interscope,250,28129,single,75491,Lady Gaga,98,9264181
2610711672,Beautiful Things,180,0.0,2024-01-18,963402,531687612,Beautiful Things,2024-01-18,Pop,"Night Street Records, Inc./Warner Records Inc.",180,16760,single,146543992,Benson Boone,28,496543
2105158337,Flowers,200,0.0,2023-01-13,966114,395674277,Flowers,2023-01-13,Pop,Columbia,200,27025,single,12436,Miley Cyrus,61,7234470
2743578151,Espresso,175,0.0,2024-04-12,979835,571147791,Espresso,2024-04-12,Pop,Island Records,175,12757,single,1176900,Sabrina Carpenter,59,1808909
2055292027,Kill Bill,153,0.0,2022-12-09,830568,383703577,SOS,2022-12-09,R&B,Top Dawg Entertainment/RCA Records,4078,86243,album,5531258,SZA,42,1327007
1457025872,Cold Heart (PNAU Remix),203,0.0,2021-08-13,906302,249925992,Cold Heart (PNAU Remix),2021-08-13,Pop,EMI,203,43900,single,413,Elton John,103,2991899
908604632,Save Your Tears,215,118.12,2020-03-20,955918,137217782,After Hours,2020-03-20,R&B,Republic Records,3377,188460,album,4050205,The Weeknd,86,14666213
1122450992,DÁKITI,204,0.0,2020-10-30,981990,182383222,DÁKITI,2020-10-30,Latino,Rimas Entertainment LLC.,204,32227,single,10583405,Bad Bunny,88,7982199
1874467717,I'm Good (Blue),175,0.0,2022-08-26,875824,348202627,I'm Good (Blue),2022-08-26,Dance,Parlophone UK,394,11627,single,542,David Guetta,395,20097458
2312663495,Lose Control,210,0.0,2023-06-23,880056,449089625,Lose Control,2023-06-23,Pop,Warner Records,210,5862,single,64927672,Teddy Swims,75,418015
1749916957,I Ain't Worried,148,0.0,2022-05-13,777353,318263717,"I Ain’t Worried (Music From The Motion Picture ""Top Gun: Maverick"")",2022-05-13,Pop,Interscope Records,148,3078,single,74398,OneRepublic,104,4343073
3050380851,APT.,169,0.0,2024-10-18,992741,658285691,APT.,2024-10-18,Pop,Atlantic Records,169,34572,single,126335112,ROSÉ,6,558874
1493915862,MONTERO (Call Me By Your Name),137,0.0,2021-09-17,706467,258772832,MONTERO,2021-09-17,Pop,Columbia,2474,112191,album,15166511,Lil Nas X,37,1727616
1409072752,Bad Habits,230,0.0,2021-06-25,920163,238407992,Bad Habits,2021-06-25,Pop,Atlantic Records UK,230,24237,single,384236,Ed Sheeran,154,20903429
2338371075,One Of The Girls,245,0.0,2023-06-23,949148,456489535,The Idol Episode 4 (Music from the HBO Original Series),2023-06-23,Films/Jeux vidéo|Musiques de films,XO / Republic Records,640,10050,ep,4050205,The Weeknd,86,14666213
2704610682,Too Sweet,251,0.0,2024-03-22,958340,560433462,Unheard,2024-03-22,Folk,Rubyworks / Universal-Island Records Ltd.,840,7730,ep,5062414,Hozier,30,1409413
2783963122,Not Like Us,274,0.0,2024-05-04,902826,582140742,Not Like Us,2024-05-04,Rap/Hip Hop,"Kendrick Lamar, under exclusive license to Interscope Records",274,26730,single,525046,Kendrick Lamar,40,6165186
1753549417,La Bachata,162,0.0,2022-05-26,808813,319173587,La Bachata,2022-05-26,Rap/Hip Hop|Pop|Latino,Sony Music Latin/La Industria,162,8171,single,11559031,Manuel Turizo,101,1565092
1200359872,Your Love (9PM),150,0.0,2021-01-15,718583,198276362,Your Love (9PM),2021-01-15,Dance,Intercord,150,3957,single,147,ATB,83,319363
1411181832,Pepas,284,0.0,2021-06-24,922750,238972342,Pepas,2021-06-24,Rap/Hip Hop|Pop,Sony Music Latin,284,24594,single,614223,Farruko,297,3308551
1439691952,INDUSTRY BABY,214,0.0,2021-07-23,871042,245878832,INDUSTRY BABY,2021-07-23,Rap/Hip Hop|Pop,Columbia,214,50280,single,15166511,Lil Nas X,37,1727616
1682954137,Bones,165,0.0,2022-03-11,881701,302204417,Bones,2022-03-11,Alternative,KIDinaKORNER/Interscope Records,165,19435,single,416239,Imagine Dragons,62,9521668
1873297197,Calm Down,239,0.0,2022-08-25,964972,347960617,Calm Down,2022-08-25,,Mavin Records / Jonzing World,239,24575,single,5259966,Rema,74,570416
2047662477,Creepin',221,0.0,2022-12-02,898533,382760377,HEROES & VILLAINS,2022-12-02,Rap/Hip Hop,Republic Records,2875,94350,album,4968870,Metro Boomin,27,753881
1905751117,Unholy,157,0.0,2022-09-22,848396,354846457,Unholy,2022-09-22,Pop,Capitol Records UK / EMI,157,15149,single,1097709,Sam Smith,107,5578740
2387406055,Vois sur ton chemin (Techno Mix),178,0.0,2023-08-04,886895,469918965,Vois sur ton chemin (Techno Mix),2023-08-04,Electro|Dance,Warner Music Central Europe,178,8566,single,4418036,Bennett,19,31027
1118156702,positions,172,0.0,2020-10-23,18472,400632157,Pistol (Positions Remake),2023-01-25,Pop,Osyris Music Goup,172,0,single,1562681,Ariana Grande,72,13417237
2706736172,i like the way you kiss me,142,0.0,2024-03-19,922796,560929292,i like the way you kiss me,2024-03-19,Alternative|Pop,Artemas,142,9453,single,13425147,Artemas,47,59747
2846442802,Si Antes Te Hubiera Conocido,195,0.0,2024-06-21,981639,601338932,Si Antes Te Hubiera Conocido,2024-06-21,Latino,Bichota/Interscope Records,195,12936,single,5297021,KAROL G,76,3408726
2930315691,No Broke Boys,133,0.0,2024-08-16,38815,982327681,Quantum Baby,2024-08-16,R&B,Nice Life,1325,62,album,345052,Tinashe,76,518805
3038020371,Guess featuring billie eilish,143,0.0,2024-10-11,485317,654424131,Brat and it’s completely different but also still brat,2024-10-11,Dance,Atlantic Records,4339,13884,album,1462230,Charli xcx,116,1885330
2643618032,The Sound of Silence (CYRIL Remix),185,0.0,2024-02-02,968540,542122462,The Sound of Silence (CYRIL Remix),2024-02-02,Dance,Spinnin' Records,185,30093,single,2127,Disturbed,46,1505839
1498546032,My Universe,228,0.0,2021-09-24,834999,259988612,My Universe,2021-09-24,Alternative,Parlophone UK,456,20970,single,892,Coldplay,122,18376612
1484264492,Shivers,207,0.0,2021-09-10,859619,256337182,Shivers,2021-09-10,Pop,Atlantic Records UK,207,12582,single,384236,Ed Sheeran,154,20903429
2364618815,Seven (feat. Latto),184,0.0,2023-07-14,771507,463574485,Seven (feat. Latto),2023-07-14,Musique asiatique,BIGHIT MUSIC,552,10785,single,9172904,Jungkook,20,468896
2387373015,Paint The Town Red,231,0.0,2023-08-04,916724,469909155,Paint The Town Red,2023-08-04,Rap/Hip Hop|Pop,Kemosabe Records/RCA Records,231,21814,single,5578942,Doja Cat,52,2498427
2716396982,Austin (Boots Stop Workin'),171,0.0,2023-11-16,802735,563390222,Austin (Boots Stop Workin'),2023-11-16,Country,Warner Records,171,661,single,427388,Dasha,52,25350
1438790502,Don't Go Yet,164,0.0,2021-07-23,756463,245634412,Don't Go Yet,2021-07-23,Pop|Latino,Epic,164,7609,single,9236850,Camila Cabello,40,3900209
1234638792,Levitating (feat. DaBaby),203,0.0,2021-02-11,747628,205640032,Future Nostalgia (The Moonlight Edition),2020-03-27,Pop,Warner Records,3699,54718,album,8706544,Dua Lipa,135,8773029
856402392,Boss Bitch,134,126.05,2020-01-23,753135,127633822,Boss Bitch,2020-01-23,Pop,Atlantic Records,134,14664,single,5578942,Doja Cat,52,2498427
1649426332,Boyfriend,153,0.0,2022-02-11,768927,294106832,Boyfriend,2022-02-11,Alternative|Pop,Disruptor Records/Columbia,153,7715,single,4459894,Dove Cameron,35,674930
3210709941,Ordinary,186,0.0,2025-02-07,990241,705691371,Ordinary,2025-02-07,Pop,Atlantic Records,186,6174,single,541784,Alex Warren,38,162671
919716222,Toosie Slide,247,0.0,2020-04-03,479493,139610772,Toosie Slide,2020-04-03,Rap/Hip Hop,OVO,247,8063,single,246791,Drake,77,24075044
2346695655,edamame,133,0.0,2021-07-24,705825,458793265,edamame,2021-07-24,Rap/Hip Hop,bbno$,133,884,single,11136812,Bbno$,134,145534
1842063487,CUFF IT,225,0.0,2022-07-29,827053,340077257,RENAISSANCE,2022-07-29,Pop,Parkwood Entertainment/Columbia,3740,135831,album,145,Beyoncé,118,12827419
1522223672,Easy On Me,224,0.0,2021-10-14,920837,265655342,Easy On Me,2021-10-14,Pop|Pop internationale|Rock,Columbia,224,44147,single,75798,Adele,20,15462829
3171003131,DtMF,237,0.0,2025-01-05,981279,693008911,DeBÍ TiRAR MáS FOToS,2025-01-05,Latino,Rimas Entertainment LLC.,3721,204867,album,10583405,Bad Bunny,88,7982199
2537448451,Stumblin' In,213,0.0,2023-11-10,903448,511186741,Stumblin' In,2023-11-10,Dance,Spinnin' Records,213,3853,single,3644401,Cyril,33,26949
1999525067,Rich Flex,239,0.0,2022-11-04,637186,372625207,Her Loss,2022-11-04,Rap/Hip Hop,OVO / Republic Records,3637,82940,album,246791,Drake,77,24075044
1795254937,Left and Right (Feat. Jung Kook of BTS),154,0.0,2022-06-24,638724,328492767,Left and Right (Feat. Jung Kook of BTS),2022-06-24,Pop,Atlantic Records,154,18718,single,1362735,Charlie Puth,96,2303689
2216207477,Baby Don't Hurt Me,140,0.0,2023-04-06,817335,423784257,Baby Don't Hurt Me,2023-04-06,Dance,Parlophone UK,338,5178,single,542,David Guetta,395,20097458
1824910267,Doja,97,0.0,2022-07-21,782977,335789027,Doja,2022-07-21,Rap/Hip Hop,Central Cee,97,19711,single,12096038,Central Cee,60,663490
1341244982,Build a Bitch,122,0.0,2021-05-14,11488,221827002,Build a Bitch,2021-05-14,Pop,Warner Records,122,9142,single,106849212,Bella Poarch,16,157405
2614584352,redrum,270,0.0,2024-01-12,706603,533077002,american dream,2024-01-12,Rap/Hip Hop,"Slaughter Gang, LLC/Epic Records",2989,43414,album,6853403,21 Savage,53,1520722
3059676151,Enemy with JID (Opening Title Version),186,0.0,2024-11-25,25271,731048631,Ma Meilleure Ennemie ft. Coldplay,2025-04-04,Films/Jeux vidéo|Musiques de films,Riot Games,348,5388,single,416239,Imagine Dragons,62,9521668
1622528782,Light Switch,185,0.0,2022-01-20,691150,287833102,Light Switch,2022-01-20,Pop,Atlantic Records,185,4861,single,1362735,Charlie Puth,96,2303689
1732735297,In The Stars,216,0.0,2022-04-29,832693,314028027,In The Stars,2022-04-29,Pop,Warner Records,216,5612,single,146543992,Benson Boone,28,496543
2040509907,LET GO,174,0.0,2022-12-15,774045,381250597,LET GO,2022-12-15,Rap/Hip Hop,Central Cee,174,12660,single,12096038,Central Cee,60,663490
2047662397,Superhero (Heroes & Villains),182,0.0,2022-12-02,738150,382760377,HEROES & VILLAINS,2022-12-02,Rap/Hip Hop,Republic Records,2875,94350,album,4968870,Metro Boomin,27,753881
2032141427,Players,139,0.0,2022-11-30,723371,379318897,Players,2022-11-30,Rap/Hip Hop,Uptown / Republic Records,139,6867,single,49825112,Coi Leray,76,60693
1432930542,Where Are You Now,148,0.0,2021-07-30,900149,244103182,Where Are You Now,2021-07-30,Electro|Techno/House|Dance|Pop,Epic Amsterdam,148,7935,single,5866223,Lost Frequencies,140,952800
3454677991,JUMP,164,0.0,2025-07-11,923507,786324441,JUMP,2025-07-11,Musique asiatique,YG Entertainment,164,10298,single,10803980,BLACKPINK,21,2644955
1666877272,Leave The Door Open,242,0.0,2021-11-12,855255,298400782,An Evening With Silk Sonic,2021-11-12,Pop|R&B,Aftermath Entertainment/Atlantic,2184,56231,album,429675,Bruno Mars,36,12769566
2366043655,"What Was I Made For? [From The Motion Picture ""Barbie""]",222,0.0,2023-07-13,911507,463935645,"What Was I Made For? [From The Motion Picture ""Barbie""]",2023-07-13,Alternative,Darkroom/Interscope Records,222,28160,single,9635624,Billie Eilish,32,9243395
2728070371,"Good Luck, Babe!",218,0.0,2024-04-05,963608,566359951,"Good Luck, Babe!",2024-04-05,Pop,Chappell Roan PS/ Island,218,11575,single,12945219,Chappell Roan,19,309127
1797297127,BREAK MY SOUL,278,0.0,2022-06-21,663546,328981167,BREAK MY SOUL,2022-06-21,Dance|Pop,Parkwood Entertainment/Columbia,278,11503,single,145,Beyoncé,118,12827419
871124582,death bed (coffee for your head),173,144.05,2020-02-08,806068,130595652,death bed (coffee for your head),2020-02-08,Rap/Hip Hop|Pop|R&B,Columbia,173,24229,single,14107147,Powfu,83,107452
1280165222,Peaches,198,0.0,2021-03-19,839861,215962322,Justice,2021-03-19,Pop,RBMG/Def Jam,2725,90269,album,288166,Justin Bieber,62,11147323
1044791832,WAP (feat. Megan Thee Stallion),187,0.0,2020-08-07,751423,165664612,WAP (feat. Megan Thee Stallion),2020-08-07,Rap/Hip Hop,Atlantic/KSR,187,84356,single,9064930,Cardi B,95,2595303
1881003417,Rush,185,0.0,2022-09-16,885447,349702977,Rush,2022-09-16,,Mavin Records,185,16463,single,110616822,Ayra Starr,62,235191
2306120355,Sprinter,226,0.0,2023-06-01,25224,820626121,Sprinter,2023-06-01,Rap/Hip Hop,Neighbourhood Records (UMG UK / UMUK),229,935,single,11256100,Dave,31,536026
1915471137,Shut Down,176,0.0,2022-09-16,730025,357003127,BORN PINK,2022-09-16,Pop,YG Entertainment/Interscope Records,1475,36412,album,10803980,BLACKPINK,21,2644955
990604232,GIRL LIKE ME,221,0.0,2020-11-02,789562,153541502,Translation,2020-11-02,Pop,Universal Music Division Polydor France,3380,23700,album,1020109,Black Eyed Peas,68,6101420
1899060227,End of Beginning,159,0.0,2022-09-16,999711,353216957,DECIDE,2022-09-16,Alternative|Rock,Djo,2156,14384,album,70227002,Djo,22,107346
1811481707,"Quevedo: Bzrp Music Sessions, Vol. 52/66",198,0.0,2022-07-06,796653,332352037,"Quevedo: Bzrp Music Sessions, Vol. 52/66",2022-07-06,Rap/Hip Hop|Latino,DALE PLAY Records,198,18906,single,12487862,Bizarrap,110,1123837
1233406072,Up,156,0.0,2021-02-05,598362,205396982,Up,2021-02-05,Rap/Hip Hop,Atlantic Records,156,11280,single,9064930,Cardi B,95,2595303
908604612,Blinding Lights,200,170.84,2020-03-20,984833,137217782,After Hours,2020-03-20,R&B,Republic Records,3377,188460,album,4050205,The Weeknd,86,14666213
3558373981,melodrama,176,0.0,2025-09-26,996934,822345001,melodrama,2025-09-26,Pop,Carré Bleu Production,176,27361,single,292,disiz,43,447818
3045169941,CIEL,186,0.0,2024-09-13,982484,656695351,CIEL,2024-09-13,Rap/Hip Hop,Play Two,186,23735,single,4429712,GIMS,120,6862037
2642921822,Ceux qu'on était,174,0.0,2025-01-06,882858,541938942,Ceux qu'on était,2025-01-06,Chanson française,Columbia,174,20045,single,5811815,Pierre Garnier,11,437827
2166864777,Tattoo,180,0.0,2023-02-25,931175,411655007,Tattoo,2023-02-25,Pop,Universal Music AB,180,8574,single,1199771,Loreen,58,149700
3579685431,The Fate of Ophelia,226,0.0,2025-10-03,999852,829966251,The Life of a Showgirl,2025-10-03,Pop,Taylor Swift,2500,67048,album,12246,Taylor Swift,123,12713281
1644464022,Calm Down,220,0.0,2022-02-10,919562,292908332,Calm Down,2022-02-10,,Mavin Records / Jonzing World,421,13838,single,5259966,Rema,74,570416
2527530731,Petit génie,217,0.0,2023-11-06,965821,508587521,Petit génie,2023-11-06,Rap/Hip Hop,Universal Music Distributed Labels,217,11554,single,220540115,Jungeli,40,218690
3278913111,Soleil Bleu,246,0.0,2025-04-11,993960,727556231,Soleil Bleu,2025-04-11,Chanson française,Wagram Music / Chapter Two Records,246,9803,single,270952322,Bleu Soleil,7,26679
3303979891,Azizam,162,0.0,2025-04-04,961388,736095581,Azizam,2025-04-04,Pop|Singer & Songwriter,Gingerbread Man Records / Atlantic Records UK,162,4882,single,384236,Ed Sheeran,154,20903429
739870792,Dance Monkey,209,97.97,2019-08-29,921950,108770322,The Kids Are Coming,2019-08-30,Alternative,Elektra (NEK),1234,102579,ep,59070642,Tones and I,49,549556
2658723742,TEXAS HOLD 'EM,233,0.0,2024-02-11,929850,546733702,TEXAS HOLD 'EM,2024-02-11,Country|Pop,Parkwood Entertainment/Columbia,233,25709,single,145,Beyoncé,118,12827419
2424911405,Feel Good,163,0.0,2023-09-15,989944,480029795,Feel Good,2023-09-15,Pop,Parlophone (France),163,8043,single,5417036,Charlotte Cardin,60,279966
2955461951,WE PRAY (Single Version),233,0.0,2024-08-23,739201,632008801,WE PRAY (Single Version),2024-08-23,Alternative,Parlophone UK,233,3140,single,892,Coldplay,122,18376612
3589389951,"Zoo (From ""Zootropolis 2"")",191,0.0,2025-10-10,725394,833469991,"Zoo (De ""Zootopie 2"")",2025-10-10,Films/Jeux vidéo|Musiques de films,Walt Disney Records,191,4575,single,9219,Disney,88,416954
2781673612,SPIDER,188,0.0,2024-05-10,967661,581514872,SPIDER,2024-05-10,Rap/Hip Hop|Rap français,Play Two,188,19158,single,4429712,GIMS,120,6862037
1841999507,DESPECHÁ,157,0.0,2022-07-28,920501,340053337,DESPECHÁ,2022-07-28,Pop,Columbia,157,12888,single,554792,ROSALÍA,36,1056294
2767945501,Imagine,165,0.0,2024-05-03,938012,578668551,Imagine,2024-05-03,Rap/Hip Hop,Play Two,165,17781,single,98775702,Carbonne,23,142271
3763842212,I Just Might,212,0.0,2026-01-09,995346,893791002,I Just Might,2026-01-09,Pop,Atlantic Records,212,8065,single,429675,Bruno Mars,36,12769566
3098100311,Mauvais Garçon,162,0.0,2024-11-20,937077,671918891,Mauvais Garçon,2024-11-20,Pop,RCA Group,162,10079,single,258938052,Helena,8,237753
2815968782,Messy,284,0.0,2024-05-30,997108,591239352,Messy,2024-05-30,Pop,Universal-Island Records Ltd.,284,4130,single,9266850,Lola Young,41,95987
2570360062,I love you,237,0.0,2023-12-08,907669,519803372,I love you,2023-12-08,Pop|R&B,Play Two,237,22731,single,4803754,Dadju,55,3271662
1951821737,THE LONELIEST,247,0.0,2022-10-07,898561,363906907,THE LONELIEST,2022-10-07,Rock,Epic,247,14690,single,13612387,Måneskin,21,1002815
752155092,love nwantiti (ah ah ah),145,0.0,2019-08-30,855914,110714612,CKay The First,2019-08-30,Musique africaine,Chocolate City Music,1395,14881,album,903536,CKay,51,244416
435303972,Love Tonight (Edit),241,123.05,2017-12-14,8785,977167091,Love Tonight,2017-12-14,Electro,Hell Beach,734,6,single,5767206,Shouse,41,22449
2201123807,Si No Estás,184,0.0,2022-09-23,940331,419936997,Si No Estás,2022-09-23,Pop|Latino,Acqustic,184,11567,single,149720332,Íñigo Quintero,12,35362
1015793062,Jerusalema (feat. Nomcebo Zikode),342,0.0,2020-01-24,875629,159529882,Jerusalema,2020-01-24,Dance,Elektra France,3127,25465,album,15216967,Master KG,66,94173
2638201552,Gata Only,222,0.0,2024-02-02,957099,540377482,Gata Only,2024-02-02,Latino,FloyyMenor under exclusive license to UnitedMasters LLC,222,11042,single,193146897,FloyyMenor,37,40413
2299840635,Dance The Night (From Barbie The Album),176,0.0,2023-05-25,886338,446073025,Dance The Night (From Barbie The Album),2023-05-25,Pop,Atlantic Records,176,8869,single,8706544,Dua Lipa,135,8773029
715881712,Avant toi,224,142.07,2019-08-22,748633,104348902,VersuS,2019-08-23,Pop,Universal Music Division Capitol Music France,3840,136190,album,11971,Vitaa,46,1882615
1953253637,Secret,190,0.0,2022-10-08,849481,364171887,Secret,2022-10-08,Pop,Universal Music Division Polydor France,190,6314,single,4453455,Louane,67,1984864
1988270837,Lift Me Up (From Black Panther: Wakanda Forever - Music From and Inspired By),197,0.0,2022-10-28,845971,370666207,Lift Me Up (From Black Panther: Wakanda Forever - Music From and Inspired By),2022-10-28,Pop,Black Panther 2 Rihanna Recordings,394,23910,single,564,Rihanna,94,18031553
1252158952,Le temps,197,0.0,2020-12-04,893496,209517102,Fleur froide (Donum Novae),2020-12-04,Pop,Play Two,3901,11590,album,12526056,Tayc,105,1479113
1764283667,I Ain't Worried,148,0.0,2022-05-27,910746,321440247,Top Gun: Maverick (Music From The Motion Picture),2022-05-27,Films/Jeux vidéo|Musiques de films,Interscope Records,2508,57323,album,74398,OneRepublic,104,4343073
1372169352,Never Going Home,170,0.0,2021-05-21,806030,230124382,Never Going Home,2021-05-21,Electro,Universal Music Division Polydor France,170,14914,single,5992092,Kungs,58,748006
1666673152,Bam Bam (feat. Ed Sheeran),205,0.0,2022-03-04,895051,298326452,Bam Bam (feat. Ed Sheeran),2022-03-04,Pop,Epic,205,18758,single,9236850,Camila Cabello,40,3900209
1544258312,La Quête,244,0.0,2021-11-19,916250,270762122,Civilisation,2021-11-19,Rap/Hip Hop,7TH Magnitude / Strong Ninja,3459,355889,album,259467,Orelsan,18,2707701
1809158097,Waves,225,0.0,2022-07-01,819495,331818647,Mercury - Acts 1 & 2,2022-07-01,Alternative,Kid Ina Korner / Interscope,4712,56339,album,416239,Imagine Dragons,62,9521668
1120361182,Fever,156,0.0,2020-10-29,874378,181920172,Fever,2020-10-29,Dance|Pop,Warner Records,156,41759,single,8706544,Dua Lipa,135,8773029
2226972607,Daylight,212,0.0,2023-04-14,7914,712130781,Daylight,2023-04-14,Pop,Miserable Music Group,212,1305,single,4443465,David Kushner,30,144801
3129407,Feel Good Inc.,222,138.3,2005-05-23,963489,301752,Demon Days,2005-05-23,Rap/Hip Hop,Parlophone UK,3099,246129,album,14,Gorillaz,92,3013309
67239341,Lisztomania,241,97.5,2013-05-13,8934,650792321,Wolfgang Amadeus Phoenix,2014-03-01,Alternative,Glassnote - VMG,2183,5349,album,15,Phoenix,39,628322
536485,Kids,303,0.0,2007-12-14,900466,71318,Oracular Spectacular,2008-02-12,Pop,Red Ink/Columbia,2417,118938,album,69627,MGMT,41,1199301
958109,Last Nite,192,103.9,2001-07-30,789675,101618,Is This It,2001-07-25,Rock,RCA Records Label,2136,105412,album,569,The Strokes,23,1750127
3787857,Crystalised,201,0.0,2009-08-16,774762,355921,xx,2009-08-16,Alternative,Young,2314,235710,album,261212,The xx,21,1102718
4194903,Young Folks,279,138.3,2009-04-24,801953,390938,Writer's Block,2006-01-01,Pop,Universal Music AB,2734,10497,album,8387,Peter Bjorn and John,44,64042
1153182282,Seven Nation Army,231,0.0,2020-12-04,918131,188663612,The White Stripes Greatest Hits,2020-12-04,Alternative|Rock,Legacy Recordings,4662,12347,album,636,The White Stripes,33,1318979
4315684,Take Me Out,237,104.4,2004-02-16,919670,401371,Franz Ferdinand,2004-02-16,Pop,Domino Recording Co,2328,70425,album,919,Franz Ferdinand,50,1131040
937332,A-Punk,137,0.0,2008-01-27,735935,105411,Vampire Weekend,2008-01-29,Alternative,XL Recordings,2053,63105,album,75781,Vampire Weekend,25,474130
901642,Rich Girls,180,109.7,2008-06-02,692945,101843,The Virgins,2008-06-02,Alternative,Atlantic Records,2042,9571,album,74806,The Virgins,13,33760
4315382,Fluorescent Adolescent,183,112.04,2007-04-22,825172,401346,Favourite Worst Nightmare,2007-04-22,Alternative,Domino Recording Co,2280,227607,album,1182,Arctic Monkeys,35,4954663
7561772,Dog Days Are Over,250,149.8,2010-11-15,933123,697730,Between Two Lungs,2010-11-15,Alternative,Universal-Island Records Ltd.,5688,64058,album,183716,Florence + The Machine,55,1692253
943376,Paper Planes,205,0.0,2007-08-20,853028,106146,Kala,2007-08-20,Electro,XL Recordings,2854,42602,album,3878,M.I.A.,34,368706
598675,L.S.F.,199,0.0,2004-09-06,639801,76342,Kasabian,2004-08-27,Alternative|Pop Indé|Rock indé,RCA Records Label,2683,19092,album,1247,Kasabian,83,812801
98316894,Banquet,201,150.3,2005-02-02,777499,10043304,Silent Alarm,2015-06-19,Alternative,[PIAS] Recordings Catalogue,3536,29463,album,382,Bloc Party,56,343662
4315389,505,253,140.15,2007-04-22,955800,401346,Favourite Worst Nightmare,2007-04-22,Alternative,Domino Recording Co,2280,227607,album,1182,Arctic Monkeys,35,4954663
426572052,Nantes,230,131.25,2007-10-08,720572,51324432,The Flying Club Cup,2007-10-09,Alternative|Rock|Rock Indé/Pop Rock,Pompeii Records,2314,18575,album,3905,Beirut,19,305101
4286051,Walking On A Dream,195,126.8,2009-11-20,921548,398684,Walking On A Dream (Special Edition),2009-11-20,Alternative,Capitol Records,6161,45705,album,185473,Empire of the Sun,33,446927
680554,Let's Dance to Joy Division,191,119.8,2007-11-05,587360,82109,"Proudly Present... A Guide to Love, Loss & Desperation",2007-07-09,Pop,14th Floor Records,2539,25469,album,13656,The Wombats,57,152998
954788,With Every Heartbeat (Radio Edit),195,120.9,2007-09-10,451070,107315,With Every Heartbeat - with Kleerup,2007-01-01,Pop,Universal-Island Records Ltd.,1789,1111,ep,2648,Robyn,72,176960
10284847,D.A.N.C.E (Radio Edit),211,113.0,2007-04-30,743988,940417,D.A.N.C.E,2007-04-30,Electro,Ed Banger Records,1076,2368,ep,6404,Justice,44,807653
1172884,You Said Something,199,152.0,2000-10-23,456916,125502,"Stories From The City, Stories From The Sea",2000-01-01,Rock,Universal-Island Records Ltd.,2839,33580,album,1544,PJ Harvey,46,363281
946297,Can't Stand Me Now,203,0.0,2004-08-30,625158,106488,The Libertines,2004-08-30,Alternative,Rough Trade,2524,37694,album,1022,The Libertines,26,191049
138547587,Everything In Its Right Place,251,0.0,2000-10-02,832548,14880741,Kid A,2000-10-02,Alternative,XL Recordings,2826,89997,album,399,Radiohead,45,4086678
2544628,Island In The Sun,200,114.5,2001-04-24,843777,249320,Weezer (Green Album),2001-04-24,Rock,Geffen,1714,19877,album,418,Weezer,74,729175
5959430,Two Weeks,246,159.6,2009-05-24,665785,542394,Veckatimest,2009-05-24,Alternative|Rock,Warp Records,3143,20587,album,13760,Grizzly Bear,20,105886
87320307,Relator,153,187.9,2009-05-25,648651,8810953,Break Up,2009-08-25,Pop|Folk,Pete Yorn & Scarlett Johansson,1735,8858,album,2205,Pete Yorn,60,14177
75624012,The Funeral,322,124.9,2006-03-21,7770,185286482,Everything All The Time,2006-03-21,Alternative,Sub Pop Records,2162,6362,album,6089,Band of Horses,24,177926
378310131,Hate To Say I Told You So,200,135.11,2002-04-02,754877,43854281,Your New Favourite Band,2009-03-17,Alternative,Burning Heart Records/Epitaph,1688,3596,album,621,The Hives,31,247004
3158004,Naive,206,102.3,2008-03-31,743766,303630,Naïve,2008-03-31,Rock,Virgin Records,845,10632,ep,4337,The Kooks,59,813961
3152316,Delivery,161,141.1,2007-09-28,599910,303099,Shotter's Nation,2007-08-27,Rock,Parlophone UK,2575,24019,album,1331,Babyshambles,19,111847
3110852,All My Friends,462,142.6,2007-03-12,554299,300592,Sound of Silver,2007-03-12,Electro,Parlophone UK,3368,29031,album,642,LCD Soundsystem,41,179045
2283271,Maps,219,119.8,2003-04-28,10325,49844632,Fever To Tell,2017-10-20,Alternative,Yeah Yeah Yeahs - Fever to Tell PS,2171,8754,album,964,Yeah Yeah Yeahs,26,349982
7332593,Bulletproof,206,123.0,2009-06-29,598049,676960,La Roux (French SFR Version),2009-06-29,Dance|Pop,Polydor Records,2947,11919,album,152788,La Roux,21,151998
3365759,Bohemian Like You,208,131.2,2000-08-01,7810,401014107,Thirteen Tales From Urban Bohemia,2000-01-01,Rock,[PIAS] Recordings Catalogue,3362,2210,album,890,The Dandy Warhols,39,82549
3154212,Sheila,259,189.7,2007-01-29,475651,303298,Panic Prevention,2007-01-29,Rock,Virgin Records,2965,3268,album,6381,Jamie T,28,42456
4315310,I Bet You Look Good On The Dancefloor,173,102.85,2006-01-29,743229,401340,"Whatever People Say I Am, That's What I'm Not",2006-02-18,Alternative,Domino Recording Co,2462,262722,album,1182,Arctic Monkeys,35,4954663
143534972,Mykonos,275,0.0,2008-04-08,644225,15548330,Sun Giant,2008-06-02,Alternative,Nonesuch,1130,4654,ep,74444,Fleet Foxes,20,165271
941733,Fuck Forever,277,0.0,2005-11-14,541036,105950,Down In Albion (International Edition),2005-11-14,Alternative,Rough Trade,3828,5727,album,1331,Babyshambles,19,111847
797949,Cassius,228,150.9,2008-03-21,482372,93137,Antidotes,2008-03-23,Alternative|Rock|Rock Indé/Pop Rock,Transgressive Records,3240,24780,album,13372,Foals,57,466183
3359793,The Heinrich Maneuver,208,136.9,2007-07-06,4124,356420237,Our Love To Admire,2007-07-10,Alternative,Matador,3110,5333,album,1652,Interpol,43,478768
2947341,Smile Like You Mean It,234,124.9,2009-03-06,644718,286433,Hot Fuss,2006-02-13,Rock,EMI,4080,46465,album,897,The Killers,47,2236000
71352796,Let's Make Love and Listen Death From Above,210,119.8,2014-01-24,7839,185286292,Cansei De Ser Sexy,2012-03-09,Alternative,Sub Pop Records,2080,683,album,66164,CSS,16,50713
4124648,Always Like This,243,122.0,2009-07-06,492664,384219,I Had The Blues But I Shook Them Loose,2009-01-01,Alternative|Pop,Universal-Island Records Ltd.,2918,14094,album,203706,Bombay Bicycle Club,33,151631
94488848,Infra-Red,195,172.3,2006-03-13,18766,352367877,Meds,2006-03-13,Alternative|Rock,Elevator Lady Ltd,2877,9597,album,8,Placebo,31,1276618
1175085,F.E.A.R.,269,160.2,2005-09-19,471497,125666,The Greatest,2005-01-01,Alternative,Polydor Records,3602,5161,album,6153,Ian Brown,18,43735
376022961,Ready For The Floor,234,128.8,2008-01-21,520258,43540551,Made In The Dark,2008-01-21,Electro,Domino Recording Co,3255,2967,album,4032,Hot Chip,80,142619
676753,Men's Needs,195,122.0,2007-05-12,507452,81811,"Men's Needs, Women's Needs, Whatever (Standard Version)",2007-05-12,Alternative,Warner Records,2536,1696,album,1333,The Cribs,47,30045
945217,The Greatest,203,107.4,2005-12-06,11681,190448672,The Greatest / Hate,2005-12-06,Alternative,Matador,421,97,single,1039,Cat Power,31,169620
105267370,We Own the Sky,303,140.1,2008-04-11,519345,10964116,Saturdays = Youth,2016-10-01,Alternative|Rock,M83 Recording Inc,3735,7930,album,678,M83,39,966124
38428901,Bohemian Like You,208,131.2,2012-06-29,38200,3742101,Essential: Alternative,2012-06-29,Pop,Parlophone Belgium,4618,533,album,890,The Dandy Warhols,39,82549
13111704,Pumped Up Kicks,239,128.0,2011-08-05,563864,1203569,Resturlaub,2011-08-05,Films/Jeux vidéo|Musiques de films|Comédies musicales,Columbia,2958,1990,album,417037,Foster the People,38,1113408
525501,Great DJ,203,124.9,2008-02-09,123439,1207580,Great DJ (Demo Version),2008-02-08,Alternative|Pop Indé|Rock indé|Dance|Pop|Pop internationale|Variété Internationale|Rock,Columbia,202,61,single,69171,The Ting Tings,55,212655
144724784,I Sit on Acid (Soulwax Remix),179,126.82,2017-04-28,44637,15703856,Lust (Special Remastered Band Edition),2017-04-28,Electro,Metropolis Records,4721,733,album,2491,Lords of Acid,18,6367
3783640,Treat Me Like Your Mother,250,98.2,2009-07-13,387557,355384,Horehound,2009-07-09,Alternative|Pop Indé|Rock indé|Rock,Columbia,2624,20672,album,260889,The Dead Weather,13,88253
536481,Time to Pretend,261,0.0,2007-12-14,796416,71318,Oracular Spectacular,2008-02-12,Pop,Red Ink/Columbia,2417,118938,album,69627,MGMT,41,1199301
598671,Club Foot,214,0.0,2004-09-06,588463,76342,Kasabian,2004-08-27,Alternative|Pop Indé|Rock indé,RCA Records Label,2683,19092,album,1247,Kasabian,83,812801
105767604,The Bucket,175,140.15,2018-04-10,157202,11021102,Coffeehouse Classics Vol. 1,2018-04-10,Pop,Legacy Recordings,5769,3906,album,385,Kings of Leon,30,2392829
691527872,I Don't Feel Like Dancin' (Radio Edit),248,0.0,2019-06-07,258842,99332432,Happy Pride: Feel Good Tunes,2019-06-07,Pop,UME - Global Clearing House,4168,219,album,565,Scissor Sisters,33,103467
4273564,11th Dimension,243,125.3,2009-10-02,126502,397561,11th Dimension,2009-10-02,Alternative|Pop Indé|Rock indé|Rock|Rock Indé/Pop Rock,RCA Records Label,243,721,single,295821,Julian Casablancas,12,195825
1181061,Ruby,203,0.0,2007-02-26,68169,9543304,"Yours Truly, Angry Mob (Deluxe)",2007-01-01,Rock,Polydor Records,3743,5275,album,285,Kaiser Chiefs,33,423697
1003141422,Fuck the Pain Away,250,0.0,2002-10-08,448180,156865772,The Teaches of Peaches,2002-10-08,Electro,XL Recordings,4295,2716,album,872,Peaches,44,49853
638665,That's Not My Name,310,145.1,2008-05-12,411178,79422,That's Not My Name,2008-05-09,Alternative|Pop Indé|Rock indé,Columbia,1137,3452,single,69171,The Ting Tings,55,212655
3590186,Supermassive Black Hole,212,119.8,2006-06-28,860136,339063,Black Holes and Revelations,2006-06-19,Alternative,Warner Records,3015,254940,album,705,Muse,70,5038987
548196,Valerie,236,164.7,2006-04-10,482509,72176,Tired Of Hanging Around,2006-04-10,Alternative|Pop Indé|Rock indé,Deltasonic,2464,4713,album,1321,The Zutons,38,13435
851004,Radio #2,200,86.5,2003-03-04,146823,97946,"So Long, Astoria",2003-03-04,Rock,Columbia,3411,5113,album,4224,The Ataris,18,20645
96817066,Lampshades on Fire,188,189.7,2015-03-13,519160,9854484,Strangers to Ourselves,2015-03-13,Alternative,Epic,3419,8748,album,1237,Modest Mouse,32,181320
849698,Teenage Dirtbag,241,0.0,2000-09-29,675850,97737,"Songs From Dawson's Creek, Vol. II",2000-09-29,Rock,Columbia/Sony Music Soundtrax,3216,5433,album,264286271,Wheatus,3,35
536484,Electric Feel,229,0.0,2007-12-14,744892,71318,Oracular Spectacular,2008-02-12,Pop,Red Ink/Columbia,2417,118938,album,69627,MGMT,41,1199301
3130293,Galvanize,392,103.9,2005-01-24,680746,299589,Push The Button,2005-01-24,Electro,Virgin Records,3614,35058,album,81,The Chemical Brothers,93,1456324
901074,Shut Up and Let Me Go,171,108.0,2008-05-19,506152,101792,We Started Nothing,2008-05-16,Pop|Pop internationale|Rock,Columbia,2256,15515,album,69171,The Ting Tings,55,212655
15546835,Houdini,202,110.0,2011-05-23,611768,1437015,Torches,2011-06-24,Alternative,Columbia,2307,91383,album,417037,Foster the People,38,1113408
7923754,Stop Me (feat. Daniel Merriweather),234,118.1,2007-04-16,363631,731280,Version,2007-04-16,Pop,Columbia,3445,10931,album,13204,Mark Ronson,75,753453
1399430472,Deceptacon,184,0.0,2012-04-11,554299,236245422,Le Tigre,1998-11-01,Alternative|Rock|Rock Indé/Pop Rock,"Mr. Lady Records, Le Tigre Records",2058,1952,album,374,Le Tigre,2,37426
376022571,Over And Over,347,119.84,2006-05-22,444391,43540461,The Warning,2006-05-22,Electro,Domino Recording Co,3123,3872,album,4032,Hot Chip,80,142619
3731376,Heavy Cross,242,120.2,2009-06-08,323430,350319,Heavy Cross,2009-06-08,Alternative|Pop,Columbia,730,1062,single,3759,Gossip,38,173549
3590185,Starlight,243,121.6,2006-06-28,883919,339063,Black Holes and Revelations,2006-06-19,Alternative,Warner Records,3015,254940,album,705,Muse,70,5038987
390856261,Le Disko,203,123.05,2006-10-17,318157,45705501,We Are Pilots,2006-10-17,Rock,Motown,3395,123,album,5785,Shiny Toy Guns,12,16273
20559951,Move in the Right Direction,211,126.8,2012-05-14,612723,1950311,A Joyful Noise,2012-05-14,Alternative|Pop,Columbia,2644,37432,album,3759,Gossip,38,173549
566619,Shoot the Runner,207,131.2,2006-11-06,181372,73674,Shoot The Runner,2006-11-06,Pop,Columbia,641,838,single,1247,Kasabian,83,812801
555639002,Heads Will Roll,221,132.09,2018-09-21,384288,73301542,College Party Anthems,2018-09-21,Pop,UME - Global Clearing House,5886,753,album,964,Yeah Yeah Yeahs,26,349982
67164391,Harlem,163,133.8,2013-05-17,197516,6568788,A Bad Girl In Harlem,2013-05-17,Alternative|Pop|Pop internationale|Rock,RCA Records Label,1981,3208,album,386410,New Politics,23,181711
3025869961,What You Know,191,0.0,2023-07-20,601437,455454905,What You Know (Live & Smiling),2023-07-20,Alternative,Lower Third,427,42,single,173612,Two Door Cinema Club,56,608384
597211082,Move Your Feet,181,118.8,2002-04-03,567779,80490262,D-D-Don't Don't Stop The Beat,2013-12-07,Alternative|Pop Indé|Pop,Crunchy Frog,1972,2613,album,6891,Junior Senior,10,12002
3976602,Bulletproof,206,123.0,2009-06-29,599524,371822,La Roux,2009-06-29,Dance|Pop,Polydor Records,2686,34940,album,152788,La Roux,21,151998
13140020,Molly's Chambers,135,146.6,2003-02-18,164586,1205840,Holy Roller Novocaine,2003-02-13,Pop|Rock,RCA/Legacy,936,7297,ep,385,Kings of Leon,30,2392829
93858274,Munich,222,148.7,2015-02-18,485759,9536122,Munich,2015-01-31,Alternative,Kitchenware Records,222,496,single,1181,Editors,67,239067
86953321,Wannabe in L.A,135,158.4,2008-11-10,290634,8773415,Heart On,2008-10-27,Rock,Downtown Records,2454,2782,album,5508,Eagles of Death Metal,20,114924
66537484,A-Punk,137,0.0,2008-01-29,416287,105411,Vampire Weekend,2008-01-29,Alternative,XL Recordings,2053,63105,album,75781,Vampire Weekend,25,474130
377386401,No Cars Go,343,135.55,2017-06-30,522558,43734921,Neon Bible,2007-04-05,Alternative|Pop Indé|Rock indé,Sony Music CG,2819,25178,album,1201,Arcade Fire,27,721667
30516961,Standing in the Way of Control,256,0.0,2006-01-24,604018,2909041,Standing in the Way of Control,2006-01-24,Rock,KILL ROCK STARS,2131,8585,album,3759,Gossip,38,173549
1092293002,Fell In Love With a Girl,110,0.0,2001-07-03,378930,175927142,White Blood Cells,2001-07-03,Alternative|Rock,Legacy Recordings,2416,9251,album,636,The White Stripes,33,1318979
2287200437,I Can't Hear You,215,0.0,2010-05-11,399747,442382247,Sea of Cowards,2010-05-07,Alternative|Rock,Legacy Recordings,2115,1391,album,260889,The Dead Weather,13,88253
14880812,Reptilia,219,157.8,2003-10-28,802702,1372305,Room On Fire,2003-10-28,Pop|Rock,RCA Records Label,1962,59581,album,569,The Strokes,23,1750127
4311594,All My Life,262,168.06,2009-11-02,777020,401032,Greatest Hits,2009-10-30,Alternative|Pop|Pop internationale|Rock,RCA Records Label,3821,291402,album,566,Foo Fighters,47,4586350
15740483,Simple Song,256,119.8,2012-01-10,98504,1478992,Simple Song,2012-01-10,Alternative,Aural Apothecary/Columbia,256,1415,single,1340,The Shins,26,93270
581923,Float On,208,100.8,2025-02-09,650363,74906,Good News For People Who Love Bad News,2025-02-09,Alternative|Pop|Pop internationale|Rock,Epic,2918,20079,album,1237,Modest Mouse,32,181320
138546811,All I Need,228,87.97,2007-12-28,794527,14880659,In Rainbows,2007-12-28,Alternative,XL Recordings,2554,131303,album,399,Radiohead,45,4086678
46226301,Take a Walk,262,101.1,2012-07-23,670848,4575351,Gossamer,2012-07-20,Alternative,Columbia,2845,17122,album,95538,Passion Pit,17,175019
2123975,Destroy Everything You Touch,276,120.2,2006-02-02,228824,213224,Witching Hour,2005-10-02,Dance,Universal-Island Records Ltd.,3606,1014,album,2786,Ladytron,53,60584
15531170,Sex on Fire,203,153.1,2008-09-19,888375,1435446,Only By The Night,2008-09-22,Alternative,RCA/Legacy,2558,67163,album,385,Kings of Leon,30,2392829
71937626,Mr. Brightside,223,0.0,2013-11-11,243636,7066306,Direct Hits,2013-11-11,Alternative,Island Records,3657,3261,album,897,The Killers,47,2236000
115706580,Cold Cold Cold,214,135.1,2015-12-18,625854,11990892,Tell Me I'm Pretty,2015-12-18,Alternative,RCA Records Label,2291,50726,album,214810,Cage The Elephant,18,577050
1238177942,"Steady, As She Goes",216,0.0,2006-05-15,755544,206362072,Broken Boy Soldiers,2006-05-15,Alternative,Legacy Recordings,2023,7721,album,1202,The Raconteurs,13,165943
3145200241,Headlock,215,0.0,2015-07-17,493050,684735761,Speak for Yourself (Deluxe Version),2015-07-17,Alternative|Pop Indé|Pop|Pop indé/Folk,Megaphonic,5932,1011,album,1354,Imogen Heap,43,105740
374205501,Wake Up,335,138.74,2004-06-16,663401,43265861,Funeral,2005-10-05,Alternative|Pop Indé|Rock indé,Sony Music CG,2875,42706,album,1201,Arcade Fire,27,721667
13111703,Dashboard,248,136.0,2011-08-05,66737,1203569,Resturlaub,2011-08-05,Films/Jeux vidéo|Musiques de films|Comédies musicales,Columbia,2958,1990,album,414435842,Modest Mouse,0,0
635647,White Flag,238,170.1,2003-11-28,414931,79180,Bravo - The Hits 2003,2003-11-28,Pop,Ariola,5651,1875,album,63189342,Dido,22,109
560769,In the Morning,152,126.4,2005-05-23,396539,73214,The Invisible Invasion,2016-01-06,Alternative|Pop Indé|Rock indé,Sony Music UK,2370,1075,album,1233,The Coral,60,31551
15615270,Last Nite,192,103.9,2001-07-30,406746,1442557,Is This It,2001-10-08,Alternative|Pop|Rock,RCA Records Label,2099,27013,album,569,The Strokes,23,1750127
74497872,Alabama Movies,221,148.7,2014-06-04,111006,7358328,Fuzz Steilacoom,2014-02-25,Alternative|Rock indé|Rock,Chap Stereo,2385,254,album,4506777,Skating Polly,23,3034
4124177,Dog Days Are Over,250,149.8,2014-05-27,150182,968243,Lungs (Deluxe Version),2011-04-25,Alternative,Universal-Island Records Ltd.,4049,68291,album,183716,Florence + The Machine,55,1692253
3786218392,Strict Machine,231,0.0,2026-01-28,495298,901446272,Black Cherry,2013-08-01,Alternative,"Mute, a BMG Company",2577,456,album,108,Goldfrapp,47,196166
373033901,"Keine Melodien...1,2,3,4, (feat. MJ Lan)",193,112.96,2000-01-01,206796,43099061,Keine Melodien,2000-01-01,Electro,Passé,1478,71,ep,2007,Jeans Team,15,1444
676183,In the End,216,105.2,2000-10-24,982895,81763,Hybrid Theory (Bonus Edition),2000-10-24,Alternative,Warner Records,2941,407763,album,92,Linkin Park,75,12218181
4286053,We Are The People,267,123.0,2009-11-20,933867,398684,Walking On A Dream (Special Edition),2009-11-20,Alternative,Capitol Records,6161,45705,album,185473,Empire of the Sun,33,446927
1297394902,New Slang (2021 Remaster),230,0.0,2001-06-19,383419,218937892,"Oh, Inverted World (20th Anniversary Remaster)",2001-06-19,Alternative,Sub Pop Records,2006,317,album,1340,The Shins,26,93270
14633829,505,253,140.2,2007-04-24,525697,1347129,Favourite Worst Nightmare (Standard Version),2007-04-24,Alternative,Domino/Warner Records,2236,10963,album,1182,Arctic Monkeys,35,4954663
5936379,Dance Yrself Clean,536,98.0,2010-05-17,642123,539508,This Is Happening,2010-05-17,Pop,Parlophone UK,3911,22591,album,642,LCD Soundsystem,41,179045
70322130,Do I Wanna Know?,272,84.89,2013-09-09,931645,6899610,AM,2013-09-06,Alternative,Domino Recording Co,2504,544559,album,1182,Arctic Monkeys,35,4954663
103052662,The Less I Know The Better,217,117.1,2015-07-17,941238,10709540,Currents,2015-07-17,Alternative,Universal Music Australia Pty. Ltd.,3064,210197,album,134790,Tame Impala,40,1132231
92198180,Midnight City,244,104.9,2011-09-26,909964,9357186,Midnight City (Remix EP),2011-09-26,Alternative|Rock,M83 Recording Inc,1404,9133,album,678,M83,39,966124
79363293,West Coast,255,123.0,2014-06-16,802736,7898255,Ultraviolence (Deluxe),2014-06-16,Alternative,Polydor Records,3901,261053,album,1424821,Lana Del Rey,72,5798754
66506871,Sweater Weather,240,124.2,2013-04-22,950089,6505633,I Love You.,2013-04-19,Alternative|Rock,Columbia,2745,116236,album,296861,The Neighbourhood,25,1662977
10240179,The Look,277,170.1,2011-04-11,912625,936365,The English Riviera,2011-04-08,Electro,Because Music Ltd.,2704,102796,album,13570,Metronomy,74,503622
106380372,Space Song,320,147.1,2015-08-28,883883,11093204,Depression Cherry,2015-08-28,Alternative,Bella Union,2685,33128,album,75055,Beach House,23,296022
371593461,Feel It Still,163,158.41,2017-06-16,885403,42880391,Woodstock,2017-06-16,Alternative,Atlantic Records,2315,40537,album,181878,Portugal. The Man,95,138290
119205662,Somebody Else,348,101.08,2016-02-16,654080,12413350,Somebody Else,2016-02-16,Alternative,Polydor Records,348,10008,single,3583591,The 1975,38,606511
59054001,Angels,171,0.0,2012-09-10,617137,5771751,Coexist,2012-09-10,Alternative,Young,2232,132974,album,261212,The xx,21,1102718
71067423,The Wire,246,113.6,2013-09-30,489156,6975919,Days Are Gone (Deluxe Edition),2013-01-01,Rock,Polydor Records,3634,43739,album,93674,HAIM,34,130691
67754231,Step,251,156.0,2014-12-18,2002,176532302,Modern Vampires of the City,2013-05-13,Alternative,XL Recordings,2574,9023,album,75781,Vampire Weekend,25,474130
69018826,What You Know,189,138.7,2010-03-01,788653,6762898,Tourist History,2010-03-01,Alternative,Kitsuné,1937,22856,album,173612,Two Door Cinema Club,56,608384
66319120,Entertainment,220,150.9,2013-04-19,21176,650756691,Bankrupt!,2013-04-19,Alternative,Glassnote - VMG,2433,1223,album,15,Phoenix,39,628322
45594181,Shake It Out,280,107.4,2012-07-30,704329,4502741,Ceremonials,2012-07-30,Alternative,Universal-Island Records Ltd.,4125,85892,album,183716,Florence + The Machine,55,1692253
5490699,On Melancholy Hill,233,120.5,2010-03-05,849357,502723,Plastic Beach,2010-03-03,Rap/Hip Hop,Parlophone UK,3406,172223,album,14,Gorillaz,92,3013309
75559456,Red Eyes,299,162.1,2014-03-18,579616,7484049,Lost In The Dream,2014-03-14,Alternative|Rock,Secretly Canadian,3640,43011,album,73424,The War On Drugs,23,192448
60765507,Feels Like We Only Go Backwards,193,149.8,2012-10-05,768778,5946143,Lonerism,2012-10-09,Alternative,MODULAR,3115,70153,album,134790,Tame Impala,40,1132231
12292198,Holocene,336,148.2,2011-06-20,8956,7511038,"Bon Iver, Bon Iver",2011-06-20,Alternative,Jagjaguwar,2369,13648,album,78668,Bon Iver,17,548324
84791735,Take Me To Church,242,128.8,2014-10-06,931559,8548975,Hozier,2014-10-06,Alternative,Universal-Island Records Ltd.,3228,85199,album,5062414,Hozier,30,1409413
14932098,Lonely Boy,193,168.1,2011-12-02,798097,1376944,El Camino,2011-12-02,Alternative|Rock|Rock Indé/Pop Rock,Nonesuch,2303,77111,album,2483,The Black Keys,48,1096084
18190273,Video Games,282,122.3,2012-04-16,490334,1707676,Born To Die,2012-04-16,Rock,Polydor Records,3214,65742,album,1424821,Lana Del Rey,72,5798754
71511146,A Lack of Color,216,0.0,2003-10-07,425165,7025361,Transatlanticism,2013-10-08,Alternative|Rock,Barsuk Records,2744,11390,album,383,Death Cab for Cutie,61,200245
376023261,One Life Stand,321,120.19,2010-02-01,492156,43540601,One Life Stand,2000-01-01,Electro,Domino Recording Co,2960,3072,album,4032,Hot Chip,80,142619
18063013,Breezeblocks,227,0.0,2012-05-28,25581,907036382,An Awesome Wave,2012-05-28,Alternative,Infectious Music,2621,3896,album,1606315,alt-J,49,610113
380519561,Don’t Delete The Kisses,275,121.96,2017-07-05,17095,43599251,Don't Delete The Kisses,2017-07-06,Alternative,Dirty Hit,275,424,single,4710481,Wolf Alice,34,69791
604283312,Hey Now,207,0.0,2013-09-09,631806,81742652,If You Wait,2013-09-09,Alternative|Pop|Pop indé/Folk|Rock|Rock Indé/Pop Rock,Ministry of Sound Recordings,3955,33321,album,4771546,London Grammar,42,775562
67615714,I Need My Girl,245,126.0,2014-12-18,24850,176602322,Trouble Will Find Me,2013-05-27,Alternative,4AD,3303,10518,album,1578,The National,37,339704
10101602,Under Cover of Darkness,236,99.9,2011-03-21,662597,924062,Angles,2011-03-18,Alternative|Rock,RCA Records Label,2052,78429,album,569,The Strokes,23,1750127
10174048,Future Starts Slow,248,128.0,2011-04-04,708680,930245,Blood Pressures,2011-04-04,Alternative|Rock,Domino Recording Co,2515,45265,album,1068,The Kills,36,229186
446591652,Deadly Valentine,364,104.93,2017-11-17,597149,54404602,Rest,2017-11-17,Pop,Because Music,2903,12676,album,5666,Charlotte Gainsbourg,21,109835
457602432,When You Die,263,141.1,2018-02-09,588980,56298312,Little Dark Age,2018-02-09,Alternative,Columbia,2638,53247,album,69627,MGMT,41,1199301
80884844,Busy Earnin',181,0.0,2014-07-14,662002,8085134,Jungle,2014-07-14,Electro,XL Recordings,2346,60815,album,436163,Jungle,49,260195
66315818,Sacrilege,230,119.8,2013-04-16,25505,52769742,Mosquito (Deluxe),2013-04-16,Alternative,Interscope,3762,1250,album,964,Yeah Yeah Yeahs,26,349982
69018972,Evil,216,126.8,2004-01-01,6926,179494452,Antics,2004-09-28,Alternative,Matador,2494,5592,album,1652,Interpol,43,478768
60810702,Yet Again,318,136.0,2012-09-17,490537,5950719,Shields,2012-09-17,Alternative|Rock,Warp Records,2872,18127,album,13760,Grizzly Bear,20,105886
441137172,Christine,234,99.86,2014-06-02,761761,53514702,Chaleur Humaine,2013-04-22,Alternative|Pop|Pop indé/Folk|Rock|Rock Indé/Pop Rock,Because Music,2562,29582,album,1520407,Christine and the Queens,42,682833
78511978,"Archie, Marry Me",196,117.8,2014-07-21,455553,7809456,Alvvays,2014-07-21,Alternative,Transgressive,1969,7608,album,5298885,Alvvays,3,28530
126368225,Casual Party,233,130.01,2016-06-10,444586,13308969,Why Are You OK,2016-06-10,Alternative,UMGRI Interscope,2970,7670,album,6089,Band of Horses,24,177926
107028550,No No No,170,0.0,2015-09-11,560185,11159982,No No No,2015-09-11,Alternative,4AD,1757,26085,album,3905,Beirut,19,305101
63103299,Big Jet Plane,239,109.96,2011-06-13,717461,6197720,Down The Way (Deluxe Edition),2011-06-13,Pop|Folk,Discograph,6635,38348,album,170482,Angus & Julia Stone,41,443504
646760482,"Nameless, Faceless",195,0.0,2018-05-18,29711,385517227,Tell Me How You Really Feel,2018-05-18,Alternative|Rock,Marathon Artists,2236,1949,album,1701387,Courtney Barnett,40,56282
78240216,Every Time the Sun Comes Up,263,99.9,2014-05-27,514890,7779881,Are We There,2014-05-23,Alternative,Jagjaguwar,2824,12622,album,393596,Sharon Van Etten,52,63840
88252835,Chandelier (Piano Version),240,77.0,2014-10-27,527800,8916799,1000 Forms Of Fear,2014-10-27,Pop|Rock,Monkey Puzzle Records/RCA Records,3695,51387,album,3469,Sia,154,8708301
125543636,Way down We Go (Stripped),208,162.77,2015-01-19,531150,13204392,Way down We Go (Stripped),2015-01-19,Alternative,Elektra (NEK),208,4891,single,1138351,KALEO,24,271947
500400492,Happier (Acoustic),206,91.07,2018-05-25,470397,63651372,Happier (Acoustic),2018-05-25,Pop|Singer & Songwriter,Atlantic Records UK,206,9615,single,384236,Ed Sheeran,154,20903429
416461352,New Rules (Acoustic),213,115.81,2017-10-20,765677,49721112,New Rules (Acoustic),2017-10-20,Pop,Dua Lipa Limited,213,7104,single,8706544,Dua Lipa,135,8773029
497304792,In My Blood (Acoustic),212,140.15,2018-05-11,472877,63126272,In My Blood (Acoustic),2018-05-11,Pop,Island Records,212,17853,single,5962948,Shawn Mendes,43,6774812
144940636,Issues (Acoustic),175,113.89,2017-03-24,509960,15732116,Issues (Acoustic),2017-03-24,Pop,J/Republic,175,5111,single,2110321,Julia Michaels,100,296297
355724451,Ultralife (Acoustic Version),266,157.8,2017-05-05,206784,40801711,Ultralife (Acoustic Version),2017-05-05,Alternative,Universal-Island Records Ltd.,266,351,single,7215914,Oh Wonder,63,64492
353131421,Let It Go (James Bay Spotify Session 2015),286,140.62,2017-04-28,43582,40450361,Acoustic Hits,2017-04-28,Pop,UMOD (Universal Music On Demand),5447,855,album,4732999,James Bay,48,804604
16948183,Youth,251,150.3,2011-11-21,21580,346654077,The Wild Youth EP,2011-11-27,Rock|Singer & Songwriter,Daughter,1110,2376,album,1028626,DAUGHTER,18,197312
436141332,I Miss You (feat. Julia Michaels) (Acoustic),216,104.93,2017-12-08,447962,52712222,I Miss You (feat. Julia Michaels) (Acoustic),2017-12-08,Electro|Dance,Atlantic Records UK,216,1000,single,1000956,Clean Bandit,156,4171760
141827557,Shape of You (Acoustic),223,100.35,2017-02-10,755347,15319389,Shape of You (Acoustic),2017-02-10,Pop|Singer & Songwriter,Atlantic Records UK,223,19030,single,384236,Ed Sheeran,154,20903429
73913951,Demons (Acoustic Live In London),187,88.7,2013-10-22,682747,7290820,Demons,2013-10-22,Alternative,Kid Ina Korner / Interscope,582,5887,single,416239,Imagine Dragons,62,9521668
628565312,Demons (feat. Veronica Bravo) (Acoustic Version),223,0.0,2019-02-06,145810,86507112,Demons (feat. Veronica Bravo) (Acoustic Version),2019-02-06,Alternative,Magic Records,223,30,single,395594,Rival,56,8676
351595781,Mercy (Acoustic),219,0.0,2017-04-20,664190,40146561,Illuminate (Deluxe),2017-04-20,Pop,Island Records,3334,168968,album,5962948,Shawn Mendes,43,6774812
455949072,Half of Me (Acoustic),132,136.0,2018-01-23,115,345500007,Half of Me (Acoustic),2018-01-23,Pop,Distant Cousins,132,4,single,261713,Yasmeen,88,1023
763057572,Swim (Acoustic),327,0.0,2019-10-23,10016,343083247,Swim (Acoustic),2019-10-23,Rock|Singer & Songwriter,Joe Hicks,327,1,single,74607,Joe Hicks,28,223
672219302,king (acoustic),194,99.86,2019-06-03,105617,95090362,king & queen (acoustic),2019-06-03,Alternative,Avant Garden/Island Records,369,52,single,12191274,slenderbodies,30,3518
126907191,Dancing On My Own (Acoustic),253,117.79,2016-06-24,698841,13374015,Dancing On My Own (Acoustic),2016-06-24,Pop,Capitol Records (US1A),253,11781,single,9811408,Calum Scott,82,492122
606887142,Day 1 ◑ (Brooklyn Session),281,0.0,2018-12-21,13277,82248022,Day 1 ◑ (Brooklyn Session),2018-12-21,Alternative,Atlantic Records UK,281,98,single,6306824,HONNE,59,34206
922388352,I Lost Myself (Acoustic) (Acoustic),195,0.0,2020-04-07,109943,140258142,I Lost Myself (Acoustic),2020-04-07,Pop,MUNN,195,40,single,5085559,Munn,87,2771
493858742,No Right To Love You (Acoustic),230,166.04,2018-05-18,6943,103051642,What If,2019-07-12,Pop,Decca (UMO),421,194,single,5622207,Rhys Lewis,47,6950
344854081,Symphony (feat. Zara Larsson) (Acoustic Version),216,123.05,2017-03-16,686804,39220871,Symphony (feat. Zara Larsson) (Acoustic),2017-03-16,Electro|Dance,Atlantic Records UK,216,1840,single,1000956,Clean Bandit,156,4171760
710369522,Beautiful People (Acoustic),220,0.0,2019-07-10,20932,438775077,Beautiful People - Acoustic,2019-07-10,Folk,Daniel Robinson,220,3,single,5192853,Daniel Robinson,52,284
1100215,Toothpaste Kisses,156,135.1,2007-06-25,279101,118694,Colour It In,2007-01-01,Pop,Polydor Records,2132,1676,album,13930,The Maccabees,20,53222
389067831,She's On My Mind (Acoustic),152,91.88,2017-08-04,290806,45446061,She's On My Mind (Acoustics),2017-08-04,Singer & Songwriter,Universal-Island Records Ltd.,318,1297,single,1641705,JP Cooper,68,204115
343968551,Ciao Adios (Acoustic),284,173.71,2017-02-09,342458,39093301,Ciao Adios (Acoustic),2017-02-09,Electro|Pop,Atlantic Records UK,284,2535,single,6396188,Anne-Marie,129,1865650
415278882,Sit Next to Me (Acoustic),258,95.04,2017-10-13,154143,49527442,Sit Next to Me (Versions),2017-10-13,Alternative,Columbia,787,796,single,417037,Foster the People,38,1113408
141826457,The Way I Are (Acoustic),167,104.4,2017-02-10,122087,15319179,The Way I Are (Acoustic),2017-02-10,Alternative|Pop Indé|Rock indé|Pop|Pop indé/Folk|Rock|Rock Indé/Pop Rock|Singer & Songwriter,Black Butter,167,23,single,5313379,Leo Stannard,44,2086
119058686,"Someone New (Live From Spotify, London)",231,90.3,2016-02-12,85815,12391736,Acoustic,2016-02-12,Pop,UMOD (Universal Music On Demand),5551,2831,album,5062414,Hozier,30,1409413
137725105,By Your Side (Abbey Road Live Version),193,118.12,2016-12-09,201051,14780723,By Your Side (Abbey Road Live Version),2016-12-09,Dance,Positiva,193,529,single,5306539,Jonas Blue,136,726948
8066404,At Home (Acoustic),308,0.0,2011-01-24,157442,744088,Star of Love (Plus Acoustic Version),2011-01-24,Electro,Different Recordings,3707,12877,album,208844,Crystal Fighters,49,85807
384586771,Came Here for Love (Acoustic),216,121.96,2017-07-28,404639,44800661,Came Here for Love (Acoustic),2017-07-28,Dance,Ministry of Sound Recordings,216,1271,single,5203250,Sigala,114,284655
141827555,Castle on the Hill (Acoustic),226,145.58,2017-02-10,462204,15319387,Castle on the Hill (Acoustic),2017-02-10,Pop|Singer & Songwriter,Atlantic Records UK,226,8032,single,384236,Ed Sheeran,154,20903429
521607702,Good Vibes (Acoustic),231,115.81,2018-07-06,73760,67271672,Heavy Rules Mixtape (Acoustic),2018-07-06,Pop,Intercord,430,42,ep,10478743,Alma,49,32048
69808516,Chocolate (Acoustic Version),238,147.1,2013-08-26,219735,6843273,Sex EP,2013-08-26,Alternative,Polydor Records,1180,7838,ep,3583591,The 1975,38,606511
407138772,Someone To You (Acoustic),214,0.0,2017-09-22,101893,48205392,Island Life Coffee House (Vol. 2),2017-09-22,Singer & Songwriter,Island Records,2276,187,album,8853864,Banners,55,66082
373997751,Slow Hands (Acoustic),161,87.04,2017-06-30,397572,43229581,Slow Hands (Acoustic),2017-06-30,Pop,Capitol Records (US1A),161,3160,single,4794264,Niall Horan,55,1028681
118187598,I Gave It All (Live From Barn On The Farm),256,123.78,2016-01-29,123174,12279362,Midnight (Live EP),2016-01-15,Alternative,Universal-Island Records Ltd.,1122,956,ep,1909641,Aquilo,30,24871
673680502,Want My Love,248,119.8,2019-06-10,24911,579798811,Cathedrals - EP,2019-06-10,Alternative|Rock|Rock Indé/Pop Rock,CATHEDRALS,1497,109,ep,4365847,Cathedrals,18,3886
3154572,Ooh La (Lowlands Acoustic Session),202,149.8,2008-03-31,166489,303341,Ooh La,2008-03-31,Rock,Virgin Records,612,1377,single,4337,The Kooks,59,813961
355727131,Dynamite,231,110.25,2017-05-05,518353,40802001,Don't Kill My Vibe - EP,2017-05-05,Pop,Universal-Island Records Ltd.,821,6741,ep,11924667,Sigrid,55,48019
504057212,Handyman (Acoustic),218,166.71,2018-06-15,270540,64323102,Handyman (Acoustic),2018-06-15,Alternative|Rock,Red Bull Records,218,136,single,515697,AWOLNATION,39,454394
542723812,Would It Be Ok (Acoustic),197,0.0,2018-08-30,71446,70977332,Would It Be Ok (Acoustic),2018-08-30,Dance,Be Yourself Music,197,4,single,1390631,AFSHEEN,44,2610
717180,Soul Meets Body (Live from Rolling Stone Original Sessions),231,123.0,2006-05-02,45265,85734,Rolling Stone Original,2006-05-02,Pop|Rock,Atlantic Records,914,329,ep,383,Death Cab for Cutie,61,200245
366076091,Body in a Box (Demo),278,132.09,2008-11-25,161742,42158001,Bring Me Your Love (Special Edition),2008-12-02,Alternative|Rock,Dine Alone Music Inc.,5961,944,album,339,City and Colour,34,90518
389063831,Most Girls (Acoustic),201,102.85,2017-08-04,284299,45445501,Most Girls (Acoustic),2017-08-04,Pop,Universal Records,201,3721,single,5961630,Hailee Steinfeld,16,425595
78390529,Coins in a Fountain (Acoustic),169,184.6,2014-06-06,159371,7796898,Whispers (Deluxe),2014-07-07,Pop,Sony Music Entertainment,4092,16626,album,16398,Passenger,46,1357904
77749340,Gunshot,204,106.8,2014-04-25,448862,7725898,I Never Learn,2014-04-25,Alternative,Atlantic Records UK,1972,47492,album,72503,Lykke Li,56,677988
688937762,Born to Be Free (Acoustic),186,0.0,2019-06-29,58416,98821182,Born to Be Free (Acoustic),2019-06-29,,© ℗ 2019 Giovanni Marton,186,0,single,51437842,Jack Marton,4,8
103468930,Keep Your Head Up (Rockfeedback Session),301,0.0,2015-07-17,98209,10756712,This Is Acoustic,2015-07-17,Pop,UMOD (Universal Music On Demand),5896,2898,album,401577,Ben Howard,15,526871
120739026,Wild Things (Acoustic Version),191,0.0,2016-03-11,255219,12599760,Know-It-All (Deluxe),2016-03-11,Pop,"EP Entertainment, LLC / Def Jam",3278,72462,album,7890062,Alessia Cara,49,699164
93182666,7 Layers,215,124.91,2015-04-06,2002,326506827,7 Layers,2014-01-01,Alternative|Pop,7 Layers B.V.,2729,1065,album,1202336,Dotan,8,70502
139102493,Easy (Acoustic),208,110.54,2016-12-30,122592,14949619,Easy (Acoustic),2016-12-30,Alternative,Universal Music AB,208,259,single,4336474,Seinabo Sey,40,44207
83941101,Bad Blood (Live Piano Version),206,141.1,2014-09-08,224986,8448945,Oblivion,2014-09-08,Alternative,Virgin Records,1491,7830,ep,1352097,Bastille,91,2249624
144944310,September Song (Guitar Acoustic),212,189.65,2017-03-24,495021,15732546,September Song (Remixes),2017-03-24,Singer & Songwriter,Universal-Island Records Ltd.,871,2435,single,1641705,JP Cooper,68,204115
52872731,Trojans (Crown City Acoustic),215,119.5,2012-08-03,57910,5127761,Through the Glass EP,2012-08-03,Alternative,Warner Records,815,1901,ep,2095721,Atlas Genius,10,166947
384722231,Nervous (Acoustic),250,0.0,2016-09-23,437815,44821871,Nervous,2016-09-23,Pop|Singer & Songwriter,GS Believe,684,1261,single,2668241,Gavin James,69,136824
696963252,Let Me Love You (Andrew Watt Acoustic Remix),207,0.0,2019-06-21,21960,42886941,Acoustic Pop Edition,2017-06-16,Pop,"UMG Recordings, Inc.",3211,2071,album,482758,DJ Snake,102,5794937
73262790,Dust to Dust (Acoustic),223,137.8,2013-11-29,327281,7211520,Bare Bones EP,2013-12-06,Singer & Songwriter,Sensibility Recordings/Columbia Records,1292,2010,ep,409894,the Civil Wars,10,55538
15421166,Shuffle (Acoustic),173,132.1,2012-01-01,112096,1424068,Leave It (EP),2011-12-29,Alternative,Universal-Island Records Ltd.,758,477,ep,203706,Bombay Bicycle Club,33,151631
62874329,New Ceremony (Acoustic),257,110.8,2012-12-17,127407,6170866,Shallow Bed (Acoustic),2012-12-14,Alternative|Pop Indé|Rock indé,RCA Records Label,2418,359,album,406320,Dry The River,11,13381
77409667,Trouble (with The Pariah Dogs) (Live From Avatar Studios),274,162.1,2011-02-15,41128,7691857,Live - Spring 2010,2011-02-15,Rock,RCA Records Label,1212,372,ep,5271,Ray LaMontagne,21,95898
72791229,Divisionary (Do the Right Thing),250,123.0,2014-03-24,23498,7553350,Divisionary,2014-03-25,Alternative,Partisan Records,2357,565,album,5330525,Ages and Ages,12,2000
129011744,Stolen Dance,235,172.27,2016-07-22,21828,290559842,Stolen Dance,2016-07-22,Folk|Singer & Songwriter,Nettwerk Music Group,235,41,single,7198482,Twin Bandit,11,250
105108210,Indulge (Acoustic),195,142.07,2015-08-07,177097,10946420,Indulge (Acoustic),2015-08-07,Alternative,37 adventures,394,89,single,254233,JONES,54,2807
362297911,One More Light,255,168.06,2017-05-19,873495,41645391,One More Light,2017-05-19,Alternative,Warner Records,2119,185482,album,92,Linkin Park,75,12218181
528330441,Believer,202,124.91,2018-07-18,946141,68346981,Evolve,2018-02-23,Alternative,Kid Ina Korner / Interscope,2583,193752,album,416239,Imagine Dragons,62,9521668
78527795,Counting Stars,257,122.0,2014-06-02,923515,7811259,Native,2014-06-02,Pop,Mosley / Interscope,4428,101158,album,74398,OneRepublic,104,4343073
140869461,Human,199,0.0,2017-02-10,926710,15188215,Human (Deluxe),2017-02-10,Alternative|Pop Indé|Rock indé,Best Laid Plans/Columbia,3888,289752,album,4101559,Rag'n'Bone Man,46,1218226
373896581,Infinity,237,121.96,2017-06-23,816824,43215621,Feel Something,2017-06-23,Alternative,Atlantic Records,2743,16923,album,5100975,Jaymes Young,27,132105
610861462,Power Over Me,206,173.71,2019-01-04,809778,83065642,Dermot Kennedy,2019-01-04,Singer & Songwriter,UMGRI Interscope,3107,15350,album,12033224,Dermot Kennedy,52,173992
16501728,We Are Young (feat. Janelle Monáe),250,92.1,2012-02-14,897622,1543242,Some Nights,2012-02-21,Alternative,Fueled By Ramen,2749,122037,album,380832,fun.,9,923462
65723649,Another Love,243,116.8,2013-06-24,992716,6443018,Long Way Down (Deluxe),2013-06-24,Pop|Pop internationale|Rock|Singer & Songwriter,ITNO/Columbia,3158,97129,album,4044787,Tom Odell,68,780876
63034985,Pompeii,214,127.6,2013-02-22,865705,6189193,Pompeii,2013-02-22,Alternative,Virgin Records,1112,43026,single,1352097,Bastille,91,2249624
89824821,Hold Back The River,239,0.0,2014-11-17,737798,9097101,Hold Back The River,2014-11-17,Singer & Songwriter,Mercury Records/Republic Owned,909,36067,ep,4732999,James Bay,48,804604
92872156,Centuries,231,87.97,2015-01-20,831238,9426598,American Beauty/American Psycho,2015-01-20,Alternative,Island Records,2344,147089,album,404,Fall Out Boy,54,2611959
126011307,Way down We Go,213,162.13,2016-06-10,711323,13262277,A/B,2016-06-10,Alternative,Elektra (NEK),2533,93579,album,1138351,KALEO,24,271947
71059074,Cool Kids,237,130.01,2013-10-04,758982,6975073,Talking Dreams (Deluxe Edition),2013-10-04,Alternative,Warner Records,3223,28123,album,2487301,Echosmith,37,340943
61752797,Let Her Go,253,149.3,2012-10-31,10233,367152987,Let Her Go,2012-10-31,Pop,Embassy of Music,252,44,single,16398,Passenger,46,1357904
70403437,Royals,190,84.9,2013-09-30,876369,6909237,Pure Heroine,2013-01-01,Alternative,Universal Music New Zealand Limited,2228,182028,album,4448485,Lorde,22,2086678
67446406,Love Me Again,240,126.0,2013-07-01,863905,6597870,Love Me Again,2013-07-01,Pop,Universal-Island Records Ltd.,1420,50765,single,1141019,John Newman,71,358166
102364674,Renegades,195,179.76,2015-06-30,830869,10632090,VHS,2015-06-30,Alternative,Kid Ina Korner / Interscope,2853,18555,album,4549214,X Ambassadors,64,315510
65732147,Still into You,216,136.0,2013-04-05,707235,6443604,Paramore,2013-04-05,Alternative,Fueled By Ramen,3829,151269,album,10977,Paramore,32,3146015
70322142,I Wanna Be Yours,183,135.11,2013-09-09,929035,6899610,AM,2013-09-06,Alternative,Domino Recording Co,2504,544559,album,1182,Arctic Monkeys,35,4954663
11249744,Summer Sunshine,173,121.6,2004-05-24,519033,1029768,Borrowed Heaven,2004-05-24,Pop|Pop internationale|Variété Internationale,Atlantic Records,3076,6949,album,626,The Corrs,28,187790
126884459,Heathens,195,89.88,2016-06-16,912994,13371165,Heathens,2016-06-16,Alternative,Atlantic Records,195,173417,single,647650,Twenty One Pilots,43,5000146
62724015,Locked out of Heaven,233,144.05,2012-12-07,963294,6157080,Unorthodox Jukebox,2012-12-05,Pop,Atlantic Records,2091,743689,album,429675,Bruno Mars,36,12769566
90326361,Shut Up and Dance,197,128.0,2014-12-02,909190,9154869,TALKING IS HARD,2014-12-02,Alternative,RCA Records Label,2597,20074,album,525307,Walk The Moon,23,319622
62936661,House of Gold,163,114.8,2013-01-04,618801,6176845,Vessel,2013-01-04,Alternative,Fueled By Ramen,2864,167552,album,647650,Twenty One Pilots,43,5000146
100052800,Sugar,235,119.8,2015-05-15,820349,10244008,V,2015-05-15,Pop,Interscope Records*,2635,107274,album,1188,Maroon 5,65,11406009
117708444,Unstoppable,218,173.7,2016-01-21,916433,12222290,Unstoppable,2016-01-21,Alternative|Pop Indé|Electro|Dance|Pop|Pop indé/Folk,Monkey Puzzle Records/RCA Records,218,63938,single,3469,Sia,154,8708301
70834770,Ho Hey,163,160.2,2013-10-21,10350,111543292,The Lumineers (Deluxe Edition),2015-04-05,Alternative|Singer & Songwriter,Dualtone Music Group,3666,3195,album,793825,The Lumineers,52,925091
60200381,Try,247,103.9,2012-09-18,911562,5884161,The Truth About Love,2012-09-18,Pop|Pop internationale|Rock,RCA Records Label,4025,276037,album,69925,P!nk,65,4657664
78282330,Stay With Me,172,84.89,2014-05-26,514561,7784775,In The Lonely Hour,2014-05-26,Pop,PLG - Capitol,1967,61541,album,1097709,Sam Smith,107,5578740
14299589,Paradise,278,139.7,2011-10-19,928383,1312875,Mylo Xyloto,2011-10-19,Rock,Parlophone UK,2645,417565,album,892,Coldplay,122,18376612
71788159,Sail,259,118.8,2013-11-19,962,1527114,Megalithic Symphony,2011-03-15,Alternative|Rock,Red Bull Records,3166,6509,album,515697,AWOLNATION,39,454394
65732144,Ain't It Fun,296,103.9,2013-04-05,696200,6443604,Paramore,2013-04-05,Alternative,Fueled By Ramen,3829,151269,album,10977,Paramore,32,3146015
105710118,New Americana,183,87.04,2015-08-28,561320,11015718,BADLANDS (Deluxe),2015-08-28,Alternative,Astralwerks (ASW),3332,118356,album,5292512,Halsey,52,2076009
7718387,SING,270,110.8,2010-11-19,570567,712492,Danger Days: The True Lives of the Fabulous Killjoys,2010-11-05,Alternative,Reprise,3236,75783,album,599,My Chemical Romance,45,1836295
3106505,Fix You,295,140.2,2005-06-07,907858,300328,X&Y,2005-06-07,Rock,Parlophone Records Limited,3719,277131,album,892,Coldplay,122,18376612
830336922,Watermelon Sugar,173,95.48,2019-12-13,913278,122664252,Fine Line,2019-12-13,Pop,Columbia,2799,236705,album,5313805,Harry Styles,7,2191446
63510358,Radioactive,187,136.45,2013-02-05,907379,6240279,Night Visions,2013-02-05,Alternative,Kid Ina Korner / Interscope,3127,354429,album,416239,Imagine Dragons,62,9521668
122016704,7 Years,237,119.84,2016-04-01,892107,12761782,Lukas Graham (Blue Album),2016-04-01,Pop,Universal Music A/S,2399,23128,album,1563138,Lukas Graham,44,566329
15597831,Raise Your Glass,203,122.0,2010-11-12,789572,1438463,Greatest Hits...So Far!!!,2010-11-12,Pop,LaFace Records,4650,37028,album,69925,P!nk,65,4657664
142388603,Legendary,230,142.07,2017-02-17,7895,865755232,Boxing Motivation,2025-12-05,Rap/Hip Hop,UME - Global Clearing House,5021,17,album,4321605,Welshly Arms,29,51199
63510362,On Top Of The World,189,99.9,2013-02-05,846652,6240279,Night Visions,2013-02-05,Alternative,Kid Ina Korner / Interscope,3127,354429,album,416239,Imagine Dragons,62,9521668
78106684,Safe And Sound,193,118.12,2014-05-07,15937,637741751,In A Tidal Wave of Mystery (Deluxe Edition),2014-01-01,Alternative|Pop Indé|Rock indé,"Lazy Hooks, LLC",3674,1167,album,432247,Capital Cities,24,1105191
1467020982,About Last Night,208,0.0,2021-08-20,278772,252309442,"Saturday Night, Sunday Morning",2021-08-20,Singer & Songwriter,RCA Records Label,2164,3400,album,1364450,Jake Bugg,38,309833
1438271172,"So May We Start (feat. Simon Helberg) (Version Edit - From ""Annette"")",205,0.0,2021-07-19,109678,245469782,"So May We Start (feat. Simon Helberg) (Version Edit - From ""Annette"")",2021-07-19,Films/Jeux vidéo|Musiques de films,Milan,205,169,single,2698,Sparks,94,22951
1362042912,Stop Making This Hurt,199,0.0,2021-05-18,226305,227482852,Stop Making This Hurt,2021-05-18,Alternative|Pop,RCA Records Label,199,198,single,5525754,Bleachers,50,30058
1449999462,Pure (feat. ELIO),162,0.0,2021-08-20,111953,248280952,Pure (feat. ELIO),2021-08-20,Pop,Columbia Local,162,8,single,101045662,Teddy Failure,20,294
1321453412,Set The Table,195,0.0,2021-04-09,176916,220553782,Set The Table,2021-04-09,Alternative|Pop,Disruptor Records/Columbia,195,44,single,12817285,Ritt Momney,6,5767
1492586262,Planes in the Sky,239,0.0,2021-09-17,161074,258433952,Grapefruit Season,2021-09-17,Alternative|Pop Indé|Rock indé,Columbia,3196,796,album,146333,James Vincent McMorrow,63,52947
1261794632,Golden Restless Age,273,0.0,2021-03-05,361259,211717802,When You See Yourself,2021-03-05,Alternative,RCA Records Label,3086,19922,album,385,Kings of Leon,30,2392829
921027292,The Adults Are Talking,309,0.0,2020-04-10,921058,139890932,The New Abnormal,2020-04-10,Alternative,Cult Records/RCA Records,2708,114825,album,569,The Strokes,23,1750127
1063625262,Time's Up,178,0.0,2020-09-11,122837,169806422,Time's Up,2020-09-11,Alternative,Epic Local,412,5,single,1043567,Quarry,18,312
2820845842,Parker Lewis,179,0.0,2021-02-26,120050,593020342,IT'S OK,2021-02-26,Alternative,Pan European Recording,1946,25,album,14309005,Fantomes,13,613
1355262232,Here & Now,195,0.0,2021-04-30,261451,225850452,Here & Now,2021-04-30,Pop|Pop internationale|Rock,RCA Group,195,96,single,87876602,Prudence,13,4198
1875510977,Truth,171,0.0,2021-07-28,370422,348381057,Truth,2021-07-28,Electro,Caiola Records,171,33,single,436163,Jungle,49,260195
993905282,Real Love Song,222,0.0,2020-06-23,217745,155089002,Real Love Song,2020-06-23,Alternative|Pop Indé|Rock indé,RCA Records Label,222,603,single,2210161,Nothing But Thieves,55,240548
1467021032,Lonely Hours,160,0.0,2021-08-20,278001,252309442,"Saturday Night, Sunday Morning",2021-08-20,Singer & Songwriter,RCA Records Label,2164,3400,album,1364450,Jake Bugg,38,309833
1429546572,Summerland,229,0.0,2021-07-23,369940,243331062,Summerland,2021-07-23,Alternative,half·alive/RCA Records,229,277,single,54887122,half·alive,28,23709
1073564362,Could U Stop,236,0.0,2020-10-23,171269,171895092,Embrace,2020-10-23,Alternative|Pop Indé|Pop,Un Plan Simple,2661,561,album,12787417,Keep Dancing Inc,15,1221
1462217382,Baby Blue,222,0.0,2021-08-13,434027,251277902,When Facing the Things We Turn Away From,2021-08-13,Alternative|Pop Indé|Rock indé,Sony Music Entertainment,2623,6079,album,5622862,Luke Hemmings,10,15416
1362725782,American Beauty,171,0.0,2021-05-21,259843,227668142,The Sky Is Bleeding,2021-05-21,Alternative|Pop Indé|Rock indé,RCA Records Label,1116,1118,ep,12140800,Biig Piig,39,13115
1428784262,Not Your Summer,224,0.0,2021-07-16,326582,243159722,Community Spirit,2021-07-16,Alternative,Capitol Records UK / EMI,1038,396,ep,4808744,The Academic,30,10068
1231120732,Wake Me Up,186,0.0,2021-02-26,166638,204886202,Wake Me Up,2021-02-26,Alternative,Epic Local,598,22,single,1043567,Quarry,18,312
1346143802,Anybody Else,130,0.0,2021-04-28,279783,223473822,Anybody Else,2021-04-28,Pop,Arista Records,130,50,single,53328632,spill tab,35,4275
1275956472,What's Wrong,177,0.0,2021-03-31,264480,214910212,What's Wrong,2021-03-31,Alternative,half·alive/RCA Records,177,362,single,54887122,half·alive,28,23709
794914182,Battered & Bruised,143,0.0,2020-03-13,251982,117223922,Sad Happy,2020-03-13,Alternative,Prolifica Inc.,2799,4086,album,5322400,Circa Waves,52,27653
1138935102,Skin and Bones (Mix 2020),193,0.0,2020-11-20,175557,185661162,Skin and Bones,2020-11-20,Alternative,RCA Records Label,585,605,single,214810,Cage The Elephant,18,577050
446980862,Transhumanity,190,0.0,2018-01-19,47162,54473732,Transhumanity,2018-01-19,Alternative,Jive Epic,190,45,single,4683942,JB Dunckel,41,3124
1228516222,Good Friends,243,0.0,2025-02-10,99878,204336052,Good Friends,2025-02-10,Pop|Pop internationale|Rock,RCA Group,243,90,single,87876602,Prudence,13,4198
1875518177,Keep Moving,240,0.0,2021-03-23,624441,348383767,Keep Moving,2021-03-23,Electro,Caiola Records,320,174,single,436163,Jungle,49,260195
1366618312,Paradise,220,0.0,2021-05-18,125901,228648032,Paradise,2021-05-18,Pop,Columbia,220,46,single,146333,James Vincent McMorrow,63,52947
1073119822,All I Need,216,0.0,2020-10-26,429694,171820342,All I Need,2020-10-26,Alternative|Pop Indé|Rock indé|Rock|Singer & Songwriter,RCA Records Label,216,691,single,1364450,Jake Bugg,38,309833
1077679192,Impossible,248,0.0,2020-09-14,370134,172798532,Impossible,2020-09-14,Alternative|Pop Indé|Rock indé,RCA Records Label,248,956,single,2210161,Nothing But Thieves,55,240548
1494718712,CROWN,156,0.0,2021-09-23,25562,258830192,CROWN (feat. SUN),2021-09-23,Pop|Pop internationale|Rock,Toybloïd Records,156,8,single,368491,TOYBLOÏD,10,9749
1411516982,My House,256,0.0,2021-07-09,64633,241533302,My House,2021-07-09,Alternative|Pop|Pop indé/Folk|Rock|Rock Indé/Pop Rock,Tomplicated,256,63,single,8228774,Declan McKenna,25,51039
4217512,The Way We Get By,160,149.8,2004-03-30,70209,392890,Music From The O.C. Mix 1,2004-03-30,Pop|Films/Jeux vidéo|Musiques de films,Warner Sunset/Warner Records,3110,614,album,1280,Spoon,50,47439
561141802,You Know Me Too Well,233,136.0,2018-10-19,433659,74311462,What Did You Think When You Made Me This Way?,2018-10-19,Alternative|Pop Indé|Rock indé,RCA Records Label,890,7285,ep,2210161,Nothing But Thieves,55,240548
1456570972,Alone (Nothing But Thieves Remix),254,0.0,2021-08-31,309075,249800312,Alone (Nothing But Thieves Remix),2021-08-31,Pop,Best Laid Plans/Columbia,254,289,single,4101559,Rag'n'Bone Man,46,1218226
145512892,You're in Love With a Psycho,217,119.84,2017-03-22,32505,15658888,You're In Love With a Psycho,2017-03-17,Alternative|Pop Indé|Rock indé,Columbia,215,1949,single,1247,Kasabian,83,812801
398896992,oh baby,350,169.44,2017-09-01,337301,46921412,american dream,2017-09-01,Electro,DFA Records/Columbia,4131,13371,album,642,LCD Soundsystem,41,179045
1492804332,The Punk,234,0.0,2008-10-03,156151,258492422,Nanana Club,2008-10-13,Alternative|Rock,Apple Jelly,2665,21,album,55070,Apple Jelly,16,2156
3732058,Four Letter Word (Album Version),228,179.8,2009-06-22,292540,350375,Music For Men,2009-06-18,Alternative|Pop,Columbia,2607,49612,album,3759,Gossip,38,173549
1446366942,Loving The Light,163,0.0,2021-08-20,99615,247485062,Loving The Light,2021-08-20,Pop,Ariola/Hansa Local,163,19,single,353437022,CHARLS,16,65
1009585282,Together,200,0.0,2020-10-16,251571,158371792,Fake It Flowers,2020-10-16,Alternative,Dirty Hit,2456,5580,album,13499081,beabadoobee,39,206653
572305972,Afterlife,353,116.13,2018-11-02,512577,76346232,Reflektor,2013-10-29,Alternative|Pop Indé|Rock indé,Sony Music CG,4524,9996,album,1201,Arcade Fire,27,721667
2182364887,The Stars (Are Out Tonight),237,0.0,2013-03-08,388208,415411127,The Next Day,2013-03-08,Rock,Rhino,3183,4643,album,997,David Bowie,171,2453217
1571859902,Chin Music For The Unsuspecting Hero,204,0.0,2021-11-12,229265,276645132,Torches X (Deluxe Edition),2021-11-12,Alternative|Rock,Columbia/Legacy,4866,2724,album,417037,Foster the People,38,1113408
371613281,Oh My God,286,107.95,2017-06-16,62491,39382571,Fake Sugar,2017-06-16,Pop,Sony Music Entertainment International Limited,2551,18119,album,1189520,Beth Ditto,5,63367
384071261,Put Your Money on Me,353,123.05,2017-07-28,489925,44714561,Everything Now,2017-07-28,Alternative|Pop Indé|Rock indé,Columbia,2831,52992,album,1201,Arcade Fire,27,721667
781907812,Never Had The Balls,236,0.0,2019-10-25,242867,115923552,Pony,2019-10-25,Alternative,Rex Orange County,2032,16549,album,11361878,Rex Orange County,29,268042
1103829542,Matter To You,217,0.0,2020-10-16,301493,178460272,Only Child,2020-10-16,Alternative,RCA Records Label,2078,4648,album,140005292,Sasha Alex Sloan,49,22732
473800212,I Can't Quit,162,128.0,2018-03-30,518627,59120042,Combat Sports,2018-03-30,Alternative|Pop Indé|Rock indé,Columbia,1974,8253,album,811481,The Vaccines,34,184291
144389328,Going Backwards,342,97.05,2017-03-17,25084,15658932,Spirit (Deluxe),2017-03-17,Alternative,Columbia,4584,55536,album,545,Depeche Mode,89,3272288
613644212,Feet,320,105.47,2019-04-19,394348,83624442,Serfs Up!,2019-04-19,Alternative,Domino Recording Co,2622,6644,album,4538792,Fat White Family,27,14709
1488035362,Make of It,155,0.0,2021-09-16,200657,257218532,Make of It,2021-09-16,Alternative,half·alive/RCA Records,155,179,single,54887122,half·alive,28,23709
3822034561,UNCANNY VALLEY,196,0.0,2026-03-27,508279,911391231,HADES,2026-03-27,Alternative,Atlantic Records,4218,8075,album,5518450,Melanie Martinez,34,1919111
3852206111,Drag Path,224,0.0,2026-02-17,813421,922008721,Drag Path,2026-02-17,Alternative,Fueled By Ramen,224,2286,single,647650,Twenty One Pilots,43,5000146
3918394131,Deep End,150,0.0,2026-03-27,356317,946291981,Deep End,2026-03-27,Alternative,Atlantic Records,150,68,single,10799102,Oliver Tree,69,226147
3911603851,Until The Sun Explodes,178,0.0,2026-03-25,426129,943605821,Until The Sun Explodes,2026-03-25,Alternative,Atlantic Records,178,106,single,410,Sublime,32,313917
3857373121,"Orange County (feat. Bizarrap, Kara Jackson and Anoushka Shankar)",208,0.0,2026-02-27,732546,923651461,The Mountain,2026-02-27,Alternative|Pop Indé,Kong,3982,32632,album,14,Gorillaz,92,3013309
3896778251,Hanging Out To Dry,212,0.0,2026-03-27,676129,938313131,Spring Forward,2026-03-27,Alternative|Pop Indé,Warner Music UK,907,602,ep,184257827,Florence Road,15,4726
3814263932,Good Grief,261,0.0,2026-02-20,612251,908697682,(((((ultraSOUND)))))+,2026-02-20,Alternative,Warner Records,4393,4204,album,296861,The Neighbourhood,25,1662977
3378903331,Backseat,383,0.0,2025-05-29,677907,760748401,Backseat,2025-05-29,Pop,WM Australia,780,354,single,11303670,Balu Brigada,28,8421
3791943272,Flinch,135,0.0,2026-02-20,146940,903182802,Autopilot,2026-02-20,Alternative,Warner Records,1525,93,album,142803922,ALEXSUCKS,20,726
3904263851,Sixteen,206,0.0,2026-03-20,275825,941104581,Sixteen,2026-03-20,Alternative,Atlantic Records,206,47,single,5512835,Rainbow Kitten Surprise,36,29741
3402267111,LOOK OUT FOR ME,403,0.0,2025-06-06,611821,768426291,NEVER ENOUGH,2025-06-06,Rock|Metal,Roadrunner Records,2708,12088,album,1072674,Turnstile,21,50745
3151351511,back to friends,199,0.0,2024-12-27,980345,686344041,back to friends,2024-12-27,Alternative|Rock indé,Warner Records,199,3503,single,145468192,sombr,27,163954
3708374722,2SIDED,177,0.0,2026-01-13,526435,874661572,2SIDED,2026-01-13,Alternative,Transgressive,177,127,single,13286961,Arlo Parks,43,55419
3631956092,Parachute,220,0.0,2025-11-07,615944,848097372,Ego Death At A Bachelorette Party,2025-11-07,Alternative|Pop Indé|Rock indé,Post Atlantic,4013,5818,album,281737,Hayley Williams,39,508549
3898985331,Be With You,215,0.0,2026-03-19,576421,939123131,Be With You,2026-03-19,Alternative,Warner Records,215,1157,single,705,Muse,70,5038987
3652303972,Hula Girl,244,0.0,2025-11-14,572556,855293632,(((((ultraSOUND))))),2025-11-14,Alternative,Warner Records,3416,4196,album,296861,The Neighbourhood,25,1662977
3399059211,Cobra,185,0.0,2025-09-26,574237,767299021,Getting Killed,2025-09-26,Alternative,Partisan / Play It Again Sam,2735,13524,album,137555232,Geese,10,16965
3721814662,Autopilot,166,0.0,2026-01-23,115942,879214582,Autopilot,2026-01-23,Alternative,Warner Records,166,0,single,142803922,ALEXSUCKS,20,726
3757419122,Where's My Phone?,190,0.0,2026-02-27,529253,891421532,Nothing's About to Happen to Me,2026-02-27,Alternative,Dead Oceans,2067,10527,album,6630050,Mitski,13,520005
3516066551,infinite source,212,0.0,2025-08-22,613965,807521901,private music,2025-08-22,Rock|Hard Rock,Reprise,2542,20390,album,535,Deftones,36,1042476
3651959272,White Keys,141,0.0,2025-11-14,887767,855168092,White Keys,2025-11-14,Alternative|Pop,Columbia,141,908,single,13864157,Dominic Fike,27,78944
3402267061,I CARE,233,0.0,2025-06-06,697615,768426291,NEVER ENOUGH,2025-06-06,Rock|Metal,Roadrunner Records,2708,12088,album,1072674,Turnstile,21,50745
3550943021,City Walls,322,0.0,2025-09-12,703250,819534781,Breach,2025-09-12,Alternative,Fueled By Ramen,2843,22410,album,647650,Twenty One Pilots,43,5000146
3865460641,DISNEY PRINCESS,245,0.0,2026-02-25,443515,926661531,DISNEY PRINCESS,2026-02-25,Alternative,Atlantic Records,245,572,single,5518450,Melanie Martinez,34,1919111
3602329302,My Old Ways,298,0.0,2025-10-17,843301,837961612,Deadbeat,2025-10-17,Alternative|Pop Indé|Rock indé|Dance,Columbia,3361,36589,album,134790,Tame Impala,40,1132231
695110942,Music Sounds Better With You (Radio Edit),260,0.0,1998-07-20,909402,100030032,Music Sounds Better With You,1998-07-20,Electro|Techno/House,Because Music,663,9327,single,68540642,Stardust,1,21654
364292561,Get Busy,211,200.7,2017-06-02,842910,41925041,Dutty Classics Collection,2017-06-02,Pop,VP Records,4060,17104,album,88,Sean Paul,161,3757728
1496038982,Gasolina,192,0.0,2004-07-13,8825,691271171,Barrio Fino (Bonus Track Version),2005-02-01,Latino,Craft Latino,4277,4914,album,3839,Daddy Yankee,115,7158873
65004123,Laisse parler les gens !!! (feat. Jacob Desvarieux & Passi),202,116.1,2003-06-24,672558,6367249,Dis l'heure 2 zouk: Laisse parler les gens !!! (feat. Jacob Desvarieux & Passi) - Single,2003-06-24,,Issap Productions,202,2459,single,83134,Jocelyne Labylle,15,11292
609381,Baby Boy (feat. Sean Paul),244,182.1,2003-06-24,743920,77201,Dangerously In Love,2003-06-24,Pop|R&B,Columbia,3670,95218,album,145,Beyoncé,118,12827419
144203048,Call on Me (Radio Mix),171,126.43,2004-09-10,826039,15632846,Call on Me (Radio Mix),2004-09-10,Electro|Techno/House|Dance,Pryda Presents,171,2988,single,30,Eric Prydz,23,208188
565420,Ma philosophie,206,99.86,2006-10-27,895453,73582,Un Jour D'été,2008-01-03,R&B|Soul,Jive,3119,31118,album,1765,Amel Bent,47,1295337
561630982,Façon Sex,213,119.84,2006-07-15,761772,74391332,Façon Sex,2006-07-15,Dance,USM,213,1487,single,8745,Tribal King,7,7927
747608,Hey Oh (Radio Edit),211,95.0,2003-12-01,11646,117737012,Tragédie (Édition Deluxe),2003-12-01,R&B,Warner (France),4153,7902,album,1799,Tragedie,8,52405
2862281,Ça m'énerve (Radio Edit),218,130.0,2009-03-09,811361,278009,Ça m'énerve (Radio Edit),2009-03-09,Pop|Pop internationale|Rock,Sony Music Media,218,12589,single,175049,Helmut Fritz,19,37569
2182450,Paris Latino,208,113.9,2002-11-26,682745,218178,Star Academy 2-Fait Sa Boum,2002-01-01,Pop,Universal Music Division Mercury Records,2640,4808,album,7307,Star Academy,52,174081
551683,Double je (Remix),196,120.2,2007-04-16,838621,72466,Inventaire,2007-04-16,Chanson française,Vogue,3504,29142,album,11972,Christophe Willem,34,303630
2110195,Jealousy,317,124.9,2005-01-01,1804,901414132,Hedonist,2009-07-14,Electro,BMG Rights Management France SARL,2633,204,album,2046,Martin Solveig,105,1665942
2459538,Sexbomb (Peppermint Disco Radio Edit),224,123.0,2003-02-09,598079,241792,Reload,2003-02-09,Pop,UMC (Universal Music Catalogue),4158,8220,album,903,Tom Jones,56,190954
2485118,Single Ladies (Put a Ring on It),193,97.1,2008-11-14,867385,244223,I AM...SASHA FIERCE,2008-11-14,Pop,Music World Music/Columbia,3721,126570,album,145,Beyoncé,118,12827419
662722,Give It Up to Me,242,95.93,2005-09-27,543363,387947,The Trinity,2005-09-26,R&B,VP Records,4093,30094,album,88,Sean Paul,161,3757728
2438245,"Lady Marmalade (From ""Moulin Rouge"" Soundtrack)",264,110.0,2001-09-03,775416,240153,Moulin Rouge,2001-09-03,Pop,Moulin Rouge / Interscope,3651,85122,album,116,Christina Aguilera,31,3909411
4619466,I Gotta Feeling,289,128.0,2009-10-26,961677,424931,THE E.N.D. (THE ENERGY NEVER DIES) (Deluxe Version),2009-10-26,Pop,Interscope,6225,196425,album,1020109,Black Eyed Peas,68,6101420
2281066,I'm Outta Love (Radio Edit),245,119.5,2010-02-10,556880,227685,The Best of Anastacia,2010-02-10,Pop,Epic/Legacy,4592,4091,album,718,Anastacia,96,122745
2295226,Toutes les femmes de ta vie,195,98.91,2008-10-27,822798,228849,L5,2008-10-27,Pop,Universal Music Division Label Fontana Distribution Deal,2521,18700,album,10849,L5,7,31282
2794160,Crazy,177,112.0,2007-12-01,894708,271531,St. Elsewhere,2024-04-19,Pop,WM UK,2239,26714,album,3467,Gnarls Barkley,14,135373
1176437,The Sweet Escape,246,119.8,2007-02-26,543864,125766,The Sweet Escape,2007-02-26,Pop,Interscope,536,1050,single,16,Gwen Stefani,44,1234666
2176852,Rehab,212,145.6,2006-10-30,891803,217795,Back To Black,2006-10-30,R&B,Universal-Island Records Ltd.,2083,252313,album,9052,Amy Winehouse,23,3867526
925118,Disturbia,238,0.0,2008-06-17,919863,104188,Good Girl Gone Bad: Reloaded,2008-06-17,Pop,Def Jam Recordings,3425,204869,album,564,Rihanna,94,18031553
662729,Temperature,216,0.0,2005-09-27,733448,387947,The Trinity,2005-09-26,R&B,VP Records,4093,30094,album,88,Sean Paul,161,3757728
596589,Get Right,227,97.0,2005-02-28,753131,76181,Rebirth,2001-01-01,Dance|Pop|Rock,Epic,2900,8988,album,45,Jennifer Lopez,123,6388857
1161005,Don't Cha,272,119.8,2005-10-13,838747,124322,PCD,2005-10-13,Pop,Pussycat Dolls,3032,41836,album,83,The Pussycat Dolls,31,1118305
2430782,In My Mind,208,141.1,2008-01-01,456282,239509,LP,2008-01-01,Pop,Universal Music AB,4391,699,album,943,Antiloop,16,2001
77325360,No Limit,223,141.1,2014-05-05,10279,107700942,Unlimited Hits & Remixes,2014-05-05,Dance,Byte Records,5287,2433,album,1163,2 Unlimited,22,67766
65452725,Beachball,229,133.8,2008-11-11,18003,619027571,Deadline,2024-07-23,Electro|Dance|Trance,Be Yourself Music,1379,23,ep,5617,Nalin & Kane,14,3444
4096754,Be My Lover,240,134.7,2009-08-31,810289,382082,Produced by: Frank Farian,2009-08-31,Pop,MCI,3835,3293,album,6346,La Bouche,13,75897
15455601,"What Is Love (Original 7"" Mix)",271,123.8,1999-09-06,3067,901428952,All the Best - His Greatest Hits,1999-09-06,Pop,BMG Rights Management GmbH,4292,241,album,124,Haddaway,46,103418
4290202,"Rhythm Is A Dancer (Original 12 "")",316,124.2,2008-05-09,25241,901487242,Rhythm Is a Dancer 2008,2008-09-05,Dance,BMG Rights Management GmbH,1023,117,single,126,Snap!,23,88942
11671495,Shimmy Shake,110,129.2,1997-05-01,536983,1068339,The House Of Cutting,1997-05-01,Electro|Techno/House,Cutting Records,3977,524,album,13983,740 Boyz,14,1095
281581,Let Me Be a Drag Queen (Single Mix),204,133.8,2006-11-21,367981,46364,The Album,1996-12-28,Electro|Dance,Elliot music,2762,362,album,16084,Sister Queen,4,462
6177415,Freed From Desire,213,128.8,2010-05-05,855543,564422,DIY Loves 90'S Vol. 1,2010-05-05,Dance,Do It Yourself,2558,4373,album,2598,Gala,28,60746
78115474,The Bomb! (These Sounds Fall Into My Mind) (Radio Edit),202,126.0,1995-01-01,547261,7767975,The Bomb (These Sounds Fall Into My Mind),1995-01-01,Dance,High Fashion Music,1577,938,single,2615,The Bucketheads,5,3769
78213688,Push the Feeling On (Mk Dub Revisted Edit),236,123.0,1995-05-16,1186,7776854,Let's Push It,2014-05-16,Dance,Arista,4004,826,album,1016,Nightcrawlers,20,27346
4168640,My heart goes boom radio version 'reloaded',221,130.0,2009-07-16,2846,743907371,My Heart Goes Boom (La Di Da Da) (Reloaded),2025-04-23,Pop,Score Music,542,46,single,1499,French Affair,22,2872
286561,Get ready for this,223,124.9,2006-11-22,449372,46639,Compilation années 90 : 90's incontournables,2006-11-22,Dance,Voice productions,3405,6389,album,1163,2 Unlimited,22,67766
61057255,Bla Bla Bla,256,0.0,2009-11-20,768795,5978184,The Essential Gigi D'Agostino,2009-11-20,,ZYX Music,6343,6209,album,140,Gigi D'Agostino,76,288476
92089248,Nineties,251,136.0,2013-01-01,195284,9347234,Les 150 plus grands tubes (Les 15 plus grands) [Le meilleur de vos tubes des années 70 - 80 - 90],2013-01-01,,Voice Hits,6437,23047,album,16747,DJ Fred & Arnold T,14,1210
7779520,Don't You Want Me (Edit),189,128.0,2010-12-10,486905,718235,Pure... 90s Dance Party,2010-12-10,Pop,Sony Music Entertainment,5865,9918,album,568,Felix,122,8886
263331,Remember Me,229,101.1,2006-08-22,28859,49070,Compilation années 90 : 90's Dance,2007-01-01,Electro|Dance,Voice productions,2831,1908,album,308209,The Blue Boy,0,218
5910679,You're Not Alone,272,134.2,2003-09-22,305574,79157,Extra Virgin+,2003-09-22,Pop,RCA Records Label,5907,1295,album,6928,Olive,135,5826
94877938,Das Boot,314,122.7,2015-01-02,484963,9653154,Das Boot,2015-01-02,Electro|Dance|Disco,Kingsize Records,2498,3278,album,4135,U96,23,11099
77325371,Let the Beat Control Your Body,219,142.1,2014-05-05,26419,107700942,Unlimited Hits & Remixes,2014-05-05,Dance,Byte Records,5287,2433,album,1163,2 Unlimited,22,67766
92089280,Pop Hertz,224,136.0,2013-01-01,303721,9347234,Les 150 plus grands tubes (Les 15 plus grands) [Le meilleur de vos tubes des années 70 - 80 - 90],2013-01-01,,Voice Hits,6437,23047,album,16747,DJ Fred & Arnold T,14,1210
18076284,Eins Zwei Polizei,313,145.1,2012-04-10,2219,631289241,Was Ist Das?,1995-01-01,Electro|Dance,Plastika,3178,220,album,7036,Mo-Do,15,3416
61677810,Pulverturm (Radio Edit 1),234,136.0,1998-09-21,22276,382439657,Pulverturm,1998-09-21,Electro|Dance,Nitron Music,1666,272,ep,80989,Niels Van Gogh,72,18747
16652776,Pump Up The Jam (Edit),216,124.9,2012-03-05,668330,1558851,Best Of,2012-03-05,Dance,ARS Entertainment N.V.,4270,9723,album,988,Technotronic,11,67941
70051871,Ride on Time,272,0.0,2006-09-01,766880,6869740,Dreamland,1990-04-09,Pop,Groove Groove Melody,2411,8671,album,987,Black Box,49,20310
907649,Gypsy Woman (She's Homeless) (La Da Dee La Da Da) (Radio Edit),228,120.2,2007-11-19,782361,102468,Music For Girls Night Out,2007-11-19,Pop,UMC (Universal Music Catalogue),4805,3691,album,3444,Crystal Waters,90,18241
61637450,Move Your Ass! (Video Edit),218,160.87,1997-12-30,21897,452749745,Fire (Remixes),2023-06-15,Dance,Sheffield Tunes,1503,26,ep,587,Scooter,180,256643
11691219,Bump Bump (Booty Shake),222,132.9,1996-09-10,281411,1070145,740 Boyz,1996-09-10,Electro|Dance,Cutting Records,3458,463,album,13983,740 Boyz,14,1095
67638902,Nessaja (Radio Edit Remastered),210,143.06,2013-06-07,17767,452745025,The Stadium Techno Experience,2023-06-15,Dance,Sheffield Tunes,2853,340,album,587,Scooter,180,256643
61419158,The Riddle,287,126.8,2012-10-26,682368,6018872,Gigi D'Agostino - L'Amour Toujours (MP3 Album),2009-11-01,Dance,Media Records,6978,15735,album,140,Gigi D'Agostino,76,288476
10265111,Kernkraft 400 (DJ Gius Mix - Radio Edit),207,140.2,2011-03-21,649118,938680,Kernkraft 400 Single Mixes,2011-03-21,Electro|Dance,EPM Music NL,858,2768,single,2603,Zombie Nation,1,18071
75152538,Tu Tatuta Tuta Ta,246,137.8,2014-01-01,13459,307479367,Best of Dancefloor (2gether - Années Dancefloor),2014-01-01,Electro|Dance|Films/Jeux vidéo,Twogether,5946,10,album,87562,Pin-occhio,2,705
2185418,Anybody (Movin' On) (Friends Radio Edit),233,143.1,2000-06-30,7777,288363,The Best of,2006-01-26,Dance|Trance|Films/Jeux vidéo,Klubbstyle Rec.,5884,3570,album,1468,Masterboy,53,41008
22396631,Diablo,217,132.1,2012-01-01,316553,2140971,Paradoxx (Platinum Edition),2012-05-25,Electro|Dance,Airbase Classics,5546,3088,album,41,666,77,9606
2430577,This Is The Way (Radio Edit),234,141.6,1995-02-20,291335,239493,Made In Sweden,1995-02-20,Rock,Universal Music AB,2590,2639,album,3197,E-Type,48,19301
61723209,It's a Rainy Day,255,0.0,1994-01-01,8825,866160322,Ice 'n' Green,1994-01-01,Electro|Dance,DWA Records,3931,306,album,7686,Ice MC,3,46361
1042543,Another Night,235,126.0,1995-04-10,690816,113831,Another Night,1995-04-10,Pop,Hansa Local,3533,3708,album,130,Real McCoy,18,30566
17347911,Mr. Vain (Original Radio Edit),257,132.9,1993-01-01,783217,1622715,Mr. Vain,2012-03-30,Dance,Abfahrt Media,2871,4389,album,3182,Culture Beat,23,61804
7556949,Rock Me,214,130.0,1998-06-18,443004,697256,Electrocaine,1998-06-18,Dance,Universal Music Division Mercury Records,3674,1321,album,2602,Pills,81,1515
65452731,Storm,223,132.1,2008-11-11,4834,619027571,Deadline,2024-07-23,Electro|Dance|Trance,Be Yourself Music,1379,23,ep,14554,Storm,107,3294
67316124,Put Your Hands Up (DJ Tonka Radio Edit) (DJ Tonka),222,128.0,2013-05-20,28209,7787109,Put Your Hands Up (In The Air),1998-04-06,Electro|Techno/House|Dance,Altra Moda Music,4137,174,album,4039,Black & White Brothers,1,946
63653810,Sandstorm (Radio Edit),226,136.0,1999-01-01,649827,6253976,Sandstorm,1999-01-01,Electro|Dance,16 Inch Records,1113,10655,single,25,Darude,38,56178
78294080,Sun Is Shining (Funkstar De Luxe Extended Club Mix),238,130.0,2014-04-14,557734,7786046,Remixes & Dubs,2014-04-14,Reggae|Dub,Hypnotic Records,5593,2199,album,719,Bob Marley & The Wailers,85,12292165
61639626,Don't Stop,221,134.23,1999-04-26,577337,6040530,Movin' Melodies,1999-04-26,Electro|Dance|Disco,Kontor Records,3565,5085,album,147,ATB,83,319363
23887451,Carillon (Radio Mix),210,136.9,2010-08-19,10023,645110,Carillon,2010-08-19,Electro|Techno/House|Dance,Time Records,2312,321,album,1109,Magic Box,10,15025
11379163,Doop - Sidney Berlin Ragtime Band,190,130.0,1994-01-01,1798,10847156,Circus Doop,2015-07-17,Dance,CNR Music,3462,170,album,152784,Doop,15,834
61677848,Meet Her At The Loveparade (Radio Edit),213,132.1,2001-08-20,8927,382440097,Meet Her at the Loveparade,2001-08-20,Dance,Nitron Music,3837,1179,album,1015,Da Hool,55,12158
6907031,Saturday Night (Radio Mix),247,130.0,1994-09-19,532045,637836,Saturday Night Single,1994-09-19,Dance,X-Energy,4832,2224,album,9576,Whigfield,56,29835
61723285,The Rhythm of the Night,264,128.0,1995-01-01,7912,772215971,The Rhythm of the Night,2013-07-03,Electro|Dance,DWA Records,3953,723,album,40,Corona,29,77114
7117050,From Paris to Berlin (Radio Version),209,126.0,2010-09-20,226213,656689,From Paris to Berlin,2010-09-20,Electro|Techno/House|Dance|Pop|Rock,Scorpio Music,571,267,single,1078,Infernal,99,7517
630701,Cotton Eye Joe,191,132.1,1995-04-03,160757,50131842,Sex & Violins,1995-04-03,Pop,Muunshine Muusic,2818,6994,album,933,Rednex,29,28839
2422781,Crucified (Radio Edit),212,122.0,1996-03-04,272354,238842,Les Greatest Hits,1996-01-01,Dance,Universal Music AB,3979,1495,album,7315,Army of Lovers,27,9571
63534315,"Short, Short Man",198,126.8,1994-01-01,312757,6242849,On the Attack,2012-12-28,Dance|Pop,Unidisc,2119,623,album,1257813,Gillette,7,1520
3196856,Dub-I-Dub,205,136.0,2005-09-26,452047,306523,Dub-I-Dub,2005-09-26,Pop,Parlophone Denmark,2218,204,album,6596,Me & My,11,1549
2961499,Get Up (Before The Night Is Over),338,123.8,2009-03-23,518992,287867,Pump Up The Jam,2009-03-23,Dance,Universal Music S.A.,3433,17931,album,988,Technotronic,11,67941
3333681,La Vache (Regg & Arkin Radio Edit),188,136.0,2004-11-26,466984,317822,Double Cream,2004-11-26,Electro|Techno/House|Dance,Antler Subway,4444,889,album,2403,Milk Inc.,32,13075
600153,Moving on Up,215,0.0,2005-02-21,576835,76378,Ultimate Collection (feat. Heather Small),2005-02-21,Pop,RCA Records Label,4256,4572,album,6183,M People,25,10769
88806579,Children,240,136.9,2014-11-17,1890,701820311,What is love,2025-01-23,Electro|Dance,3904711 Records DK,240,24,single,3062,Robert Miles,52,73284
854009,Alane,219,122.0,1996-10-25,414623,97696,Welenga,1996-10-25,,Epic,2669,1186,album,6745,Wes,9,15394
83796646,One & One,237,0.0,2014-09-01,989,9223247,A Different Beat,1997-01-01,Pop,Polydor Records,3317,3130,album,3062,Robert Miles,52,73284
5976167,"Rhythm Is A Dancer (7"" Edit)",225,124.2,2009-10-19,7827,905272622,SNAP! The Power Greatest Hits,2009-11-24,Dance,BMG Rights Management GmbH,6558,505,album,126,Snap!,23,88942
3069407,Played-A-Live (The Bongo Song) (Radio Edit),199,137.8,2008-04-24,433099,297436,Hits For Børn 2,2008-04-24,Pop,Universal Music A/S,2909,334,album,1080,Safri Duo,25,28877
66644980,L’Amour Toujours (Radio Edit),236,139.2,2013-04-29,7200,64417082,Greece 2000,1997-06-01,Dance|Trance,Armada Music,10493,319,album,140,Gigi D'Agostino,76,288476
72639854,White Horse (Funkerman Remix Radio Edit),160,126.0,2013-08-19,185604,7142191,White Horse (Funkerman Remix),2013-08-19,Electro|Techno/House,Lifted House | EMI Music Denmark,1051,108,single,6248,Laid Back,7,9144
62171962,What Is Love - Reloaded (Radio Edit),176,137.8,2009-01-09,8519,9631062,Happy Nation (U.S. Version) (Remastered),2015-01-19,Pop,Playground Music,3659,18770,album,124,Haddaway,46,103418
67159083,Let Me Think About It,152,128.8,2013-05-03,741715,6568133,Singled Out,2013-05-03,Electro,Lifted House,2791,1610,album,16822,Ida Corr,57,10518
71763076,Drop The Pressure,255,128.8,1999-11-12,3344,352310297,Destroy Rock & Roll (2005 Remaster),2009-01-01,Electro,EPP,3299,1417,album,579,Mylo,19,9252
598731,I See You Baby (Fatboy Slim Radio Edit),245,130.0,2004-10-11,137412,76349,I See You Baby,2004-10-11,Electro|Chill Out/Trip-Hop/Lounge|Pop,Zomba,1189,55,ep,71190,Groove Armada Featuring Gram'Ma Funk,0,164
86922609,Love Don't Let Me Go (Walking Away) (David Guetta vs. The Egg),188,126.8,2014-10-10,2007,553182022,Kisses For Breakfast (feat. Popcaan) [iLL BLU Remix],2014-07-21,Dance,Renowned Records,301,3,single,542,David Guetta,395,20097458
67638895,The Logical Song (Radio Edit Remastered),234,144.05,2013-06-07,11475,452745025,The Stadium Techno Experience,2023-06-15,Dance,Sheffield Tunes,2853,340,album,587,Scooter,180,256643
7754541,Who's That Chick ? (feat. Rihanna) (Single Version),165,128.0,2010-12-06,737006,715839,Who's That Chick?,2010-12-03,Dance,Parlophone (France),1749,14349,single,542,David Guetta,395,20097458
14352443,Levels (Radio Edit),199,126.0,2011-10-28,11766,7691812,Ten Feet Tall (David Guetta Remix),2014-04-15,Dance,Wall Recordings,369,1329,single,293585,Avicii,66,8358727
69295402,Beautiful People (feat. Benny Benassi) (Radio Edit),225,128.0,2011-06-07,671379,6792491,Electroman,2011-06-06,Dance,"Ultra Records, LLC",3063,4683,album,102,Chris Brown,122,9071241
124550860,I Took A Pill In Ibiza (Seeb Remix),198,0.0,2016-05-10,863109,13076610,"At Night, Alone.",2016-05-10,Singer & Songwriter,"Monster Mountain, LLC / Island",3494,23184,album,378294,Mike Posner,67,717002
92213550,Midnight City,244,104.93,2011-10-17,636941,9358242,"Hurry up, We're Dreaming",2011-10-17,Alternative|Rock,M83 Recording Inc,4411,76683,album,678,M83,39,966124
16607977,Starships,210,124.9,2012-02-14,22417,826913511,Sertanejos - Sucessos de 2010 a 2025,2025-10-01,,Sony Music Entertainment,5101,138,album,382937,Nicki Minaj,94,7402806
14525573,Where Have You Been (Album Version),242,128.0,2011-11-21,935123,1335314,Talk That Talk (Deluxe),2011-11-21,Pop,Def Jam Recordings,2943,376263,album,564,Rihanna,94,18031553
119302924,Don't Let Me Down,208,160.2,2016-02-05,881910,12424886,Don't Let Me Down,2016-02-05,Electro|Dubstep|Dance|Pop,Disruptor Records/Columbia,208,127137,single,4104927,The Chainsmokers,102,5843865
15165360,I Follow Rivers (The Magician Remix),279,121.96,2010-12-31,960431,1397862,Wounded Rhymes,2010-02-28,Alternative|Rock indé,Atlantic Records,2755,30735,album,72503,Lykke Li,56,677988
542335432,Promises,213,123.05,2018-08-17,891846,70900922,Promises,2018-08-17,Electro|Techno/House|Dance|Pop,Columbia,213,66694,single,12178,Calvin Harris,159,12317894
86453925,Runaway (U & I),227,126.0,2014-10-05,813530,8722185,Runaway (U & I),2014-10-05,Dance,Big Beat Records/Atlantic,227,54091,single,3265001,Galantis,203,1670150
60842359,Don't You Worry Child (Radio Edit),213,128.8,2012-10-05,867849,5954126,Don't You Worry Child,2012-10-05,Dance,BMG Rights Management,1255,51249,ep,407188,Swedish House Mafia,46,2167942
70266758,Hey Brother,254,124.9,2013-09-16,878621,6893935,True,2013-09-16,Dance,Pophouse Entertainment Group,2818,452932,album,293585,Avicii,66,8358727
505204262,In My Mind,184,126.05,2018-06-08,879283,64539112,In My Mind,2018-06-08,Dance,Columbia/B1 Recordings,184,141599,single,6049784,Dynoro,29,67405
14145918,Hangover,245,128.0,2011-10-20,701061,1296581,Hangover,2011-10-20,Pop,Universal-Island Records Ltd.,245,10515,single,12243,Taio Cruz,32,2409800
72327967,This Is What It Feels Like,204,130.0,2013-05-03,668643,7108659,Intense (The More Intense Edition),2013-11-15,Dance|Trance,Armada Music Albums,7271,16198,album,10620,Armin van Buuren,419,1934964
97339348,Five More Hours,211,128.0,2015-01-01,760178,9909966,Five More Hours,2015-01-01,Dance,Scorpio Music,211,10768,single,3542201,Deorro,139,972046
113876568,Lean On,177,97.97,2015-11-27,937997,11794498,Peace Is The Mission : Extended,2015-12-11,Electro,Third Pardee Records,2901,22128,album,282118,Major Lazer,119,7651003
123883254,This Is What You Came For,222,124.16,2016-04-29,938929,12988558,This Is What You Came For,2016-04-29,Electro|Techno/House|Dance|Pop,Columbia,222,143795,single,12178,Calvin Harris,159,12317894
66983686,So Good to Me (Radio Edit),158,120.9,2013-05-03,402928,6551772,So Good to Me (Radio Edit),2013-05-03,Electro|Techno/House|Dance|Pop|Pop internationale|Rock,Sony Music Entertainment,158,755,single,1920231,Chris Malinchak,73,16094
90726629,Firestone,273,113.89,2014-12-02,839587,9199023,Firestone,2014-12-02,Electro|Techno/House|Dance|Pop,Kygo,273,61120,single,4768753,Kygo,103,2392258
7624156,Gettin' Over (feat. Chris Willis & Fergie),182,130.01,2010-11-22,413898,702973,One More Love (Deluxe),2010-11-24,Dance,Parlophone (France),5418,27510,album,542,David Guetta,395,20097458
65310735,Need U (100%) (feat. A*M*E) (Radio Edit),174,124.2,2013-04-01,346991,6401579,Need U (100%) (feat. A*M*E),2013-05-03,Electro,Adam Dyment,1187,911,single,397164,Duke Dumont,69,1077241
704235852,Baianá,180,121.96,2019-07-26,21711,174716722,The Ringmaster,2020-10-09,Dance,Columbia/B1 Recordings,1825,3316,album,4106348,Bakermat,62,220956
15597245,DJ Got Us Fallin' In Love (feat. Pitbull),220,119.8,2010-08-24,874916,1441334,Versus,2010-08-24,R&B,LaFace Records,2271,4897,album,17,Usher,71,7215517
132265704,My Way,219,0.0,2016-09-16,868922,14056654,My Way,2016-09-16,Dance|Pop|Pop internationale|Rock,Columbia,219,80645,single,12178,Calvin Harris,159,12317894
97796640,Something About You,225,114.8,2015-04-22,606368,9957988,Something About You,2015-04-22,Electro,EMI,225,4704,single,4552034,Hayden James,53,17151
134946650,By Your Side,201,123.05,2016-10-28,655742,14400142,By Your Side,2016-10-28,Dance,Positiva,201,19381,single,5306539,Jonas Blue,136,726948
144393668,Symphony (feat. Zara Larsson),212,123.05,2017-03-17,850631,15659400,Symphony (feat. Zara Larsson),2017-03-17,Electro|Dance,Atlantic Records UK,212,77078,single,1000956,Clean Bandit,156,4171760
13671892,Good Feeling,248,128.0,2011-08-29,736309,1251270,Good Feeling,2011-08-29,Rap/Hip Hop,Poe Boy/Atlantic,248,30679,single,64333,Flo Rida,174,4737005
465663882,All Stars,170,124.16,2018-03-02,298675,57684992,Pitch Perfect 3 (Original Motion Picture Soundtrack - Special Edition),2018-03-02,Films/Jeux vidéo|Musiques de films,Pitch Perfect 3,4212,5210,album,2046,Martin Solveig,105,1665942
57630641,Baby I'm Yours,215,118.1,2012-09-17,815599,5621901,By Your Side,2012-09-17,Electro,Ed Banger Records,2756,24743,album,289345,Breakbot,16,183972
63087609,Get Up (Rattle) [Vocal Extended],301,128.0,2012-12-20,463638,6195573,Get Up (Rattle) [feat. Far East Movement],2012-12-20,Electro|Dance,Happy Music,468,7068,single,130398,Bingo Players,142,337649
366467431,Real Life,205,124.16,2017-06-02,427154,42221971,Real Life,2017-06-02,Dance,EMI,205,1901,single,397164,Duke Dumont,69,1077241
75768941,Summer,221,128.0,2014-03-14,617549,7505971,Summer,2014-03-14,Electro|Techno/House|Dance|Pop|Pop internationale|Rock,Columbia,221,132886,single,12178,Calvin Harris,159,12317894
46711461,Don't Wake Me Up,222,128.0,2012-05-18,660113,4622281,Don't Wake Me Up,2012-05-18,Rap/Hip Hop|R&B,RCA Records Label,2013,10043,single,102,Chris Brown,122,9071241
903835022,Take Over Control (feat. Eva Simons) (Radio Edit),208,130.01,2020-03-16,7857,56727102,In My Head (Dub Mix),2015-07-20,Electro|Dance,Spinnin' Deep,350,24,single,169361,Afrojack,230,2167950
73707710,Turn Down for What,213,99.86,2013-12-18,736233,7268092,Turn Down for What,2013-12-18,Electro|Dubstep|Dance|Rap/Hip Hop|Pop|Pop internationale|Rock|R&B,Columbia,213,103420,single,482758,DJ Snake,102,5794937
70266756,Wake Me Up,249,124.2,2013-09-16,921155,6893935,True,2013-09-16,Dance,Pophouse Entertainment Group,2818,452932,album,293585,Avicii,66,8358727
393116082,17,196,121.96,2017-09-01,558685,46039252,17,2017-09-01,Electro|Techno/House|Dance,Columbia,196,6786,single,148517,MK,107,53572
1465854532,Smile (Vocal Mix) (Extended),281,0.0,2015-09-04,398900,252037972,Super Discount 3,2015-09-04,Electro,Pixadelic,2389,2910,album,2318,Etienne de Crécy,73,110226
17084765,Mr Saxobeat,195,126.8,2011-09-23,40448,1597536,Saxobeats,2011-09-23,Pop,Magic Records,2918,114,album,998013,Alexandra Stan,89,354994
705022722,One Day / Reckoning Song (Wankelmut Remix) (Radio Edit),215,0.0,2012-08-03,874909,102074242,One Day / Reckoning Song (Wankelmut Remix),2012-08-03,Electro|Dance,10879,945,2258,single,403152,Asaf Avidan,30,282841
548188582,Back & Forth (MK Dub),360,123.78,2018-09-07,284969,71971122,Back & Forth,2018-09-07,Dance,Columbia,556,2986,single,148517,MK,107,53572
12914364,Fade Into Darkness (Vocal Radio Mix),199,126.0,2011-07-22,538750,1184422,Fade Into Darkness,2011-07-16,Dance,Universal Music AB,1095,2186,ep,293585,Avicii,66,8358727
66609426,Get Lucky (Radio Edit - feat. Pharrell Williams and Nile Rodgers),248,116.13,2013-04-19,954234,6516139,Get Lucky (Radio Edit - feat. Pharrell Williams and Nile Rodgers),2013-04-19,Electro|Electro Pop/Electro Rock|Techno/House|Dance|Pop|Pop internationale|Rock|R&B|Disco|Soul & Funk,Columbia,248,161454,single,27,Daft Punk,39,5202059
13040252,Feel So Close (Radio Edit),206,0.0,2011-08-19,812160,1196853,Feel So Close,2011-08-19,Dance,Columbia,1943,41934,album,12178,Calvin Harris,159,12317894
122886138,The Ocean (feat. Shy Martin),183,89.88,2016-04-15,697285,12865076,The Ocean (feat. Shy Martin),2016-04-15,Electro|Techno/House|Dance|Pop|Pop internationale|Rock,DF Records,183,31143,single,1009000,Mike Perry,53,132484
98356864,Andalouse,167,112.0,2015-05-04,902632,10047454,Kendji,2015-05-04,Pop,Universal Music Division Polydor France,3647,190440,album,5947658,Kendji Girac,41,2059859
5400243,Memories (feat. Kid Cudi),210,130.0,2010-02-12,975342,494531,Memories (feat. Kid Cudi),2010-02-12,Dance,Parlophone (France),895,14517,single,542,David Guetta,395,20097458
62439051,Scream & Shout,284,130.0,2012-11-20,907258,6125830,Scream & Shout,2012-11-20,Pop,Interscope,284,58097,single,10226,will.i.am,42,2392872
617239422,Always,246,123.05,2019-01-16,801213,84297122,Always,2019-01-16,Pop|Singer & Songwriter,GS AllPoints,246,12905,single,2668241,Gavin James,69,136824
106095086,Est-ce que tu m'aimes ? (Pilule bleue),236,0.0,2015-08-28,944583,11061270,Mon coeur avait raison,2015-08-28,Rap/Hip Hop,Jive Epic,5475,520545,album,4429712,GIMS,120,6862037
144389048,Lush Life,201,98.0,2017-03-17,987028,15658900,So Good,2017-03-17,Pop,Epic/Record Company TEN,3035,62517,album,4331004,Zara Larsson,85,1645464
12724819,"Moves Like Jagger (Studio Recording From ""The Voice"" Performance)",201,128.0,2011-07-11,949565,1167403,Hands All Over (Revised International Deluxe),2011-07-11,Pop,Interscope Records*,3916,68501,album,1188,Maroon 5,65,11406009
106095102,Sapés comme jamais (feat. Niska) (Pilule bleue),207,0.0,2015-08-28,853523,11061270,Mon coeur avait raison,2015-08-28,Rap/Hip Hop,Jive Epic,5475,520545,album,4429712,GIMS,120,6862037
78099004,Cheerleader (Felix Jaehn Remix) (Radio Edit),180,118.12,2015-01-23,290893,7766116,Cheerleader (Felix Jaehn Remix Radio Edit),2015-01-23,Dance,"Ultra Records, LLC",441,14545,single,1396006,OMI,23,267410
546875572,Balance ton quoi,189,116.13,2018-10-06,904667,71730882,Brol,2018-10-06,Pop,Angèle VL Records,2447,382757,album,1042268,Angèle,36,1721791
10308117,Give Me Everything (feat. Nayer),256,0.0,2011-03-21,940597,942774,Give Me Everything (feat. Nayer),2011-03-21,Dance|Rap/Hip Hop|Pop,Mr.305/Polo Grounds Music/J Records,256,36299,single,776,Pitbull,181,7254734
143783500,Despacito,228,178.21,2017-02-17,833593,15579230,Despacito,2017-02-17,Pop|Latino,UMLE - Latino,228,565098,single,6707,Luis Fonsi,88,3148351
1645426722,Stolen Dance,313,0.0,2013-05-31,955536,293166022,Sadnecessary,2013-05-31,Alternative,Stoned In Paradise,3342,14102,album,4512147,Milky Chance,37,515906
8086126,Rolling in the Deep,228,0.0,2011-01-24,937444,746059,21,2011-02-22,Pop,XL Recordings,2882,857702,album,75798,Adele,20,15462829
81263834,Le chant des sirènes,178,0.0,2014-07-21,960363,8137424,Fréro Delavega,2014-07-22,Pop,Universal Music Division Barclay,3295,196873,album,4539853,Fréro Delavega,5,709002
13485649,Who's That Chick ? (feat. Rihanna) (Single Version),165,128.0,2011-01-09,342118,715839,Who's That Chick?,2010-12-03,Dance,Parlophone (France),1749,14349,single,542,David Guetta,395,20097458
17135110,California Gurls,234,124.9,2012-03-23,928608,1603030,Teenage Dream: The Complete Confection,2012-03-23,Pop,Capitol Records,4619,334530,album,144227,Katy Perry,89,9777677
472898512,Shotgun,194,116.13,2018-03-23,810062,58954392,Staying at Tamara's,2018-03-23,Singer & Songwriter,Columbia,2230,72444,album,5241932,George Ezra,29,1288115
71645431,Roar,223,179.8,2013-10-22,927789,7040437,PRISM (Deluxe),2013-10-22,Pop,Capitol Records (CAP),3700,459287,album,144227,Katy Perry,89,9777677
129632340,Let Me Love You,205,99.86,2016-08-05,980917,13726450,Encore,2016-08-05,Dance,DJ Snake Def Jam,3158,119488,album,482758,DJ Snake,102,5794937
516351532,High Hopes,190,164.06,2018-06-22,876079,66313782,Pray for the Wicked,2018-06-22,Alternative,DCD2 / Fueled By Ramen,2051,85081,album,402,Panic! At the Disco,44,1702308
6048740,Waka Waka (This Time for Africa) [The Official 2010 FIFA World Cup (TM) Song] (feat. Freshlyground) (Single),203,126.82,2010-05-07,9040,552439,Waka Waka (Esto es Africa) (feat. Freshlyground),2010-04-29,Pop|Latino,Epic,203,7879,single,160,Shakira,71,11697128
124237488,"CAN'T STOP THE FEELING! (from DreamWorks Animation's ""TROLLS"")",236,112.96,2016-05-06,859374,13035460,"CAN'T STOP THE FEELING! (from DreamWorks Animation's ""TROLLS"")",2016-05-06,Jeunesse|Pop|Pop internationale|Rock|R&B|Films/Jeux vidéo|Musiques de films,Villa 40/RCA Records,236,119254,single,1147,Justin Timberlake,41,6707550
80559026,Prayer in C (Robin Schulz Radio Edit),189,123.0,2014-07-04,459790,7881003,Prayer In C (Robin Schulz Remix) [Radio Edit] - Single,2014-06-06,Electro,Wagram Music / Cinq 7,189,64454,single,307677,Lilly Wood And The Prick,27,741177
546875592,Tout oublier,202,104.93,2018-10-06,885875,71730882,Brol,2018-10-06,Pop,Angèle VL Records,2447,382757,album,1042268,Angèle,36,1721791
5414031,Hold My Hand (feat. Keri Hilson),206,87.0,2010-02-12,357612,495825,Hold My Hand (feat. Zaho),2010-02-12,Pop,VP Records,414,6059,single,88,Sean Paul,161,3757728
469283072,La même,199,0.0,2018-03-08,10113,58426612,La même,2018-03-08,Pop,Play Two,200,4463,single,4429712,GIMS,120,6862037
129473388,This Is What You Came For (Bobby Puma Remix),284,0.0,2025-01-27,508758,13704628,This Is What You Came For (Remixes),2016-08-02,Dance,Columbia,1596,20998,single,12178,Calvin Harris,159,12317894
1084861832,Waves (Robin Schulz Radio Edit),208,0.0,2014-02-07,890308,174320212,Waves (Robin Schulz Radio Edit),2014-02-07,Pop,Left Lane Recordings,208,5461,single,2137231,Mr. Probz,20,887353
550165412,À nos souvenirs,193,133.8,2018-10-05,310039,1041118522,Un air de rien,2018-10-05,Chanson française,3CG,2513,13,album,9851798,Trois Cafés Gourmands,19,506551
140295501,Faded,212,179.76,2015-12-04,878556,15103893,Faded,2015-12-04,Electro|Techno/House|Dance,Kreatell Music,857,151574,single,4999707,Alan Walker,163,4051968
136889400,Starboy,230,186.23,2016-11-25,975897,14652356,Starboy,2016-11-25,R&B,The Weeknd/Lyric,4113,421062,album,4050205,The Weeknd,86,14666213
6297555,Alors on danse (Radio Edit),208,119.8,2010-06-14,952441,576738,Cheese,2010-06-14,Dance|Pop,Universal Music Distributed Labels,2518,251603,album,310260,Stromae,16,3478961
482990352,One Kiss,214,0.0,2018-04-06,918296,60712222,One Kiss,2018-04-06,Dance|Pop,Columbia,214,121679,single,12178,Calvin Harris,159,12317894
2765064471,Dancin (feat. Luvli) (Krono Remix),198,0.0,2024-04-26,614605,577748461,Stag Do Classics,2024-04-26,Pop,Sony Music CG,5826,88,album,177916367,Aaron Smith,21,1214
770293952,Roses (Imanbek Remix),176,121.96,2019-10-09,796087,113965472,Roses (Imanbek Remix),2019-10-09,Electro|Dance|Pop|Pop internationale|Rock,Columbia/B1 Recordings,176,40223,single,10385666,SAINt JHN,46,137359
376480961,"Feels (feat. Pharrell Williams, Katy Perry & Big Sean)",223,101.08,2017-06-30,616457,43601391,Funk Wav Bounces Vol.1,2017-06-30,Dance,Columbia,2262,76535,album,12178,Calvin Harris,159,12317894
2941252561,Hundred Miles,172,0.0,2015-10-16,812364,627338651,Hundred Miles,2015-10-16,Dance,Mushroom Pillow,172,1199,single,4085529,YALL,24,18010
75819429,One Day (Vandaag) (Radio Edit),217,0.0,2014-03-14,780453,7511792,One Day (Vandaag) (Radio Edit),2014-03-14,Electro|Techno/House|Dance|Pop,b1,217,18537,single,4106348,Bakermat,62,220956
140856305,Scared to Be Lonely,223,0.0,2017-01-27,759909,15186629,Scared to Be Lonely,2017-01-27,Electro|Techno/House|Dance|Pop|Pop internationale|Rock,Epic Amsterdam,223,64255,single,3968561,Martin Garrix,166,7591332
102875746,Jubel,199,124.9,2015-06-30,744911,10688700,Jubel EP,2015-06-30,Electro,Jive Epic,2620,6683,album,4616610,Klingande,42,150585
669567072,Summer Days (feat. Macklemore & Patrick Stump of Fall Out Boy),163,0.0,2019-04-25,812841,94546932,Summer Days (feat. Macklemore & Patrick Stump of Fall Out Boy),2019-04-25,Electro|Techno/House|Dance|Pop|Pop internationale|Rock,Epic Amsterdam,163,10851,single,3968561,Martin Garrix,166,7591332
96818170,Stole the Show,223,99.9,2015-03-23,855538,9854614,Stole the Show,2015-03-23,Electro|Techno/House|Dance|Pop,Kygo,223,68500,single,4768753,Kygo,103,2392258
129313094,In the Name of Love,195,0.0,2016-07-29,847620,13681244,In the Name of Love,2016-07-29,Electro|Techno/House|Dance|Pop,Epic Amsterdam,195,120103,single,3968561,Martin Garrix,166,7591332
93820358,Seve (Radio Edit),209,120.9,2015-01-26,730558,9532130,Seve (Radio Edit),2015-01-26,Electro|Techno/House|Dance,Maquisards,209,10207,single,1199170,Tez Cadey,43,19739
7429133,We Can Make It Right (Générique Les Anges),212,128.0,2010-11-02,562026,685503,We Can Make It Right (Générique Les Anges),2010-11-02,Electro|Techno/House|Dance,SME Strategic Marketing Group,212,325,single,58704,Gilles Luka,14,9548
104749760,Halcyon Birds,273,119.8,2015-08-06,702481,10906634,"Dear Misfortune, Mother of Joy - EP",2015-08-06,Alternative|Dance,Broken Back Inc / Sony Music Entertainment,1159,15301,ep,5126564,Broken Back,69,78154
745597012,Baila Conmigo (feat. Kelly Ruiz),189,128.0,2019-09-12,365410,109893182,Baila Conmigo (Willy William Remix),2019-09-12,Dance,Scorpio Music,168,368,single,1460107,Dayvi,146,15468
137911999,Just Hold On,198,114.84,2016-12-10,563555,14803969,Just Hold On,2016-12-10,Electro|Dance|Pop,"Ultra Records, LLC",198,34653,single,310557,Steve Aoki,271,2108135
451060672,Azukita,226,130.01,2018-02-02,640118,55223912,Azukita,2018-02-02,Dance|Pop|Pop internationale|Rock,"Ultra Records, LLC",226,8587,single,310557,Steve Aoki,271,2108135
129310248,Closer,249,0.0,2016-07-29,875232,13680908,Closer,2016-07-29,Alternative|Pop Indé|Rock indé|Electro|Techno/House|Dance|Pop,Disruptor Records/Columbia,249,179059,single,4104927,The Chainsmokers,102,5843865
1863340847,Devil in Me,199,0.0,2017-10-20,295471,345616797,Devil in Me,2017-10-20,Electro|Dance,"Sweat It Out/NHMM, LLC",199,6,single,1658572,Purple Disco Machine,123,164759
99765786,How Hard I Try,198,0.0,2015-05-26,130137,10219882,How Hard I Try,2015-05-26,Dance|Pop|Pop internationale|Rock,"Ultra Records, LLC",198,239,single,7027523,Filous,38,13575
142328215,It Ain't Me,220,99.86,2017-02-16,828386,15383513,It Ain't Me,2017-02-16,Electro|Techno/House|Dance|Pop,Kygo,220,99213,single,4768753,Kygo,103,2392258
141822553,Light,239,149.8,2017-02-10,402667,15318723,Light,2017-02-10,Electro|Dance,Columbia,239,3158,single,5696423,San Holo,87,42745
397715312,Astronomia,198,126.05,2016-09-16,566656,46720582,Astronomia,2016-09-16,Electro|Techno/House,b1,198,13215,single,4315395,Vicetone,76,192103
75677471,Cut Your Teeth (Kygo Remix),396,99.9,2014-03-14,552423,7495595,Cut Your Teeth (Kygo Remix),2014-03-14,Electro|Techno/House|Dance|Folk,ioki records,396,4398,single,402712,Kyla La Grange,26,62676
99156200,Fantasy,218,113.9,2024-12-18,426429,10148928,Urban Flora,2015-05-19,Electro|Techno/House|Dance,"Ultra Records, LLC",1843,16245,ep,5404060,Alina Baraz,36,37847
564088712,Get You The Moon (feat. Snøw),179,119.84,2018-10-08,705789,74872972,Get You The Moon (feat. Snøw),2018-10-08,Alternative|Pop Indé|Electro|Dance|Pop|R&B|R&B contemporain|Soul,Columbia,179,48547,single,419254,Kina,35,100267
462844222,Lantern (Radio Edit),180,119.84,2018-02-23,561822,57201032,Lantern (Radio Edit),2018-02-23,Electro,Arista France,180,539,single,4476139,Les Gordon,57,38107
829306232,10% (feat. Kali Uchis),186,0.0,2019-12-13,550760,122475762,BUBBA,2019-12-13,Electro,KAYTRANADA/RCA Records,3048,29493,album,4452092,KAYTRANADA,41,170083
366740131,Came Here for Love,203,124.91,2017-06-09,563511,42256111,Came Here for Love,2017-06-09,Electro|Techno/House|Dance,Ministry of Sound Recordings,203,8536,single,5203250,Sigala,114,284655
456058512,Close To Me (feat. Rendell Stovall),198,109.09,2018-02-09,373908,56075022,Close To Me (feat. Rendell Stovall),2018-02-09,Electro,SMART,198,390,single,5355382,Trinix,49,92934
97231828,Supergirl (Radio Edit),212,121.96,2015-03-25,577997,9899820,Supergirl (Radio Edit),2015-03-25,Dance|Pop|Pop internationale|Rock,b1,212,10747,single,5163924,Anna Naklab,5,12462
96816468,You're On (feat. Kyan),192,100.1,2015-03-30,385229,9854424,Adventure (Deluxe),2015-03-30,Dance,Columbia,3937,37483,album,1517560,Madeon,28,422520
67238728,Give Life Back to Music,274,119.1,2013-05-20,715949,6575789,Random Access Memories,2013-05-17,Dance|Pop,Columbia,4464,883962,album,27,Daft Punk,39,5202059
829185532,"Alone, Pt. II",179,175.93,2019-12-27,771060,122457582,"Alone, Pt. II",2019-12-27,Electro|Techno/House|Dance|Pop|Pop internationale|Rock,Kreatell Music,179,14815,single,4999707,Alan Walker,163,4051968
701281342,Higher Love,228,103.88,2019-06-28,734154,101343482,Higher Love,2019-06-28,Electro|Techno/House|Dance|Pop|Pop internationale|Rock,Kygo/RCA Records,228,13335,single,4768753,Kygo,103,2392258
15790351,Another Chance (Radio Edit),207,130.0,2001-07-05,619812,1458225,Another Chance,2001-07-05,Pop,Sine Direct Signings,1441,638,ep,3852,Roger Sanchez,29,49859
972801632,Warrior (feat. SG Lewis),165,0.0,2020-06-11,366299,150989302,Warrior,2020-06-11,Pop,Mad Decent,424,94,single,92255432,Aluna,46,5520
955178672,LMK,188,0.0,2020-05-07,456405,147223542,LMK,2020-05-07,Rap/Hip Hop|Pop,XXELULOUS MUSIC GROUP / 300 Entertainment,188,2145,single,14002689,Lil Xxel,29,5306
1006845912,Head & Heart (feat. MNEK),166,0.0,2020-07-03,738458,157795452,Head & Heart (feat. MNEK),2020-07-03,Dance,Atlantic Records UK,166,7489,single,8058039,Joel Corry,232,103888
951371292,Head Shoulders Knees & Toes (feat. Norma Jean Martine),156,0.0,2020-05-08,817163,146389572,Head Shoulders Knees & Toes (feat. Norma Jean Martine),2020-05-08,Electro,Elektra France,156,5523,single,6032634,Ofenbach,93,491322
1087667882,The Business,164,0.0,2020-09-25,753892,174941092,The Business,2020-09-25,Dance,Atlantic Records,164,9224,single,434,Tiësto,350,4091831
1021141692,Kill Me Slow,208,0.0,2020-07-17,631975,160633142,New Rave,2020-07-17,Dance,Parlophone (France),730,11430,ep,542,David Guetta,395,20097458
939007652,Addict,246,0.0,2020-04-24,21979,794789611,Addict (Remixed),2020-04-24,Electro,Silva Hound,2160,108,album,5343780,Silva Hound,37,2869
677706542,Children,158,0.0,2019-05-10,556002,96411952,Children,2019-05-10,Dance,Happy Music,158,859,single,10044478,MATTN,81,38402
858386482,Drown (feat. Clinton Kane),174,119.84,2020-02-27,461704,128030192,Drown (feat. Clinton Kane),2020-02-27,Electro|Techno/House|Dance,Epic Amsterdam,174,2371,single,3968561,Martin Garrix,166,7591332
862801792,Greenlights,162,0.0,2020-01-31,367011,129040932,zer0,2020-01-31,Electro,Mixed Kids Records,2108,1757,album,1707587,Krewella,75,338433
923298632,Ride with Me,165,0.0,2020-04-10,202653,140455642,Ride with Me,2020-04-10,R&B,Atlantic Records,165,266,single,15320551,Pink Sweat$,53,46017
923740862,Secrets,176,0.0,2020-04-24,696961,140511872,Secrets,2020-04-24,Dance,Ministry of Sound Recordings,176,3288,single,8185084,Regard,45,91460
958565542,Halfway (with Bhaskar),158,0.0,2020-05-15,363460,147808862,Halfway (with Bhaskar),2020-05-15,Dance,Spinnin' Records,158,326,single,324006,Yves V,212,125649
910945142,Me Provocas,147,0.0,2020-04-03,542846,137700562,Me Provocas,2020-04-03,Dance,Columbia/B1 Recordings,147,2185,single,6049784,Dynoro,29,67405
1083958982,Mask,478,0.0,2020-09-18,345939,174112672,Hollow Mask Illusion (EP),2020-09-18,Dance,Armind,893,765,ep,10620,Armin van Buuren,419,1934964
847840412,In Your Eyes (feat. Alida),208,119.84,2020-01-10,725335,125664092,In Your Eyes (feat. Alida),2020-01-10,Dance,WM Germany,208,8830,single,2005781,Robin Schulz,173,1759328
964219992,Looking for Me,211,0.0,2020-06-24,596188,149039402,Looking for Me,2020-06-24,Dance,Ministry of Sound Recordings,211,1098,single,61905,Paul Woolford,55,10242
1079905512,Don't Say Goodbye (feat. Tove Lo),186,0.0,2020-09-25,674575,173204242,Don't Say Goodbye (feat. Tove Lo),2020-09-25,Dance,Columbia/B1 Recordings,186,5444,single,1429841,Alok,290,4531979
862386172,Infinity (Dubdogz & Bhaskar Edit),196,124.16,2020-01-31,646237,128939302,Infinity (Dubdogz & Bhaskar Edit),2020-01-31,Dance,Spinnin' Records,196,1852,single,10052642,Dubdogz,154,170340
1118064072,Paradise,167,0.0,2020-10-30,650333,181423922,Paradise,2020-10-30,Dance,Universal-Island Records Ltd.,167,2969,single,1403694,Meduza,95,270819
949342392,Lovefool,190,0.0,2020-05-08,690908,145932072,Lovefool,2020-05-08,Dance,Intercord,190,3309,single,10673381,twocolors,63,25450
1072800342,Let's Love,200,0.0,2020-09-11,721334,171745682,Let's Love,2020-09-11,Dance,Parlophone (France),200,10485,single,542,David Guetta,395,20097458
861978202,Falling,190,0.0,2020-02-21,382746,128829932,Falling,2020-02-21,Dance,Protocol Recordings,436,821,single,368033,Nicky Romero,235,1504090
904992702,The Chase,194,0.0,2020-03-27,508114,136720922,The Chase,2020-03-27,Electro,Smash The House,194,635,single,262271,Dimitri Vegas & Like Mike,201,2200234
986396422,RITMO (Bad Boys For Life),214,0.0,2020-06-18,406098,153541502,Translation,2020-11-02,Pop,Universal Music Division Polydor France,3380,23700,album,1020109,Black Eyed Peas,68,6101420
1093853392,Spa,199,0.0,2020-10-16,21192,499533781,Spa,2020-10-16,Dance,"Ultra Records, LLC",199,29,single,961592,Icona Pop,74,620363
1060870372,Break This Habit,172,0.0,2020-08-28,3075,610254372,Break This Habit,2020-08-28,Electro|Dance,Heldeep Records,172,28,single,4777520,Oliver Heldens,156,385393
1019940102,Funny,221,0.0,2020-07-16,451415,160387782,Funny,2020-07-16,Dance,Atlantic Records,221,1198,single,1198612,ZEDD,73,1982979
962331172,Desire (Single Edit),265,0.0,2020-08-28,492384,148620182,Desire,2020-08-21,Electro,Domino Recording Co,2369,1880,album,106110,Bob Moses,60,26096
928313282,Nothing Really Matters,157,0.0,2020-04-17,350990,141389202,Nothing Really Matters,2020-04-17,Dance,Universal Music B.V.,157,619,single,434,Tiësto,350,4091831
1073774942,OK Not To Be OK,159,0.0,2020-09-10,536563,171918382,OK Not To Be OK,2020-09-10,Pop,Joytime Collective,159,4394,single,7890702,Marshmello,184,3106964
879783082,Tequila,211,124.16,2020-02-21,420335,132008232,Tequila,2020-02-21,Dance,Polydor Records,422,1291,single,5462679,Jax Jones,120,409347
970997592,Boom Boom,142,0.0,2020-06-19,349292,150603612,Boom Boom,2020-06-19,Dance,Armind,142,208,single,10620,Armin van Buuren,419,1934964
889854192,Every Color,234,0.0,2020-03-04,267490,133941042,Every Color,2020-03-04,Dance,Louis The Child / Interscope,234,609,single,4955521,Louis The Child,75,16693
1074930952,Tarantino (feat. STARX),199,0.0,2020-09-30,1805,489214795,Tarantino (feat. STARX),2020-09-30,Dance,Dim Mak Records,199,49,single,310557,Steve Aoki,271,2108135
1076379582,Hot Stuff,199,0.0,2020-09-18,700114,172508892,Hot Stuff,2020-09-18,Electro|Techno/House|Dance,RCA Records Label,199,5552,single,4768753,Kygo,103,2392258
930585562,911,128,0.0,2020-05-01,8980,149107942,911,2020-05-15,Dance,Intercord,129,277,single,1353625,R3HAB,226,1814031
878771492,Nights Like This,173,0.0,2020-02-28,257654,131831772,Nights Like This,2020-02-28,Dance,Armada Music,173,251,single,5570870,Loud Luxury,72,58242
843846372,Run,161,0.0,2020-01-24,308563,124853212,Run,2020-01-24,Electro,#Lectronation,161,49,single,1361341,Martin Van Lectro,65,1575
944825142,House Arrest,216,0.0,2020-05-15,8992,499316721,House Arrest,2020-05-15,Dance,"Ultra Records, LLC",216,207,single,7988922,Sofi Tukker,137,73939
957925932,Higher Ground (feat. John Martin),206,0.0,2020-05-14,381365,147672262,Higher Ground (feat. John Martin),2020-05-14,Electro|Techno/House|Dance,Epic Amsterdam,206,1761,single,3968561,Martin Garrix,166,7591332
963640202,SAD (Imanbek xxx Remix),174,0.0,2020-05-22,448527,148885442,SAD (Imanbek xxx Remix),2020-05-22,Dance,Positiva,174,210,single,6914987,Rasster,137,1011
971408272,Hollywood,199,0.0,2020-05-29,505955,150701262,Hollywood,2020-05-29,Dance,Polydor,199,4400,single,10511557,La Vision,12,5275
914174522,Wanna Go Dancin',180,0.0,2020-03-31,370538,138377282,Freaks (EP),2020-03-31,Dance,Catch & Release/Astralwerks,355,1202,ep,56125,Fisher,30,86703
993094822,Alane,175,0.0,2020-06-19,675344,154957862,Alane,2020-06-19,Dance,WM Germany,175,5103,single,2005781,Robin Schulz,173,1759328
844224192,Not So Bad (feat. Emie),153,0.0,2020-01-03,554052,124955602,Not So Bad (feat. Emie),2020-01-03,Dance,Spinnin' Records,153,1178,single,324006,Yves V,212,125649
1093606242,Up All Night (feat. Afrojack),160,0.0,2020-10-09,414181,176221222,Up All Night (feat. Afrojack),2020-10-09,Electro|Techno/House|Dance,Chérie Amour Productions,160,292,single,4606572,VINAI,96,256811
874896932,Conversations in the Dark (John Legend vs. David Guetta),210,0.0,2020-02-14,434425,131319942,Conversations in the Dark,2020-02-14,R&B,Columbia,447,1088,single,313,John Legend,93,3554117
1028244862,I Need You to Know,180,0.0,2020-07-20,16018,155246752,I Need You To Know,2020-07-10,Dance,Armind,180,294,single,10620,Armin van Buuren,419,1934964
956157092,Lose You,148,0.0,2020-05-15,449175,147374822,The London Sessions,2020-05-15,Dance,Universal Music B.V.,2563,6589,album,434,Tiësto,350,4091831
1067243212,Pretty Please,145,0.0,2020-09-04,15540,532599182,Pretty Please,2020-09-04,Electro|Dance,88rising Music,145,190,single,11140418,Jackson Wang,35,305353
867471182,F**k Tomorrow Now,224,0.0,2020-02-07,259722,130080342,Church,2020-02-07,Dance,Big Beat Records,2727,5021,album,3265001,Galantis,203,1670150
891177062,One Last Time,240,0.0,2020-03-06,370272,134219312,One Last Time,2020-03-06,Dance,10:22 pm,240,600,single,1188009,Alesso,101,2716123
1081648482,Underwater,177,0.0,2020-09-25,962,499538911,Underwater,2020-09-25,Dance,"Ultra Records, LLC",177,4,single,4864708,Anabel Englund,47,7968
718304852,Rave,205,128.0,2019-07-26,439609,104895382,Rave,2019-07-26,Dance,Happy Music,205,195,single,310557,Steve Aoki,271,2108135
958646322,Astronomia (Out Of Context) Afro,161,0.0,2020-05-12,212144,147827722,Astronomia (Out Of Context) Afro,2020-05-12,Pop|Pop internationale|Variété Internationale,Dj Vielo,161,97,single,156633,Dj Vielo,89,42413
873956112,Take A Chance,220,0.0,2020-02-14,355032,131174442,Take A Chance,2020-02-14,Dance,HELDEEP Records,220,632,single,4777520,Oliver Heldens,156,385393
996181842,Ladida (My Heart Goes Boom),173,0.0,2020-07-03,7932,871138502,Ladida (My Heart Goes Boom),2020-07-03,Dance,"CRISP Music, a division of JINX Music, under exclu",173,83,single,98246142,CRISPIE,3,2682
4019797791,Movin' To The Sun,142,0.0,2026-05-22,971093,982091821,Movin' To The Sun,2026-05-22,Electro|Techno/House,Make The Girls Dance Records,142,2105,single,7803478,HUGEL,169,75042
2585655882,You & Me (Rivo Remix),209,0.0,2023-12-22,854761,523955932,You & Me (Rivo Remix),2023-12-22,Electro,UMC (Universal Music Catalogue),209,796,single,409796,Disclosure,84,985658
2887264442,I Adore You,214,0.0,2024-07-19,965934,614345192,I Adore You,2024-07-19,Dance,Intercord,214,2646,single,7803478,HUGEL,169,75042
3550322651,Cloudy Eyes (Dance Tonight),264,0.0,2025-09-26,601886,819311931,Cloudy Eyes (Dance Tonight),2025-09-26,Electro,VOD,264,103,single,312981171,Reznik,9,235
3889748961,Jamaican (Bam Bam),156,0.0,2026-03-09,979664,935850431,Jamaican (Bam Bam),2026-03-09,,MoBlack Records,156,2156,single,7803478,HUGEL,169,75042
3187953971,Show Me Love,177,0.0,2025-02-07,909128,698505181,Show Me Love,2025-02-07,Pop,Bamboo Artists,177,2528,single,8896874,WizTheMc,8,10586
2823893032,Move,177,0.0,2024-06-07,919599,593916522,Move,2024-06-07,Electro,Keinemusik,177,5469,single,262264,Adam Port,46,50055
3437555771,Addicted (feat. TIMID.),134,0.0,2025-07-04,804423,780513071,Addicted (feat. TIMID.),2025-07-04,,BAKE Records,134,207,single,255198152,Naarly,115,1091
3677449802,No Bad Vibes,180,0.0,2025-12-12,454533,863766122,No Bad Vibes,2025-12-12,,ChillYourMind,180,1,single,302454461,Mayvee,43,8
3216532281,Ma Tnsani (Yalla Habibi),220,0.0,2025-04-04,833188,707681831,Ma Tnsani (Yalla Habibi),2025-04-04,Musique africaine,Independent,220,825,single,8195514,Vanco,58,1771
3342944421,Think Of Me,170,0.0,2025-05-02,689695,748739981,Think Of Me,2025-05-02,,Intercord,170,408,single,7803478,HUGEL,169,75042
3337550541,Jackie B,217,0.0,2025-05-16,609416,746873811,Jackie B,2025-05-16,Dance,TH3RD BRAIN,217,224,single,11582775,&Friends,41,1527
3417456681,Take My Mind,171,0.0,2025-07-04,769166,773468191,Take My Mind,2025-07-04,Pop,Bamboo Artists,525,5225,single,8896874,WizTheMc,8,10586
3423176881,Positions,147,0.0,2025-06-27,744905,775472831,Positions,2025-06-27,Dance,"Stryv, Malachiii/Electric Feel, Adam Port",147,372,single,12620657,STRYV,4,4215
3483439621,Lost In Paradise,167,0.0,2025-08-29,436713,796293681,Lost In Paradise,2025-08-29,Electro|Techno/House,ChillYourMind,167,1,single,163139057,Razz,141,211
2965418671,Forever (feat. Malou & Yuna),140,0.0,2024-09-20,506496,635097931,Forever (feat. Malou & Yuna),2024-09-20,Dance,Warner Music Central Europe,140,649,single,7803478,HUGEL,169,75042
2578433812,Beso (Fruta Fresca),197,0.0,2023-12-13,704075,521647902,Beso (Fruta Fresca),2023-12-13,Dance,Astralwerks,197,666,single,11330466,Wakyin,17,1595
2680831422,"Patadas de Ahogado / LATÍN MAFIA, HUMBE",186,0.0,2024-02-22,765423,553447442,"Patadas de Ahogado / LATÍN MAFIA, HUMBE",2024-02-22,Dance|Pop,HUGEL,186,552,single,7803478,HUGEL,169,75042
3462415711,Feel My Love,166,0.0,2025-08-15,391698,788786451,Feel My Love,2025-08-15,,ChillYourMind,166,0,single,102071082,Kaphy,45,257
2642151712,Famax (Edit),214,0.0,2024-02-23,704572,541738362,Famax,2024-02-23,,Three Six Zero Recordings,550,670,single,246776492,RAFFA GUIDO,7,1632
2949762271,My Love (2024),184,0.0,2024-08-30,703760,630124341,My Love (2024),2024-08-30,Dance,Positiva,184,175,single,218569945,Alex Wann,19,1480
3367072751,Crazy For It,250,0.0,2025-05-30,655850,756787051,Crazy For It,2025-05-30,Electro,Keinemusik,250,259,single,427945,Rampa,48,19422
3419880761,Burning,140,0.0,2025-07-18,403257,774338151,Burning,2025-07-18,,ChillYourMind,140,0,single,115525132,Noam,91,106
3249093041,Life Is Simple (Move Your Body),172,0.0,2025-03-07,820523,718159451,Life Is Simple (Move Your Body),2025-03-07,Dance,Helix Records,172,181,single,12284466,Maesic,57,1016
2826343892,Yamore,248,0.0,2024-06-07,862088,594752732,Yamore,2024-06-07,,Universal Music Division Decca Records France,248,2534,single,4242609,MoBlack,71,6189
3040716421,No Bad Vibes,162,0.0,2024-10-18,784285,655122751,No Bad Vibes,2024-10-18,Dance,Chaos,162,371,single,204924487,Jazzy,77,6884
3365987551,Hold Me Down,148,0.0,2025-06-13,402074,756441791,Hold Me Down,2025-06-13,,ChillYourMind,148,1,single,9123476,B-Rain,24,75
2858426832,Sauti,208,0.0,2024-07-19,813394,604960942,Sauti,2024-07-19,Dance,Insomniac Records,208,453,single,5180873,Francis Mercier,90,15989
3026091641,Say What,181,0.0,2024-10-25,821601,650807401,Say What,2024-10-25,Electro,Keinemusik,181,1483,single,427945,Rampa,48,19422
2285438237,The Rapture Pt.III,417,0.0,2023-06-09,808796,441847377,The Rapture Pt.III,2023-06-09,Electro,Keinemusik,417,1573,single,292296,&ME,41,22885
3365987501,Missing (Afro House Mix),168,0.0,2025-06-13,421522,756441751,Missing,2025-06-13,Electro|Techno/House,ChillYourMind,168,5,single,346141,Nicola Fasano,146,7355
3542681731,Shine Like Stars,226,0.0,2025-09-04,542176,816755441,Shine Like Stars,2025-09-04,,Intercord,226,30,single,315354501,Benji,8,32
2684663852,Thandaza,361,0.0,2024-03-15,670019,554654182,Thandaza,2024-03-15,Electro,Keinemusik,361,464,single,292296,&ME,41,22885
3423165381,Loosen Up,180,0.0,2025-06-27,782186,775468381,Loosen Up,2025-06-27,,Intercord,180,573,single,7803478,HUGEL,169,75042
3295102471,Gone,165,0.0,2025-04-25,353497,732955241,Gone,2025-04-25,Electro|Techno/House,ChillYourMind,165,1,single,102071082,Kaphy,45,257
2461506635,Mwaki,208,0.0,2023-10-27,878233,489951575,SURRENDER,2023-10-27,Dance|Pop,TH3RD BRAIN,1097,1693,ep,8119595,Zerb,64,20298
2506247601,Gorah,246,0.0,2023-11-03,767986,502388931,Gorah,2023-11-03,Electro|Dance,Higher Ground,246,839,single,49602642,Nitefreak,11,5651
2319818795,The Boy Is Mine,201,0.0,2023-06-23,724570,450883925,The Boy Is Mine,2023-06-23,Electro|Dance,Sweat It Out,201,584,single,610541,James Mac,37,2337
3323728171,Escape,139,0.0,2025-04-18,355474,742147511,Escape,2025-04-18,Electro|Techno/House,ChillYourMind,139,1,single,78196462,Æj,125,37
2866536552,CORAÇAO (20th Anniversary Mix),175,0.0,2024-08-09,827393,607673442,CORAÇAO (20th Anniversary Mix),2024-08-09,Dance,Union Records,175,223,single,78291,Jerry Ropero,158,1663
2723889392,Jump,153,0.0,2024-03-29,725869,565365592,Jump,2024-03-29,Dance,Get Together Records,407,369,single,243910332,LÉVI,17,235
3230816611,Your Body,228,0.0,2025-03-21,668163,712037411,Your Body,2025-03-21,Dance,Warner Music Central Europe,228,104,single,87115552,Marten Lou,21,2060
3262956121,Our Way,138,0.0,2025-04-11,346250,722342691,Our Way,2025-04-11,Electro|Techno/House,ChillYourMind,138,1,single,7833286,TWINNS,85,272
2912340531,Sideways,254,0.0,2024-07-26,505295,620445631,DIAMANTE,2024-07-26,Dance,"Ultra Records, LLC",3710,1199,album,255342292,Gordo,23,2407
2439134805,Another Life (Marten Lou Remix),303,0.0,2023-08-24,527264,483911215,Another Life (Remixes),2023-08-24,Electro,OVO Sound,879,164,single,49778722,Naomi Sharon,30,4528
2687704402,Addicted,152,0.0,2024-03-29,703310,555565922,Addicted,2024-03-29,Dance|Pop,TH3RD BRAIN,152,1017,single,8119595,Zerb,64,20298
3245550401,Say It Right,213,0.0,2025-03-21,377761,716938991,Say It Right,2025-03-21,,ChillYourMind,213,3,single,121761282,fwd/slash,44,264
3156230151,Hey Hey (Jack Back Remix),149,0.0,2024-02-02,525533,687836261,Hey Hey (Remixes),2024-02-02,Dance,Defected Records,1415,13,ep,11536,Dennis Ferrer,67,28960
3263447971,Corpo e Canção (Club Mix),275,0.0,2024-03-15,530022,722516981,Corpo e Canção (Club Mix),2024-03-15,Electro|Techno/House,Dawn Patrol Records,275,68,single,10128890,Antdot,70,4602
2983253021,All I Got,295,0.0,2024-09-27,534300,639712111,All I Got,2024-09-27,Electro,Madorasindahouse Records,295,141,single,10898034,Massh,20,144
3262956251,What We Best Do,164,0.0,2025-04-04,292610,722342791,What We Best Do,2025-04-04,,ChillYourMind,164,1,single,267588202,muuno,6,1
2161608047,Anchor Point,359,0.0,2023-02-22,773879,410490297,Anchor Point EP,2023-02-22,,Intercord,687,2209,ep,97581642,Ahmed Spins,5,7122
1902272657,It's Not Right (Radio Edit),195,0.0,2022-09-23,664363,354007717,It's Not Right,2022-09-23,Dance,Ulu Records,1341,544,ep,269095,Gianni Romano,58,1672
3413000091,Body Language,179,0.0,2025-07-11,600713,772015791,Body Language,2025-07-11,Electro|Techno/House,ABRACADABRA Music,179,86,single,207493987,Samm (BE),34,475
3251482711,Stand Up,179,0.0,2025-03-28,313658,718876721,Stand Up,2025-03-28,Musique africaine|Electro|Techno/House,ChillYourMind,179,0,single,91616622,Luminae,62,17
3804157712,Milkshake 20 (Alex Wann Remix),176,0.0,2026-01-28,655085,905500962,Milkshake 20 (Alex Wann Remix),2026-01-28,Dance,BMG Rights Management (US) LLC,176,80,single,2514,Kelis,36,101729
2338825615,Nothing On Me,242,0.0,2023-07-14,558275,456636955,Nothing On Me,2023-07-14,Electro|Techno/House,ABRACADABRA Music,242,246,single,9976144,Maz,41,4576
3256662781,Let You Know,201,0.0,2025-03-28,299018,720400271,Let You Know,2025-03-28,,ChillYourMind,201,0,single,102071082,Kaphy,45,257
3387508571,Fire Fire,150,0.0,2025-06-13,843053,763541191,Fire Fire,2025-06-13,Dance,Helix Records,150,317,single,5191125,Shimza,51,22011
3130380951,A Gira,152,0.0,2025-01-10,798736,680526941,A Gira,2025-01-10,Dance,Spinnin' Deep,152,225,single,297199561,Unfazed,5,617
903698362,Azul,205,187.93,2020-03-19,889203,136387572,Colores,2020-03-19,Rap/Hip Hop|Latino,UMLE - Latino,1732,149007,album,4860761,J Balvin,173,10337712
1155477862,DÁKITI,205,0.0,2020-11-27,578912,188972392,EL ÚLTIMO TOUR DEL MUNDO,2020-11-27,Latino,Rimas Entertainment LLC.,2834,173794,album,10583405,Bad Bunny,88,7982199
1713103737,Envolver,193,0.0,2022-04-12,431133,309370177,Versions of Me,2022-04-12,Pop,Warner Records,2628,25374,album,4390053,Anitta,180,7401281
2193681047,Ella Baila Sola,165,0.0,2023-03-16,775369,418111007,Ella Baila Sola,2023-03-16,Latino,DEL Records,165,9225,single,85874042,Eslabon Armado,32,320931
3619889162,Berghain,178,0.0,2025-10-27,736640,843966172,Berghain,2025-10-27,Alternative|Pop,Columbia,178,8168,single,554792,ROSALÍA,36,1056294
1283546482,EL MAKINON,209,0.0,2021-03-26,649941,216835762,KG0516,2021-03-26,Rap/Hip Hop|Latino,UMLE - Latino,3496,27797,album,5297021,KAROL G,76,3408726
1112702042,Tú Me Dejaste De Querer,198,0.0,2020-11-05,659470,180440592,Tú Me Dejaste De Querer,2020-11-05,Rap/Hip Hop|Pop,Sony Music Entertainment,198,3426,single,5620251,C. Tangana,57,183743
2168082087,La Bachata,162,0.0,2023-03-17,411899,411961147,2000,2023-03-17,Pop,Sony Music Latin/La Industria,2694,3183,album,11559031,Manuel Turizo,101,1565092
2725148591,Santa,192,0.0,2024-04-04,769480,565722141,Santa,2024-04-04,Musique africaine|Rap/Hip Hop|Pop,Sony Music Latin,192,2663,single,4660899,Rvssian,65,49064
2103405097,"Shakira: Bzrp Music Sessions, Vol. 53/66",214,0.0,2023-01-11,778290,395194257,"Shakira: Bzrp Music Sessions, Vol. 53/66",2023-01-11,Latino,DALE PLAY Records,214,23398,single,12487862,Bizarrap,110,1123837
1563415122,Todo De Ti,203,0.0,2025-01-11,439416,274810622,VICE VERSA,2021-12-10,Rap/Hip Hop|Pop,Sony Music Latin/Duars Entertainment,2869,18465,album,11289472,Rauw Alejandro,165,2134340
1053377092,Hawái,200,0.0,2020-08-20,449956,167645582,PAPI JUANCHO,2020-08-21,Rap/Hip Hop,Sony Music Latin,4425,34127,album,1424602,Maluma,137,8072433
1066959132,Relación (Remix),247,0.0,2020-09-04,679402,170506562,Relación (Remix),2020-09-04,Latino,Rich Music,247,12276,single,5412407,Sech,102,1578242
889550892,Yo Perreo Sola,172,97.05,2020-02-29,778101,133878352,YHLQMDLG,2020-02-29,Latino,Rimas Entertainment LLC.,3948,266585,album,10583405,Bad Bunny,88,7982199
1379102602,Qué Más Pues?,217,0.0,2021-05-28,686704,231721372,Qué Más Pues?,2021-05-28,Rap/Hip Hop|Latino,"Sueños Globales, LLC",217,12703,single,4860761,J Balvin,173,10337712
1583350602,UN DIA (ONE DAY),232,0.0,2021-12-10,264352,278898582,JOSE (Deluxe Edition),2021-12-10,Rap/Hip Hop|Latino,"Sueños Globales, LLC",4641,4932,album,4860761,J Balvin,173,10337712
2565307142,LUNA,196,0.0,2023-12-01,761010,518463332,FERXXOCALIPSIS,2023-12-01,Rap/Hip Hop|Latino,UMLE - Latino,1529,13204,album,1166311,Feid,143,903498
2336600585,BABY HELLO,225,0.0,2023-06-23,706795,455956675,BABY HELLO,2023-06-23,Latino,Sony Music Latin/Duars Entertainment,225,1995,single,11289472,Rauw Alejandro,165,2134340
977829462,Caramelo,217,0.0,2020-06-11,666245,152145832,Caramelo,2020-06-11,Latino,Aura Music Corp.,217,7098,single,4937383,Ozuna,168,4730667
2092100007,Fresa,166,0.0,2019-09-06,486538,392074487,Fresa,2019-09-06,Pop,5020 Records,166,215,single,2252591,TINI,82,911553
3171003001,BAILE INoLVIDABLE,367,0.0,2025-01-05,971935,693008911,DeBÍ TiRAR MáS FOToS,2025-01-05,Latino,Rimas Entertainment LLC.,3721,204867,album,10583405,Bad Bunny,88,7982199
1656130472,Me Maten,242,0.0,2022-02-18,317668,295730982,El Madrileño (La Sobremesa),2022-02-18,Rap/Hip Hop,Sony Music Entertainment,4412,7445,album,5620251,C. Tangana,57,183743
1583350582,Otra Noche Sin Ti,228,0.0,2021-12-10,254097,278898582,JOSE (Deluxe Edition),2021-12-10,Rap/Hip Hop|Latino,"Sueños Globales, LLC",4641,4932,album,4860761,J Balvin,173,10337712
1507773472,Ateo,240,0.0,2021-10-07,618877,262126462,Ateo,2021-10-07,Rap/Hip Hop,Sony Music Entertainment,240,2186,single,5620251,C. Tangana,57,183743
1685337397,LA FAMA,188,0.0,2022-03-18,967893,302867697,MOTOMAMI,2022-03-18,Pop,Columbia,2537,88291,album,554792,ROSALÍA,36,1056294
1960232517,Monotonía,161,0.0,2022-10-19,700285,365424197,Monotonía,2022-10-19,Rap/Hip Hop|Latino,Sony Music Latin,161,9783,single,160,Shakira,71,11697128
1583350512,Perra,157,0.0,2021-12-10,241898,278898582,JOSE (Deluxe Edition),2021-12-10,Rap/Hip Hop|Latino,"Sueños Globales, LLC",4641,4932,album,4860761,J Balvin,173,10337712
2404468105,MI EX TENÍA RAZÓN,152,0.0,2023-08-11,458994,474583035,MAÑANA SERÁ BONITO (BICHOTA SEASON),2023-08-11,Latino,Bichota/Interscope Records,1613,3521,album,5297021,KAROL G,76,3408726
2200304467,BESO,194,0.0,2023-03-24,889362,419715397,RR,2023-03-24,Rap/Hip Hop|Pop,Columbia Records/Duars Entertainment/Sony Music Latin,566,15395,ep,554792,ROSALÍA,36,1056294
2691176022,"Ride Or Die, Pt. 2 (with Villano Antillano & Tokischa)",158,0.0,2024-04-18,774707,556633822,"Ride Or Die, Pt. 2",2024-04-18,Latino,Twisted Elegance,342,3583,single,5683028,Sevdaliza,37,70167
1283546592,"Ay, DiOs Mío!",189,0.0,2021-03-26,310467,216835762,KG0516,2021-03-26,Rap/Hip Hop|Latino,UMLE - Latino,3496,27797,album,5297021,KAROL G,76,3408726
1079887692,DELITO,203,0.0,2020-10-02,447309,173200472,Calambre,2020-10-02,Rap/Hip Hop|Pop,Sony Music Entertainment,2431,8843,album,12346612,Nathy Peluso,37,98232
1718098247,Te Felicito,172,0.0,2022-04-21,749569,310478997,Te Felicito,2022-04-21,Electro|Rap/Hip Hop|Pop,Sony Music Latin,172,10946,single,160,Shakira,71,11697128
562886212,Calma (Remix),238,126.82,2018-10-05,777877,74622972,Calma (Remix),2018-10-05,Rap/Hip Hop|Pop|Reggae|Latino,Sony Music Latin,238,166395,single,294464,Pedro Capó,59,540097
1871605777,Delincuente,226,0.0,2022-08-19,589514,347567357,Delincuente,2022-08-19,Rap/Hip Hop,Sony Music Latin,226,3328,single,48947801,Tokischa,80,62086
1155477802,LA NOCHE DE ANOCHE,203,0.0,2020-11-27,827236,188972392,EL ÚLTIMO TOUR DEL MUNDO,2020-11-27,Latino,Rimas Entertainment LLC.,2834,173794,album,10583405,Bad Bunny,88,7982199
2710730442,Te Felicito,172,0.0,2024-03-22,406867,561958172,Las Mujeres Ya No Lloran,2024-03-22,Pop,Sony Music Latin,3064,22598,album,160,Shakira,71,11697128
1708514107,Bam Bam (feat. Ed Sheeran),205,0.0,2022-04-08,449922,308351257,Familia,2022-04-08,Pop,Epic,2053,22824,album,9236850,Camila Cabello,40,3900209
986396452,GIRL LIKE ME,220,0.0,2020-06-18,889293,153541502,Translation,2020-11-02,Pop,Universal Music Division Polydor France,3380,23700,album,1020109,Black Eyed Peas,68,6101420
1563415152,Desesperados,224,0.0,2025-01-11,345510,274810622,VICE VERSA,2021-12-10,Rap/Hip Hop|Pop,Sony Music Latin/Duars Entertainment,2869,18465,album,11289472,Rauw Alejandro,165,2134340
1741494307,Me Porto Bonito,178,0.0,2022-05-06,843766,316164367,Un Verano Sin Ti,2022-05-06,Latino,Rimas Entertainment LLC.,4899,240165,album,10583405,Bad Bunny,88,7982199
2154046487,TQG,199,0.0,2023-02-24,896693,408659277,MAÑANA SERÁ BONITO,2023-02-24,Rap/Hip Hop|Latino,BICHOTA RECORDS / INTERSCOPE RECORDS / UNIVERSAL MUSIC LATINO,3171,42707,album,5297021,KAROL G,76,3408726
1925210387,Hey Mor,196,0.0,2022-10-07,652760,359058387,OzuTochi,2022-10-07,Latino,Aura Music Corp.,3422,5846,album,4937383,Ozuna,168,4730667
923495502,MAMACITA,251,0.0,2020-04-09,798189,140483862,MAMACITA,2020-04-09,Pop,Universal Music Division Polydor France,251,4970,single,1020109,Black Eyed Peas,68,6101420
903698352,Amarillo,157,183.75,2020-03-19,707894,136387572,Colores,2020-03-19,Rap/Hip Hop|Latino,UMLE - Latino,1732,149007,album,4860761,J Balvin,173,10337712
2853398332,Mala buena suerte,165,0.0,2022-03-11,669027,603621612,Mala buena suerte,2022-03-11,Latino,Rimas Entertainment México S.A. de C.V,165,462,single,6851443,Latin Mafia,19,33926
903698442,Blanco,145,99.86,2020-03-19,345705,136387572,Colores,2020-03-19,Rap/Hip Hop|Latino,UMLE - Latino,1732,149007,album,4860761,J Balvin,173,10337712
1741494287,Moscow Mule,245,0.0,2022-05-06,816988,316164367,Un Verano Sin Ti,2022-05-06,Latino,Rimas Entertainment LLC.,4899,240165,album,10583405,Bad Bunny,88,7982199
2496106371,MONACO,267,0.0,2023-10-13,925290,499463651,nadie sabe lo que va a pasar mañana,2023-10-13,Latino,Rimas Entertainment LLC.,4878,89192,album,10583405,Bad Bunny,88,7982199
1065099142,Del Mar,214,0.0,2020-09-04,821663,170109192,ENOC,2020-09-04,Latino,Aura Music Corp.,4324,22805,album,4937383,Ozuna,168,4730667
2074439067,Yandel 150,216,0.0,2022-12-20,708913,387591767,Yandel 150,2022-12-20,Latino,La Leyenda LLC,216,4397,single,517429,Yandel,93,1809418
2710730452,Monotonía,161,0.0,2024-03-22,414758,561958172,Las Mujeres Ya No Lloran,2024-03-22,Pop,Sony Music Latin,3064,22598,album,160,Shakira,71,11697128
1009700502,Tattoo,223,0.0,2020-07-09,649312,158398762,Tattoo,2020-07-09,Rap/Hip Hop|Pop|Latino,Sony Music Latin/Duars Entertainment,223,15488,single,11289472,Rauw Alejandro,165,2134340
2328294525,Chulo pt.2,218,0.0,2023-06-22,674717,453563555,Chulo pt.2,2023-06-22,Latino,Universal Music Latino/Interscope,218,2011,single,11359554,Bad Gyal,64,106162
1079887762,PURO VENENO,247,0.0,2020-10-02,458726,173200472,Calambre,2020-10-02,Rap/Hip Hop|Pop,Sony Music Entertainment,2431,8843,album,12346612,Nathy Peluso,37,98232
1236513562,Demasiadas Mujeres,158,0.0,2021-02-26,526980,206045612,El Madrileño,2021-02-26,Rap/Hip Hop,Sony Music Entertainment,2554,29430,album,5620251,C. Tangana,57,183743
2595262972,Una Foto Remix (feat. Emilia),243,0.0,2024-01-05,566024,526583222,Una Foto Remix (feat. Emilia),2024-01-05,,Mesita,243,1146,single,4051519,Mesita,68,52389
2835962342,LA REINA,153,0.0,2024-06-13,608235,597888242,LA REINA,2024-06-13,Pop|Latino,Universal Music Spain S.L.,153,260,single,48765861,Lola Indigo,74,99756
2168082027,El Merengue,180,0.0,2023-03-17,436568,411961147,2000,2023-03-17,Pop,Sony Music Latin/La Industria,2694,3183,album,7890702,Marshmello,184,3106964
1069058312,Despeinada,224,0.0,2020-09-03,628102,170953892,Despeinada,2020-09-03,Latino,Aura Music Corp.,224,10739,single,4937383,Ozuna,168,4730667
1902534067,MOTOMAMI,61,0.0,2022-09-09,290038,354063347,MOTOMAMI +,2022-09-09,Pop,Columbia,3703,26480,album,554792,ROSALÍA,36,1056294
2971960441,"Alibi Pt. 2 (with Anitta, Pabllo Vittar & Yseult)",176,0.0,2024-09-02,552489,636348211,"Alibi Pt. 2 (with Anitta, Pabllo Vittar & Yseult)",2024-09-06,Latino,Twisted Elegance,726,1150,single,5683028,Sevdaliza,37,70167
2710730362,Puntería,181,0.0,2024-03-22,657247,561958172,Las Mujeres Ya No Lloran,2024-03-22,Pop,Sony Music Latin,3064,22598,album,160,Shakira,71,11697128
1415274362,La Niña de la Escuela,204,0.0,2021-07-01,528635,239883572,La Niña,2021-07-01,Pop|Latino,Universal Music Spain S.L.,2922,1844,album,48765861,Lola Indigo,74,99756
2308217445,La Mamá de la Mamá,219,0.0,2022-11-22,823523,448212345,SAGITARIO,2022-11-22,Pop|Latino,EL JEFE RECORDS LLC,3779,1560,album,1611773,El Alfa,204,492740
1480970322,Linda,144,0.0,2021-09-01,610012,255581632,Linda,2021-09-01,Rap/Hip Hop|Latino,Sony Music Latin,144,4823,single,48947801,Tokischa,80,62086
2566037742,Casanova,244,0.0,2023-12-07,585106,518649842,Casanova,2023-12-07,Rap/Hip Hop,Universal Music MENA Distributed Labels,244,1421,single,10189104,Soolking,87,1875410
2742844861,Guay,210,0.0,2024-04-18,623142,570986561,Guay,2024-04-18,Latino,Aura Music Corp.,210,739,single,4937383,Ozuna,168,4730667
2445182,La Camisa Negra,216,97.0,2004-09-28,560317,240714,Mi Sangre,2004-01-01,Latino,National Own (UC),2714,9652,album,70,Juanes,109,1624326
373969041,Amor Con Hielo,206,136.0,2017-06-23,510146,43226241,Sobre El Amor Y Sus Efectos Secundarios... Y Unas Cuantas Cosas Más (Edición Especial),2017-06-23,Pop,Universal Music Spain S.L.,4291,30542,album,7327640,Morat,74,1095540
623698142,Despacito,228,178.21,2019-02-01,873208,85603632,VIDA,2019-02-01,Pop|Latino,UMLE - Latino,3144,32198,album,6707,Luis Fonsi,88,3148351
645618912,Fuentes de Ortiz,207,104.93,2019-03-12,559270,89774702,mix pa llorar en tu cuarto,2018-03-02,Folk,Universal Music Mexico,1941,41482,album,4458767,Ed Maverick,38,297232
3329939781,Como La Flor (Remastered 2025),184,0.0,2025-04-25,198785,744223531,Entre A Mi Mundo (Remastered 2025),2025-04-25,Pop|Latino,EMI Latin (LAT),2054,73,album,5644,Selena,33,605313
416056622,SUTRA,203,179.76,2017-10-13,521472,49654052,SUTRA,2017-10-13,Pop|Latino,UMLE - Latino,203,22531,single,5266156,Sebastian Yatra,122,2377440
107406138,Por Fin Te Encontré,248,179.76,2015-09-24,588853,11198342,Por Fin Te Encontré,2015-09-24,Pop,Cali y El Dandee Catalog,248,45023,single,2855621,Cali Y El Dandee,61,860010
127245171,Safari,205,179.76,2016-06-24,637848,13420029,Energía,2016-06-24,Rap/Hip Hop|Latino,UMLE - Latino,2927,72892,album,4860761,J Balvin,173,10337712
1076995712,Hasta Ese Día,203,0.0,2020-09-18,350144,172658902,Hasta Ese Día,2020-09-18,Pop|Latino,Universal Music Mexico,203,971,single,5286414,Lasso,76,120384
2445183,Nada Valgo Sin Tu Amor,196,153.7,2004-09-28,432654,240714,Mi Sangre,2004-01-01,Latino,National Own (UC),2714,9652,album,70,Juanes,109,1624326
15515244,Dile,205,187.9,2003-06-17,812163,1433384,The Last Don,2003-06-17,Latino,UMLE - Machete,2794,22105,album,725,Don Omar,70,4033976
3259949651,Inténtalo (feat. América Sierra & El Bebeto) [feat. América Sierra & El Bebeto],193,0.0,2014-01-01,180901,1058383752,Inténtalo,2014-01-01,,Latin Power Music,2674,2,album,1562682,3BallMTY,19,36338
128095671,Traicionera,228,182.13,2016-07-08,614671,13526195,Traicionera,2016-07-08,Pop|Latino,UMLE - Latino,228,33635,single,5266156,Sebastian Yatra,122,2377440
79083710,Diez Mil Maneras,211,153.7,2014-06-17,123645,7863371,Tú Y Yo (Tour Edition),2014-06-17,Pop,Universal Music Spain S.L.,4126,6536,album,4990,David Bisbal,71,759419
102351900,Picky,180,186.2,2015-06-23,568702,10630684,Picky,2015-06-23,Pop|Latino,EMI Latin (LAT),180,34499,single,457763,Joey Montana,80,483411
467428802,El Motorcito,169,118.12,2018-03-02,444288,57997642,El Motorcito,2018-03-02,Rap/Hip Hop,Aftercluv Dancelab,169,1935,single,10735410,Lirico En La Casa,28,18442
94312894,Bailando (Spanish Version),244,182.1,2015-02-09,128415,8467937,SEX AND LOVE (Deluxe),2014-09-22,Pop|Latino,Universal Music Group International,3621,12712,album,2792,Enrique Iglesias,117,5955682
373969101,Mi Nuevo Vicio,241,144.05,2017-06-23,371767,43226241,Sobre El Amor Y Sus Efectos Secundarios... Y Unas Cuantas Cosas Más (Edición Especial),2017-06-23,Pop,Universal Music Spain S.L.,4291,30542,album,1464,Paulina Rubio,35,672818
1215922922,Marimar,201,0.0,2021-01-22,250483,201497332,Marimar,2021-01-22,Pop|Latino,Universal Music Mexico,1181,479,ep,710,Thalia,88,1489010
356003351,A Ella,198,182.13,2017-05-05,390383,40838721,A Ella,2017-05-05,Rap/Hip Hop|Latino,UMLE - Latino,198,25416,single,5297021,KAROL G,76,3408726
2710713682,Amor Prohibido (Remasterizado 2024/30th Anniversary),167,0.0,2024-03-22,194682,561952822,Amor Prohibido (Remasterizado 2024/30th Anniversary),2024-03-22,Pop|Latino,UMLE - Latino,1924,362,album,5644,Selena,33,605313
127245209,Ginza,170,102.08,2016-06-24,709630,13420029,Energía,2016-06-24,Rap/Hip Hop|Latino,UMLE - Latino,2927,72892,album,4860761,J Balvin,173,10337712
91400152,Rompe La Cintura,237,0.0,2014-12-04,436705,9270974,La Esencia World Edition,2014-12-04,Latino,Wild Dogz,3206,11327,album,16708,Alexis y Fido,41,596893
128552581,Deja Que Te Bese,244,104.93,2016-07-15,445850,13580787,Deja Que Te Bese,2016-07-15,Pop|Latino,Universal Music Spain S.L.,244,10778,single,4479,Alejandro Sanz,88,1414526
3255365,Mujer Latina,216,126.8,2004-02-10,402551,310515,Greatest Hits,2004-02-10,Latino,Capitol Latin,3814,17170,album,710,Thalia,88,1489010
1115836,Devuelveme La Vida,232,98.0,2007-09-03,315659,120134,Caricias Al Alma,2005-01-01,Pop,Universal Music Spain S.L.,2292,519,album,78800,Bustamante,36,67209
518459732,Dicen,221,178.21,2018-06-29,257253,66644522,Dicen,2018-06-29,Pop,Universal Music Spain S.L.,221,4126,single,12142,Antonio Orozco,40,120660
4759287,Me Hace Tanto Bien,189,104.9,2009-12-08,275727,438117,Dos Mundos - Evolución,2009-01-01,Pop|Latino,National Own,2408,4073,album,8794,Alejandro Fernández,71,1441274
378743771,Mi Rumbera,209,95.04,2017-07-07,201689,43917411,Mi Rumbera,2017-07-07,Pop,Universal Music Spain S.L.,209,345,single,5528403,Lerica,57,15167
919476,No Estamos Lokos (Kalikeño),259,103.9,2008-06-20,243003,103528,De Aki A Ketama,2008-06-20,Latino,Universal Music Spain S.L.,3312,1850,album,75249,Ketama,22,14491
807704592,Plata Ta Tá,255,0.0,2019-11-15,283170,119097172,Plata Ta Tá,2019-11-15,Rock|Latino,Universal Music Mexico,255,2599,single,5284515,Mon Laferte,68,708059
862584982,Sofia,210,0.0,2020-01-31,1215,176908082,Eterno Agosto,2020-10-02,Pop|Latino,Airforce1,4343,4805,album,7688746,Alvaro Soler,55,480282
355724021,Tú Me Obligaste,203,95.04,2017-05-05,351454,40801501,Tú Me Obligaste,2017-05-05,Pop,Universal Music Spain S.L.,203,3095,single,14306,Antonio José,50,38824
3247664311,Fiebre (Prod. King DouDou),247,0.0,2016-11-11,680110,717737401,Slow Wine Mixtape,2016-11-11,Rap/Hip Hop,Bad Gyal distributed by Altafonte,1523,357,album,11359554,Bad Gyal,64,106162
96149284,Él No Te Da,248,104.9,2014-12-16,404490,9782260,Él No Te Da,2014-12-16,Dance,Roster Music,522,2416,single,1845331,DaSoul,98,19076
766615672,Con Dos Camas Vacías,247,0.0,2019-10-02,291063,113125722,Donde Más Duele (Canta Por Sabina),2002-01-01,Pop,Universal Music Spain S.L.,3709,645,album,143973,Maria Jimenez,85,3592
135370488,Gloria A Ti,225,164.06,2016-11-04,160715,14458998,Gloria A Ti,2016-11-04,Pop,Universal Music Spain S.L.,2428,1376,album,4992,Rosario,31,67142
122701266,Shaky Shaky,233,175.93,2016-04-08,529548,12843768,Shaky Shaky,2016-04-08,Rap/Hip Hop|Latino,Craft Latino,233,51230,single,3839,Daddy Yankee,115,7158873
82181956,Madre Tierra (Oye),208,124.9,2014-08-25,677380,8241996,En Todo Estaré (Deluxe Edition),2014-08-25,Pop,Sony Music Latin,3080,20637,album,3873,Chayanne,71,1729147
6944549,Pasarela,227,189.7,2007-12-11,541647,641228,Broke & Famous,2007-01-01,,Urban Music,4573,17217,album,671073,Ñejo & Dálmata,9,292800
2960714,Noche De Sexo,205,187.9,2006-06-29,669337,259182,Pa'l Mundo,2006-06-29,Rap/Hip Hop|Latino,UMLE - Machete,4021,13124,album,75156,Wisin & Yandel,53,3344373
1360495262,Perdóname,242,0.0,2006-12-04,662023,227078552,Nuevas Metas,2007-01-01,Rap/Hip Hop|Latino,PanamaMusic,2493,1163,album,130797282,La Factoria,33,6293
4114809,Colgando en tus manos (con Marta Sánchez),232,119.8,2008-11-18,566813,383320,Colgando en tus manos (con Marta Sánchez),2008-11-18,Pop|Latino,WM Spain,232,12497,single,13653,Carlos Baute,87,244313
71561216,No Dejes De Soñar,319,95.9,2013-10-29,206677,7030957,Confieso Que He Sentido,2013-10-29,Pop,Universal Music Spain S.L.,3312,2333,album,81127,Manuel Carrasco,58,149089
919478,Se Dejaba Llevar Por Ti,258,129.6,2008-06-20,251619,103528,De Aki A Ketama,2008-06-20,Latino,Universal Music Spain S.L.,3312,1850,album,75249,Ketama,22,14491
105718678,Tu Enemigo,208,179.76,2015-09-04,336002,11016892,El Mundo Y Los Amantes Inocentes,2015-09-04,Pop,Universal Music Spain S.L.,2356,5364,album,4476566,Pablo López,34,73774
420364342,Robarte un Beso,194,189.65,2017-11-10,635655,50321012,VIVES,2017-11-10,Latino,Sony Music Latin,3817,36558,album,7343,Carlos Vives,95,2444390
123103236,DUELE EL CORAZON (feat. Wisin),200,0.0,2025-01-27,852976,12889906,DUELE EL CORAZON (feat. Wisin),2025-01-27,Pop|Pop internationale|Rock|Latino,RCA Records/Sony Music International/Sony Music Latin,200,114064,single,2792,Enrique Iglesias,117,5955682
385097451,"Lo Que Pasó, Pasó",210,97.05,2004-07-13,7830,691271171,Barrio Fino (Bonus Track Version),2005-02-01,Latino,Craft Latino,4277,4914,album,3839,Daddy Yankee,115,7158873
139874035,Despacito (Featuring Daddy Yankee),228,178.21,2017-01-13,6865,15579230,Despacito,2017-02-17,Pop|Latino,UMLE - Latino,228,565098,single,6707,Luis Fonsi,88,3148351
16332995,Ai Se Eu Te Pego (Radio Edit),166,95.9,2012-01-27,13314,43546011,Ai Se Eu Tu Pego (Nossa Nossa),2017-06-22,Pop,zeroseven,494,174,single,1606787,Nooossaa!,0,16
565423972,MIA (feat. Drake),210,97.05,2018-10-11,21763,459361075,MIA (feat. Drake),2018-10-11,Latino,OVO Sound,210,2384,single,10583405,Bad Bunny,88,7982199
796342592,Tusa,200,101.08,2019-11-08,870965,117472272,Tusa,2019-11-08,Rap/Hip Hop|Latino,TUSA - Karol G & Nicki Minaj,200,139073,single,5297021,KAROL G,76,3408726
14948696,Taboo,292,124.9,2010-11-16,607228,1378614,Meet The Orphans,2010-11-16,Rap/Hip Hop|Latino,UMLE - Machete,3834,43504,album,725,Don Omar,70,4033976
619949882,Con Calma,192,187.93,2019-01-24,865545,84880812,Con Calma,2019-01-24,Rap/Hip Hop|Latino,Craft Latino,192,137126,single,3839,Daddy Yankee,115,7158873
519713302,Te Boté (Clean Version),275,96.37,2018-04-20,665318,66921652,Te Boté (Clean Version),2018-04-20,Latino,"2018 Flow La Movie, Inc., distributed by GLAD Empire",275,14793,single,5844239,Darell,130,660537
75212170,Eres Mía,251,0.0,2014-02-25,723185,7441191,"Fórmula, Vol. 2 (Deluxe Edition)",2014-02-25,Latino,Sony Music Latin,4165,256605,album,1272674,Romeo Santos,29,3900915
765849012,Bailando (Spanish Version),244,182.13,2019-10-04,828116,113019482,Greatest Hits,2019-10-04,Pop|Latino,UMLE - Latino,4655,10987,album,2792,Enrique Iglesias,117,5955682
140421777,El Amante,216,179.76,2017-01-20,693373,15119989,Fénix,2017-01-20,Rap/Hip Hop,Sony Music Latin,5247,86022,album,15691,Nicky Jam,124,6428476
140421809,El Perdón (with Enrique Iglesias),206,179.76,2017-01-20,854465,15119989,Fénix,2017-01-20,Rap/Hip Hop,Sony Music Latin,5247,86022,album,2792,Enrique Iglesias,117,5955682
8930372,On The Floor (Radio Edit),231,130.0,2011-02-22,966461,819649,On The Floor,2011-02-22,Pop,Nuyorican Productions / IDJ,231,42429,single,45,Jennifer Lopez,123,6388857
710002412,Dutty Love,285,179.76,2019-07-12,388646,103073782,Urban Hits,2019-07-12,Rap/Hip Hop,UME - Global Clearing House,6172,415,album,725,Don Omar,70,4033976
68771815,Vivir Mi Vida,255,104.9,2013-07-23,696217,6736087,3.0,2013-07-22,Latino,Sony Music Latin,2486,170193,album,112,Marc Anthony,68,2604899
85564924,Fanatica Sensual,240,164.1,2014-09-09,633937,8627654,Love and Sex,2014-09-09,Latino,Pina Records,3587,25424,album,65838,Plan B,28,2267595
493108632,Felices los 4,230,187.93,2018-05-18,762209,62438782,F.A.M.E.,2018-05-18,Rap/Hip Hop,Sony Music Latin,3025,58356,album,1424602,Maluma,137,8072433
13175564,I Need to Know,227,115.2,1999-09-14,401766,1208632,I Need To Know,1999-09-14,Dance,Columbia,455,3642,single,112,Marc Anthony,68,2604899
750918872,Si Te Vas,204,173.71,2019-09-26,554233,110556592,Si Te Vas,2019-09-26,Rap/Hip Hop|Latino,Rich Music,204,14661,single,5412407,Sech,102,1578242
71678228,6 AM,243,175.9,2013-10-29,637553,7042887,La Familia,2013-10-29,Rap/Hip Hop|Latino,Universal Music Mexico,3215,57854,album,4860761,J Balvin,173,10337712
528929701,Calma,180,126.82,2018-07-20,647697,68454691,Calma,2018-07-20,Pop,Sony Music Latin,180,25832,single,294464,Pedro Capó,59,540097
364957401,Chantaje (feat. Maluma),195,0.0,2017-05-26,874967,42014431,El Dorado,2017-05-27,Pop,Sony Music Latin,2636,136825,album,160,Shakira,71,11697128
791449252,Te Robaré,201,175.93,2019-11-01,692122,116943052,Intimo,2019-11-01,Rap/Hip Hop,Sony Music Latin,2753,19676,album,15691,Nicky Jam,124,6428476
71403230,Timber,204,130.0,2013-10-07,931017,7011813,Timber,2013-10-07,Electro|Techno/House|Dance|Rap/Hip Hop|Pop,Mr.305/Polo Grounds Music/RCA Records,204,105692,single,776,Pitbull,181,7254734
734393362,Adicto,270,160.25,2019-08-22,728030,107849482,Adicto,2019-08-22,Latino,NEON16/Interscope Records,270,27813,single,4649104,Tainy,49,366399
69305455,Propuesta Indecente,235,123.0,2013-07-30,714477,6793599,Propuesta Indecente,2013-07-30,Pop|Latino,Sony Music Latin,235,126912,single,1272674,Romeo Santos,29,3900915
482986842,I Like It,253,136.0,2018-04-06,852357,60711332,Invasion of Privacy,2018-04-06,Rap/Hip Hop,Atlantic/KSR,2892,255506,album,9064930,Cardi B,95,2595303
440252642,Rompe,188,175.93,2007-11-20,729103,53375752,20 Number 1's Now,2007-11-20,Latino,2007 20 Number 1's Now,4584,2370,album,3839,Daddy Yankee,115,7158873
140421811,Hasta el Amanecer,197,187.93,2017-01-20,748097,15119989,Fénix,2017-01-20,Rap/Hip Hop,Sony Music Latin,5247,86022,album,15691,Nicky Jam,124,6428476
715415322,Otro Trago (Remix),287,175.93,2019-07-26,637592,104254022,Otro Trago (Remix),2019-07-26,Rap/Hip Hop|Latino,Rich Music,287,29584,single,5412407,Sech,102,1578242
730294552,Fantasias,199,187.93,2019-08-29,616695,107237732,Fantasias,2019-08-29,Latino,"(SME US Latin) Duars Entertainment, Corp. (2)",199,21997,single,11289472,Rauw Alejandro,165,2134340
772603752,RITMO (Bad Boys For Life),222,104.93,2019-10-12,828803,114324482,RITMO (Bad Boys For Life),2019-10-12,Dance|Rap/Hip Hop|Pop|Latino,Epic/We The Best,222,48880,single,1020109,Black Eyed Peas,68,6101420
38776761,Algo Me Gusta De Ti,274,128.0,2012-07-03,603408,3775941,Líderes,2012-01-01,Rap/Hip Hop|Latino,UMLE - Machete,3778,56340,album,75156,Wisin & Yandel,53,3344373
16144913,Llamada De Mi Ex,189,133.8,2012-01-24,290659,1501938,Irreversible... 2012,2012-01-24,Latino,UMLE - Disa,3196,3074,album,345055,La Arrolladora Banda El Limón De Rene Camacho,118,1548029
716383912,Taki Taki,213,95.93,2019-07-25,801230,104455482,Carte Blanche,2019-07-25,Dance,DJ Snake Music Productions Limited,3655,65077,album,482758,DJ Snake,102,5794937
656027552,Con Altura (feat. El Guincho),162,0.0,2019-03-28,766242,91744502,Con Altura (feat. El Guincho),2019-03-28,Pop|Pop internationale|Rock,Columbia,162,63241,single,554792,ROSALÍA,36,1056294
420364332,La Bicicleta,229,179.76,2017-11-10,765905,50321012,VIVES,2017-11-10,Latino,Sony Music Latin,3817,36558,album,7343,Carlos Vives,95,2444390
526395482,Quiere Beber,187,95.04,2018-07-17,13333,88281022,Real Hasta la Muerte,2018-07-17,Latino,"2018 Real Hasta La Muerte, Inc.",2590,58560,album,7961888,Anuel AA,162,2476460
467730662,Ai Se Eu Te Pego! (Ao Vivo),166,192.3,2011-06-03,2220,437053177,Ai Se Eu Te Pego (Ao Vivo),2023-05-04,Musique brésilienne,Virgin Music Label And Artist Services (S&D),166,1434,single,379486,Michel Teló,56,1703298
13188546,Atrévete-Te-Te,241,175.9,2005-11-01,593377,1209523,Calle 13 (Explicit Version),2005-11-01,Rap/Hip Hop,Sony Music Latin,3415,30843,album,111,Calle 13,10,1257938
431481062,Escápate Conmigo (feat. Ozuna),233,183.75,2017-12-01,679203,52060132,Victory,2017-12-01,Rap/Hip Hop,Sony Music Latin,3780,16660,album,15898,Wisin,92,2115341
731498882,"Yo x Ti, Tu x Mi",201,183.75,2019-08-15,769076,107438312,"Yo x Ti, Tu x Mi",2019-08-15,Latino,Columbia,201,21802,single,554792,ROSALÍA,36,1056294
768279812,Quizas,216,175.93,2019-10-11,542182,113515062,The Academy,2019-10-11,Rap/Hip Hop|Latino,Rich Music,1695,40276,album,11471022,RICH MUSIC LTD,6,172969
723952592,Tutu,179,146.09,2019-08-09,608027,105929892,Tutu,2019-08-09,Rap/Hip Hop|Pop|Reggae|Rock|Latino,Sony Music Latin,179,30703,single,58568762,Camilo,60,2277993
73786725,Dile al Amor,229,124.16,2009-06-09,630918,7277208,The Last,2010-04-06,Latino,Premium Latin Music,4526,29315,album,700,Aventura,71,2077360
90269731,Darte un Beso,206,140.1,2014-11-24,631162,9149149,Soy El Mismo (Deluxe Edition),2014-11-24,Latino,Sony Music Latin,3693,51599,album,380955,Prince Royce,59,2628553
734498172,Indeciso,217,95.04,2019-08-23,593549,107875492,Indeciso,2019-08-23,Rap/Hip Hop|Latino,Indeciso,217,9809,single,4476,Reik,76,2915806
1023746652,Hecha Pa' Mi,186,0.0,2020-07-31,737925,161228312,Más Negro Que Rojo,2020-07-31,Rap/Hip Hop,Sony Music Latin,2612,1968,album,1305912,Boza,49,53033
2717330882,Una Vida Pasada,220,0.0,2024-04-03,319539,563650702,dos,2024-04-03,Pop,Sony Music Latin/Hecho a Mano (HAMM),600,670,ep,58568762,Camilo,60,2277993
508790222,Clandestino,232,166.04,2018-06-08,709779,65107062,Clandestino,2018-06-08,Pop,Sony Music Latin,232,50015,single,160,Shakira,71,11697128
3353337101,no tiene sentido,159,0.0,2025-05-15,803344,752270291,BORONDO,2025-05-15,Musique africaine|Rap/Hip Hop,5020 Records,4410,4691,album,68358002,Beele,94,437943
3677908682,Dardos,243,0.0,2025-11-28,849154,863952472,Better Late Than Never,2025-11-28,Pop|Latino,Sony Music Latin,3001,8209,album,1272674,Romeo Santos,29,3900915
1032957942,Hawái,200,0.0,2020-07-29,800736,163017682,Hawái,2020-07-29,Rap/Hip Hop|Pop|Reggae|Latino,Sony Music Latin,200,35342,single,1424602,Maluma,137,8072433
4245657411,El Árbol,182,0.0,2026-09-03,561570,1062931281,El Árbol,2026-09-03,Pop,El Taller Creativo/Sony Music Latin,182,31,single,58568762,Camilo,60,2277993
1349596782,Miénteme,165,0.0,2021-04-29,640928,224353382,Miénteme,2021-04-29,Rap/Hip Hop,Sony Music Latin,165,10808,single,2252591,TINI,82,911553
1370066842,Todo De Ti,203,0.0,2025-01-11,749411,229571852,Todo De Ti,2025-01-11,Dance|Rap/Hip Hop|Pop|Rock|Latino,Sony Music Latin/Duars Entertainment,203,18416,single,11289472,Rauw Alejandro,165,2134340
2350099025,La Morocha,137,0.0,2023-07-07,724356,459639665,La Morocha,2023-07-07,Pop,Sony Music Entertainment Chile S.A,137,809,single,13971299,Luck Ra,84,44843
2498029491,La_Original.mp3,140,0.0,2023-11-02,549604,499990281,La_Original.mp3,2023-11-02,Pop,Sony Music Latin,140,823,single,61094422,Emilia,51,107882
3871739701,ALGO TÚ,213,0.0,2026-03-04,888230,928911381,ALGO TÚ,2026-03-04,Pop|Latino,Sony Music Latin/5020 Records,213,850,single,160,Shakira,71,11697128
1745767007,Quiero Decirte,222,0.0,2022-05-12,719436,317227597,Quiero Decirte,2022-05-12,Pop,Sony Music Entertainment,222,1097,single,320004,Abraham Mateo,79,428716
3427618651,DÓNDE,193,0.0,2025-07-03,620134,777147761,POR SI ALGUIEN NOS ESCUCHA,2025-07-03,Musique africaine|Rap/Hip Hop|Pop,Sony Music Latin/La Industria,2622,1528,album,4479584,Kapo,173,41726
2461269225,ASI ES LA VIDA,172,0.0,2023-09-28,579195,489889825,ASI ES LA VIDA,2023-09-28,Pop|Latino,Sony Music Latin,172,1603,single,2792,Enrique Iglesias,117,5955682
3370856431,QLOO*,149,0.0,2025-05-22,639225,758000131,QLOO*,2025-05-22,Rap/Hip Hop,Sony Music Entertainment Chile S.A,149,391,single,11554747,Young Cister,73,15958
4015019751,EPA,201,0.0,2026-05-15,704384,980622741,EPA,2026-05-15,Pop,RCA Records,201,161,single,4698748,Becky G,111,1867373
110955778,Borro Cassette,217,175.9,2015-10-30,681427,11539532,"Pretty Boy, Dirty Boy",2015-10-30,Rap/Hip Hop,Sony Music Latin,3357,254239,album,1424602,Maluma,137,8072433
4015341011,Dai Dai,223,0.0,2026-05-14,990618,980745831,Dai Dai,2026-05-14,Dance|Rap/Hip Hop|Pop,Sony Music Latin,223,19737,single,160,Shakira,71,11697128
3086954731,Qué Pasaría...,191,0.0,2024-11-15,888515,668910861,Cosa Nuestra,2024-11-15,Rap/Hip Hop,Sony Music Latin/Duars Entertainment,4029,19461,album,11289472,Rauw Alejandro,165,2134340
2118092797,Cupido,174,0.0,2023-02-14,521855,399023697,Cupido,2023-02-14,Pop,5020 Records,174,535,single,2252591,TINI,82,911553
3862522561,Apambichao,147,0.0,2026-03-05,638626,925614711,Apambichao,2026-03-05,Rap/Hip Hop,La Industria/Sony Music Latin,147,181,single,11559031,Manuel Turizo,101,1565092
2788486652,REAL GANGSTA LOVE,145,0.0,2024-05-23,617198,583567512,EL ÚLTIMO BAILE,2024-05-23,Rap/Hip Hop,Sony Music Latin,1785,5293,album,1333264,Trueno,64,516345
4174204352,ME VOY,230,0.0,2026-08-07,156367,1036954902,ME VOY,2026-08-07,Pop,Millo Solo,230,0,single,5952094,Manuel Moore,12,233
2402314685,Según Quién,142,0.0,2023-08-17,653915,474060845,Según Quién,2023-08-17,Pop,Sony Music Latin,142,6725,single,1424602,Maluma,137,8072433
1649460922,MAMIII,226,0.0,2022-02-10,769517,294113562,MAMIII,2022-02-11,Pop|Latino,Kemosabe Records/RCA Records,226,12000,single,4698748,Becky G,111,1867373
3615690322,Las guapas,210,0.0,2025-11-21,456020,842595202,¿Y ahora qué +?,2025-11-21,,Sony Music Entertainment,2404,1091,album,4479,Alejandro Sanz,88,1414526
1741494317,Tití Me Preguntó,243,0.0,2022-05-06,975674,316164367,Un Verano Sin Ti,2022-05-06,Latino,Rimas Entertainment LLC.,4899,240165,album,10583405,Bad Bunny,88,7982199
3879862701,PONGO,192,0.0,2026-03-19,744830,931991361,PONGO,2026-03-19,Musique africaine|Pop,Sony Music Latin,192,425,single,4660899,Rvssian,65,49064
488242202,Sin Pijama,187,187.93,2018-04-20,718748,61617252,Sin Pijama,2018-04-20,Rap/Hip Hop|Pop|Reggae|Latino,Sony Music Latin,187,57886,single,4698748,Becky G,111,1867373
4111093521,LA GUARACHA (Oh Oh Oh),199,0.0,2026-07-02,443949,1013458531,LA GUARACHA (Oh Oh Oh),2026-07-02,Dance|Pop,La Industria/Sony Music Latin,199,56,single,11559031,Manuel Turizo,101,1565092
2280832027,Bailando Bachata,170,0.0,2023-05-25,701968,440645577,Bailando Bachata,2023-05-25,Pop,Sony Music Latin,170,1679,single,3873,Chayanne,71,1729147
3408121131,Solcito,144,0.0,2025-03-13,606034,770459561,Solcito,2025-03-13,Pop,Sony Music Latin,144,88,single,6663664,Miguel Bueno,26,1673
3676306072,Pikito,203,0.0,2025-12-01,378152,863362562,Pikito,2025-12-01,Rap/Hip Hop,Nibiru International/Sony Music Latin,203,97,single,4937383,Ozuna,168,4730667
3663852612,Hips Don't Lie,209,0.0,2025-10-22,912402,859209172,Anniversary | Oral Fixation (20th) and Pies Descalzos (30th) LIVE,2025-10-22,Pop|Latino,Sony Music Latin,976,982,ep,160,Shakira,71,11697128
3713746262,la patadita,147,0.0,2025-12-16,387876,876293082,la patadita,2025-12-16,Pop,5020 Records,147,117,single,68358002,Beele,94,437943
845382192,Muévelo,194,187.93,2020-01-08,627591,125184462,Muévelo,2020-01-08,Rap/Hip Hop|Latino,Sony Music Latin,194,8682,single,3839,Daddy Yankee,115,7158873
3989722231,Último Baile,167,0.0,2026-05-08,394516,971263161,Último Baile,2026-05-08,Pop,Sony Music Latin,167,57,single,320004,Abraham Mateo,79,428716
1928900437,Besos Moja2,229,0.0,2022-12-01,597049,359947737,La Última Misión,2022-12-01,Rap/Hip Hop,Sony Music Latin,4875,3866,album,75156,Wisin & Yandel,53,3344373
563029042,Desconocidos,204,173.71,2018-10-12,609006,74650952,Desconocidos,2018-10-12,Rap/Hip Hop|Pop,Sony Music Latin,204,56290,single,10189722,Mau y Ricky,40,772696
3929004791,Olvidarnos De To' :),201,0.0,2026-04-16,429287,950360921,Olvidarnos De To' :),2026-04-16,Rap/Hip Hop,Sony Music Entertainment,201,19,single,1242174,Cano,317,8373
714210042,China,301,104.93,2019-07-19,781298,104037352,China,2019-07-19,Latino,"2019 Real Hasta La Muerte, LLC.",301,61818,single,7961888,Anuel AA,162,2476460
1260566292,KESI,177,0.0,2021-03-04,562494,211435132,Mis Manos,2021-03-04,Pop,Sony Music Latin,2131,15657,album,58568762,Camilo,60,2277993
3954473951,BOMBÓN,128,0.0,2026-04-16,470909,959128741,BOMBÓN,2026-04-16,Pop,Sony Music Latin/La Industria,128,36,single,4479584,Kapo,173,41726
1324559202,Canción Bonita,169,0.0,2021-04-13,557199,220792412,Canción Bonita,2021-04-13,Pop|Latino,Sony Music Latin,169,3590,single,7343,Carlos Vives,95,2444390
3557468621,Una Noche Más,159,0.0,2025-10-09,484828,822007751,Una Noche Más,2025-10-09,Musique africaine|Pop,5020 Records,159,224,single,2252591,TINI,82,911553
12000067,Bailando por Ahi,182,130.01,2011-05-15,627217,1100622,Bailando por Ahi,2011-05-15,Pop,Columbia,182,4589,single,176977,Juan Magan,175,618840
3960287071,Pa que Brinque,192,0.0,2026-04-16,276681,961365431,Pa que Brinque,2026-04-16,Rap/Hip Hop,Sony Music Latin,192,25,single,6397900,Omar Montes,150,63022
92983220,La Mordidita (feat. Yotuel),211,142.1,2015-02-10,605217,9440036,A Quien Quiera Escuchar,2015-02-10,Pop,Sony Music Latin,2960,23338,album,2789,Ricky Martin,69,2215563
2747325271,Ojos Verdes,141,0.0,2024-04-24,405905,572194101,Ojos Verdes,2024-04-24,Pop,Sony Music Latin/DALE PLAY Records,141,517,single,13299379,Nicki Nicole,63,608954
714480592,Te Quemaste,199,0.0,2019-08-23,548406,104104162,ADN,2019-07-26,Rap/Hip Hop,Sony Music Latin/La Industria,3410,19903,album,11559031,Manuel Turizo,101,1565092
3140108821,Frente al Mar,196,0.0,2024-12-12,529145,683135001,Frente al Mar,2024-12-12,Musique africaine,5020 Records,196,297,single,68358002,Beele,94,437943
130850550,Reggaetón Lento (Bailemos),222,187.93,2016-08-26,694297,13889954,Primera Cita,2016-08-26,Pop,Sony Music Latin,3004,76722,album,9759672,CNCO,48,1212626
3961034571,Focu 'Ranni,170,0.0,2026-04-16,669268,961635041,LUX (Complete Works),2026-04-16,Alternative,Columbia,3605,11942,album,554792,ROSALÍA,36,1056294
3024269221,Qué Pecao,232,0.0,2024-10-03,569043,650283411,Qué Pecao,2024-10-03,Rap/Hip Hop,La Industria/Sony Music Latin,232,479,single,11559031,Manuel Turizo,101,1565092
3257124661,sobelove,135,0.0,2025-03-06,600261,720515711,sobelove,2025-03-06,Rap/Hip Hop,5020 Records,135,482,single,68358002,Beele,94,437943
132634800,Vente Pa' Ca (feat. Maluma),259,0.0,2016-09-22,706286,14101972,Vente Pa' Ca (feat. Maluma),2016-09-22,Rap/Hip Hop|Pop|Pop internationale|Rock|R&B|Soul,Sony Music Latin,259,65510,single,2789,Ricky Martin,69,2215563
3930241091,Te hacen falta dos,161,0.0,2026-04-09,543619,950769691,Apambichao,2026-04-09,Rap/Hip Hop|Pop,La Industria/Sony Music Latin,2255,696,album,11559031,Manuel Turizo,101,1565092
123345682,La Gozadera (feat. Marc Anthony),203,189.65,2016-04-22,761863,12920706,Visualízate,2016-04-22,Latino,Sony Music Latin/Magnus,2829,28724,album,279489,Gente De Zona,78,619015
3564332351,Paris,189,0.0,2025-09-25,493202,824402501,Paris,2025-09-25,Rap/Hip Hop,Sony Music Latin,189,112,single,1305912,Boza,49,53033
1258194702,Machu Picchu,179,0.0,2021-03-01,494210,210847792,Machu Picchu,2021-03-01,Pop|Latino,Sony Music Latin,179,4046,single,58568762,Camilo,60,2277993
3663852572,"Pies Descalzos, Sueños Blancos",185,0.0,2025-10-22,281903,859209172,Anniversary | Oral Fixation (20th) and Pies Descalzos (30th) LIVE,2025-10-22,Pop|Latino,Sony Music Latin,976,982,ep,160,Shakira,71,11697128
364268001,Felices los 4,230,187.93,2017-05-26,464108,41921081,Felices los 4 (4 Versiones),2017-05-26,Rap/Hip Hop,Sony Music Latin,898,58826,single,1424602,Maluma,137,8072433
10496686,On The Floor (Ven a Bailar) (Bonus Track),294,130.0,2011-05-03,444044,960643,LOVE? (Deluxe Edition),2011-01-01,Pop,Nuyorican Productions / IDJ,3728,51183,album,45,Jennifer Lopez,123,6388857
3288087861,blackout ?,180,0.0,2025-03-25,583053,730638231,blackout ?,2025-03-25,Pop|Soul & Funk|Latino,Sony Music Latin,180,552,single,61094422,Emilia,51,107882
3377877901,KORAZONG,177,0.0,2025-06-05,611834,760470781,KORAZONG,2025-06-05,Musique africaine|Rap/Hip Hop|Pop,Sony Music Latin/La Industria,177,171,single,4479584,Kapo,173,41726
364957471,La Bicicleta,229,0.0,2017-05-26,574150,42014431,El Dorado,2017-05-27,Pop,Sony Music Latin,2636,136825,album,7343,Carlos Vives,95,2444390
372868531,Loco Enamorado,254,187.93,2017-06-23,584000,43074691,Loco Enamorado,2017-06-23,Pop|Latino,Sony Music Entertainment,254,15807,single,320004,Abraham Mateo,79,428716
4154648592,que te vaya bien,194,0.0,2026-07-23,557167,1029375002,que te vaya bien,2026-07-23,Rap/Hip Hop|Reggae|Dancehall/Ragga,AWOO Corp./Sony Music Latin,194,29,single,11815065,Ryan Castro,146,309021
3100867631,mi refe,160,0.0,2024-12-05,767742,672597811,mi refe,2024-12-05,Rap/Hip Hop,5020 Records,160,1012,single,68358002,Beele,94,437943
3640140982,Dios Es Un Stalker,130,0.0,2025-11-07,618789,851013072,LUX,2025-11-07,Alternative,Columbia,2965,87870,album,554792,ROSALÍA,36,1056294
3352226511,Bésame,201,0.0,2025-05-22,413413,751876271,Bésame,2025-05-22,Pop,Sony Music Entertainment,201,396,single,4479,Alejandro Sanz,88,1414526
3427618611,X TI,215,0.0,2025-07-03,595057,777147761,POR SI ALGUIEN NOS ESCUCHA,2025-07-03,Musique africaine|Rap/Hip Hop|Pop,Sony Music Latin/La Industria,2622,1528,album,4479584,Kapo,173,41726
1522667852,Tacones Rojos,188,0.0,2021-10-22,637357,265762162,Tacones Rojos,2021-10-22,Pop|Latino,UMLE - Latino,188,4784,single,5266156,Sebastian Yatra,122,2377440
110146986,Chillax (feat. Ky-Mani Marley),197,183.8,2015-10-23,538109,11471678,Visionary,2015-10-23,Rap/Hip Hop,Sony Music Latin,3189,42486,album,614223,Farruko,297,3308551
3002724121,Soltera,214,0.0,2024-09-25,773334,645478941,Soltera,2024-09-25,Latino,Sony Music Latin,214,3955,single,160,Shakira,71,11697128
3824901081,5 Estrellas - W Sound 23,191,0.0,2026-02-04,677977,912141321,5 Estrellas - W Sound 23,2026-02-04,Latino,WEA Latina,191,203,single,167570077,W Sound,9,22656
3241972661,La Plena (W Sound 05),150,0.0,2025-02-20,928157,715794531,La Plena (W Sound 05),2025-02-20,Rap/Hip Hop|Latino,WEA Latina,150,1509,single,167570077,W Sound,9,22656
3981862801,AL GOLPITO,207,0.0,2026-04-23,558814,968389251,AL GOLPITO,2026-04-23,Rap/Hip Hop,Quevedo,207,53,single,6705223,Quevedo,83,300774
3416126361,Blancanieves,151,0.0,2025-06-19,626816,773132771,Blancanieves,2025-06-19,Rap/Hip Hop|Latino,WEA Latina,151,762,single,15304117,Natanael Cano,100,1147768
4249295341,CHAMPAGNE,207,0.0,2026-05-21,254288,1064356961,SUPERARTE,2026-05-21,Rap/Hip Hop|Latino,WEA Latina,2289,14,album,5849210,Justin Quiles,156,960572
2164743217,La Bebe (Remix),234,0.0,2023-03-17,691097,411167397,La Bebe (Remix),2023-03-17,Rap/Hip Hop|Pop,WM Mexico,234,6050,single,144915422,Yng Lvcas,55,9379
3381871861,JOKER,210,0.0,2025-05-27,518761,761630401,JOKER,2025-05-27,Rap/Hip Hop|Latino,WEA Latina,562,157,single,106632,Blessd,134,264498
3368936011,SOLEAO,218,0.0,2025-05-29,686885,757386981,SOLEAO,2025-05-29,Rap/Hip Hop|Latino,WEA Latina,218,473,single,12029862,Myke Towers,181,1703811
4079038081,Caramel,134,0.0,2026-06-18,500422,1002864581,babylona blue,2026-06-18,Pop,WEA Latina,1103,271,ep,11443084,Danny Ocean,61,812649
4079003581,Godzila (W Sound 09),180,0.0,2026-06-10,637704,1002851691,Godzila (W Sound 09),2026-06-10,Rap/Hip Hop,WEA Latina,180,120,single,167570077,W Sound,9,22656
4065274331,Lead,137,0.0,2026-06-09,567349,998804381,Lead,2026-06-09,Rap/Hip Hop,Tu Musica,137,125,single,88,Sean Paul,161,3757728
3321453561,AMISTA,177,0.0,2025-04-24,588482,741268191,AMISTA,2025-04-24,Rap/Hip Hop|Latino,WEA Latina,177,640,single,106632,Blessd,134,264498
3856864621,POR TI,115,0.0,2026-02-19,808175,923504821,POR TI,2026-02-19,,Yapi,115,138,single,6836661,Yapi,45,663
4047401901,UNA NA MAS,196,0.0,2026-05-28,613739,992121361,UNA NA MAS,2026-05-28,Rap/Hip Hop,WEA Latina,196,100,single,12029862,Myke Towers,181,1703811
2159990627,LALA,197,0.0,2023-03-23,762053,410083687,LA VIDA ES UNA,2023-03-23,Rap/Hip Hop|Latino,WEA Latina,4382,9122,album,12029862,Myke Towers,181,1703811
3524679161,COMO OREO,195,0.0,2025-08-28,645150,810492291,COMO OREO,2025-08-28,Rap/Hip Hop|Latino,WEA Latina,195,583,single,106632,Blessd,134,264498
3486464711,Corazón,163,0.0,2025-07-31,567663,797326611,Babylon Club,2025-07-31,Pop,Atlantic Records,2111,1969,album,11443084,Danny Ocean,61,812649
3654878492,THANK YOU BB,206,0.0,2025-11-13,632606,856146172,THANK YOU BB,2025-11-13,Rap/Hip Hop|Latino,WEA Latina,206,95,single,5849210,Justin Quiles,156,960572
4024329201,La Semana,210,0.0,2026-05-21,642381,983729991,No Quiero Que Se Acabe Este Bendito Verano,2026-05-21,Pop,WEA Latina,997,141,ep,1170312,Elena Rose,48,6187
3954591261,Desahógate,118,0.0,2026-04-20,519626,959185421,Desahógate,2026-04-20,Pop,WEA Latina,118,90,single,11443084,Danny Ocean,61,812649
3949568641,PERREO LLORANDO,188,0.0,2026-04-16,489325,957282281,AMOR & DROGA,2026-04-16,Alternative|Latino,WEA Latina,3155,491,album,48947801,Tokischa,80,62086
3171002991,VOY A LLeVARTE PA PR,156,0.0,2025-01-05,919075,693008911,DeBÍ TiRAR MáS FOToS,2025-01-05,Latino,Rimas Entertainment LLC.,3721,204867,album,10583405,Bad Bunny,88,7982199
3061738201,Imagínate,170,0.0,2024-11-07,707942,661858391,Imagínate,2024-11-07,Pop,Atlantic Records,170,765,single,11443084,Danny Ocean,61,812649
2748633221,Mírame,157,0.0,2024-04-17,645864,572596301,Mírame,2024-04-17,Rap/Hip Hop|Latino,WEA Latina,157,2090,single,106632,Blessd,134,264498
3429928271,TENGO CELOS,211,0.0,2025-07-17,523432,777829131,ISLAND BOYZ,2025-07-17,Rap/Hip Hop|Latino,WEA Latina,4513,2031,album,12029862,Myke Towers,181,1703811
3617603552,ALMA,176,0.0,2025-10-23,459955,843208632,Bendito Verano,2025-10-23,Pop|Latino,WEA Latina,1936,398,album,1170312,Elena Rose,48,6187
3429241701,Perlas Negras,203,0.0,2025-07-01,644625,777674821,Porque La Demora,2025-07-01,Rap/Hip Hop|Latino,WEA Latina,3383,5520,album,15304117,Natanael Cano,100,1147768
3076671331,DEPORTIVO,218,0.0,2024-11-14,548615,666178531,DEPORTIVO,2024-11-14,Rap/Hip Hop|Latino,WEA Latina,218,1312,single,106632,Blessd,134,264498
3276087551,Priti,131,0.0,2025-03-20,601111,726599891,Priti,2025-03-20,Pop,Atlantic Records,131,323,single,11443084,Danny Ocean,61,812649
3253057721,MAL DE AMORES,210,0.0,2025-02-27,448428,719351891,MAL DE AMORES,2025-02-27,Rap/Hip Hop|Latino,WEA Latina,210,554,single,12029862,Myke Towers,181,1703811
2925907271,Alegría,165,0.0,2024-08-08,470302,622645711,Alegría,2024-08-08,Rap/Hip Hop|Latino,WEA Latina,165,740,single,49364062,Tiago PZK,87,272954
4037163691,Se Le Ve,159,0.0,2026-06-11,710134,988414891,Se Le Ve,2026-06-11,Rap/Hip Hop,WEA Latina,159,191,single,10957698,Kybba,57,21130
3421339061,EXPECTATIVAS,202,0.0,2025-06-26,461316,774824361,EXPECTATIVAS,2025-06-26,Rap/Hip Hop|Latino,WEA Latina,202,100,single,12029862,Myke Towers,181,1703811
2576659082,SI SABE FERXXO,152,0.0,2024-01-25,521376,521225432,SI SABE,2024-01-25,Rap/Hip Hop|Latino,WEA Latina,2672,3076,album,106632,Blessd,134,264498
3630191212,JOJO,130,0.0,2025-10-30,424213,847515752,JOJO,2025-10-30,Pop,WEA Latina,130,79,single,14343187,Maria Becerra,76,379404
2542594331,LA FALDA,174,0.0,2023-09-18,698950,512659071,LVEU: VIVE LA TUYA...NO LA MIA,2023-11-23,Rap/Hip Hop|Latino,WEA Latina,4067,4199,album,12029862,Myke Towers,181,1703811
3401560381,AyMami,164,0.0,2025-07-03,500533,768156171,AyMami,2025-07-03,Pop,Atlantic Records,164,260,single,11443084,Danny Ocean,61,812649
3382134521,YO y TÚ,198,0.0,2025-06-11,754646,761709051,YO y TÚ,2025-06-11,Rap/Hip Hop|Latino,WEA Latina,198,477,single,9477752,Ovy On The Drums,65,170032
3447342231,TUCHAT,221,0.0,2025-07-07,598396,783796401,TUCHAT,2025-07-07,,Quevedo,221,349,single,6705223,Quevedo,83,300774
3493685471,SE SUPONE,164,0.0,2025-10-09,449060,799968441,SE SUPONE,2025-10-09,Rap/Hip Hop|Latino,WEA Latina,164,150,single,106632,Blessd,134,264498
1776731677,"DANÇARINA (feat. Nicky Jam, MC Pedrinho) (Remix)",212,0.0,2022-06-10,778826,324221967,"DANÇARINA (feat. Nicky Jam, MC Pedrinho) (Remix)",2022-06-10,Musique brésilienne,WM Brazil,212,5246,single,50633822,PEDRO SAMPAIO,67,1749586
2927624661,SE TE NOTA (feat. Peso Pluma),190,0.0,2024-08-22,393072,623096001,LA PANTERA NEGRA,2024-08-22,Rap/Hip Hop|Latino,WEA Latina,3907,2650,album,12029862,Myke Towers,181,1703811
2170492547,Arranca (feat. Omega),166,0.0,2023-03-10,790195,412583757,Arranca (feat. Omega),2023-03-10,Latino,Kemosabe Records/RCA Records,166,2323,single,4698748,Becky G,111,1867373
3365237521,PERVERSA,132,0.0,2025-05-29,623904,756218021,PERVERSA,2025-05-29,Musique brésilienne|Soul & Funk,WM Brazil,132,1083,single,50633822,PEDRO SAMPAIO,67,1749586
3101127881,Dime Que No (feat. Lenier),216,0.0,2024-12-19,479268,672656421,Dime Que No (feat. Lenier),2024-12-19,Rap/Hip Hop|Latino,AGM Ent. Inc,216,118,single,5849210,Justin Quiles,156,960572
3584367661,K HUBO PS MOR,234,0.0,2025-10-02,388683,831561471,K HUBO PS MOR,2025-10-02,Rap/Hip Hop|Latino,WEA Latina,234,140,single,12029862,Myke Towers,181,1703811
3346909081,Vaitimbora,135,0.0,2025-05-02,905208,750035131,Vaitimbora,2025-05-02,Electro,WEA France,135,6090,single,5355382,Trinix,49,92934
2864270462,Mar Azul,151,0.0,2024-07-05,423491,606939522,Mar Azul,2024-07-05,Dance|Latino,WEA Latina,151,186,single,4038501,Piso 21,95,2404231
2846448132,De Vuelta,167,0.0,2024-07-04,434701,601340092,GOTTI A,2024-07-04,Rap/Hip Hop|Latino,WEA Latina,2359,2038,album,49364062,Tiago PZK,87,272954
3284680131,BOTA UM FUNK,105,0.0,2025-04-03,642422,729586171,BOTA UM FUNK,2025-04-03,Musique brésilienne|Soul & Funk,WM Brazil,105,1910,single,50633822,PEDRO SAMPAIO,67,1749586
3779488512,RIDIN,120,0.0,2026-01-29,452222,899197042,RIDIN,2026-01-29,Rap/Hip Hop|Latino,WEA Latina,120,48,single,48947801,Tokischa,80,62086
2413441625,La Verde,181,0.0,2023-09-14,409597,476916235,La Verde,2023-09-14,Rap/Hip Hop|Latino,WEA Latina,181,204,single,5849210,Justin Quiles,156,960572
3399960051,MiuMiu,179,0.0,2025-06-12,367749,767606281,MiuMiu,2025-06-12,Pop|Latino,WEA Latina,179,142,single,4606399,Sofía Reyes,58,165835
1784521937,AEIOU,161,0.0,2022-06-23,537237,325919217,AEIOU,2022-06-23,Rap/Hip Hop|Latino,WEA Latina,161,867,single,5849210,Justin Quiles,156,960572
608410332,MIA,210,0.0,2018-12-23,897079,82541262,X 100PRE,2018-12-23,Latino,Rimas Entertainment LLC.,3230,183808,album,10583405,Bad Bunny,88,7982199
2758436071,ADIVINO,278,0.0,2024-04-25,720397,575521451,ADIVINO,2024-04-25,Dance|Latino,WEA Latina,278,3867,single,12029862,Myke Towers,181,1703811
2923626621,Soltera (W Sound 01),142,0.0,2024-08-06,592701,622108061,Soltera (W Sound 01),2024-08-06,Rap/Hip Hop|Latino,WEA Latina,142,698,single,167570077,W Sound,9,22656
3392864381,CUANDO,186,0.0,2025-06-02,386427,765153791,TRINIDAD BENDITA,2025-06-02,Rap/Hip Hop|Latino,WEA Latina,2206,1229,album,106632,Blessd,134,264498
1852557317,El Que Espera,170,0.0,2022-08-11,572926,343106277,El Que Espera,2022-08-11,Pop,WEA Latina,170,2130,single,4390053,Anitta,180,7401281
3661342592,Baby Boy,187,0.0,2025-11-21,757424,858382172,Destinée,2025-11-21,Musique africaine,Nakamura Industrie,2962,26962,album,8909272,Aya Nakamura,53,2707687
3264490391,Sometimes,178,0.0,2025-03-06,404075,722810321,GOTTI B,2025-03-06,Pop|Latino,WEA Latina,1116,971,ep,49364062,Tiago PZK,87,272954
3355060371,+ Perra + Bitch,198,0.0,2025-06-05,450302,752861431,INDÓMITA,2025-06-05,Latino,WM Mexico,2985,1871,album,6329,Belinda,43,726392
2206719237,Verano,195,0.0,2023-04-20,353368,421347227,Verano,2023-04-20,Rap/Hip Hop|Latino,WEA Latina,195,160,single,106632,Blessd,134,264498
2936419841,OTRA NOCHE (feat. Darell),224,0.0,2024-08-15,423510,625865801,OTRA NOCHE (feat. Darell),2024-08-15,Rap/Hip Hop|Latino,WEA Latina,224,255,single,12029862,Myke Towers,181,1703811
2967318041,HABLAME CLARO,155,0.0,2024-09-12,500193,635139021,HABLAME CLARO,2024-09-12,Rap/Hip Hop|Latino,WEA Latina,155,672,single,517429,Yandel,93,1809418
1958545857,PUNTO G,151,0.0,2022-11-04,687550,365108487,PUNTO G,2022-11-04,,Quevedo,151,1609,single,6705223,Quevedo,83,300774
2280580597,soso (with Ozuna),202,0.0,2023-05-18,614480,440589297,soso (with Ozuna),2023-05-18,Musique africaine,KeyQaad/Sire Records,202,1277,single,56094992,Omah lay,49,352036
2520386631,Piscina,225,0.0,2023-11-08,436097,506545911,Piscina,2023-11-08,Rap/Hip Hop|Latino,WEA Latina,225,704,single,14343187,Maria Becerra,76,379404
3439544421,Manos (I Like To Move It),123,0.0,2025-07-11,485362,781133851,Manos (I Like To Move It),2025-07-11,Pop|Latino,Parlophone (France),123,123,single,89792092,MIMAA,33,3303
2158691167,SUELTAS,163,0.0,2023-03-16,329409,409760977,SUELTAS,2023-03-16,Pop,WM Mexico,375,161,single,4038501,Piso 21,95,2404231
2787758622,El 100,178,0.0,2024-05-23,347804,583446162,El 100,2024-05-23,Pop,WEA Latina,178,150,single,4606399,Sofía Reyes,58,165835
3401560281,CELOS,165,0.0,2025-06-12,446624,768156131,Track 4 + Track 14,2025-06-12,Rap/Hip Hop|Latino,WEA Latina,299,186,single,48947801,Tokischa,80,62086
2618762972,Faldas y Gistros,179,0.0,2024-01-25,334055,534380272,Faldas y Gistros,2024-01-25,Rap/Hip Hop|Latino,WEA Latina,179,514,single,5849210,Justin Quiles,156,960572
1952987777,ULALA (OOH LA LA),188,0.0,2022-11-24,565353,364118617,ULALA (OOH LA LA),2022-11-24,Rap/Hip Hop|Latino,WEA Latina,188,1185,single,12029862,Myke Towers,181,1703811
1539306892,Envolver,193,0.0,2021-11-11,762006,269735002,Envolver,2021-11-11,Pop,WEA Latina,193,15768,single,4390053,Anitta,180,7401281
3240178571,VITAMINA,208,0.0,2025-02-27,694808,715196261,VITAMINA,2025-02-27,Rap/Hip Hop|Latino,WEA Latina,208,923,single,126833282,Jombriel,40,4167
2269250827,Me Enteré,182,0.0,2023-05-18,507418,437633197,Me Enteré,2023-05-18,Rap/Hip Hop|Latino,WEA Latina,182,964,single,49364062,Tiago PZK,87,272954
3992374071,Paris,165,0.0,2026-05-29,356260,972162161,La fille du Garage Perez,2026-05-29,Pop,Parlophone (France),1299,106,ep,89792092,MIMAA,33,3303
3173957511,Vitamina,157,0.0,2025-01-23,547855,694058811,Vitamina,2025-01-23,Pop,Atlantic Records,157,296,single,11443084,Danny Ocean,61,812649
3369319851,Si Las Gatas Se Amotinan (feat. DobleP) (Remix),210,0.0,2025-05-22,476693,757527811,Si Las Gatas Se Amotinan (feat. DobleP) (Remix),2025-05-22,,WM Chile,210,108,single,210508657,Peipper,55,1668
3698199672,VFC,168,0.0,2025-12-19,588054,871012362,VFC,2025-12-19,Pop|Latino,Parlophone (France),168,431,single,89792092,MIMAA,33,3303
2927662981,LA PRIMERA VEZ (feat. NTG),171,0.0,2024-08-08,313669,623108241,LA PRIMERA VEZ (feat. NTG),2024-08-08,Rap/Hip Hop|Latino,WEA Latina,171,1290,single,12029862,Myke Towers,181,1703811
2814867692,SOL,171,0.0,2024-05-30,481534,590855662,SOL,2024-05-30,Rap/Hip Hop|Latino,WEA Latina,171,178,single,48947801,Tokischa,80,62086
2404394345,BORRACHO Y LOCO,171,0.0,2023-09-21,442106,474567225,BORRACHO Y LOCO,2023-09-21,Rap/Hip Hop|Latino,WEA Latina,171,707,single,517429,Yandel,93,1809418
2319511545,CORAZÓN VACÍO,160,0.0,2023-06-22,424744,450805075,CORAZÓN VACÍO,2023-06-22,Rap/Hip Hop|Latino,WEA Latina,160,1132,single,14343187,Maria Becerra,76,379404
2350185445,Columbia,186,0.0,2023-07-07,727363,459659375,Columbia,2023-07-07,,Quevedo,186,2334,single,6705223,Quevedo,83,300774
2531743191,POCPOC,127,0.0,2023-11-23,703273,509641401,POCPOC,2023-11-23,Musique brésilienne,WM Brazil,127,4460,single,50633822,PEDRO SAMPAIO,67,1749586
2674307322,DESATAAA,197,0.0,2024-03-14,406119,551410852,CASSETTE 01,2024-03-14,Rap/Hip Hop|Latino,WEA Latina,1150,1264,ep,9477752,Ovy On The Drums,65,170032
373531191,Me Rehúso,205,104.93,2016-09-16,761612,43159701,Me Rehúso,2016-09-16,Pop,Atlantic Records,205,68049,single,11443084,Danny Ocean,61,812649
3079892761,Pa’ Qué Volviste?,192,0.0,2024-11-15,482724,666962911,Pa’ Qué Volviste?,2024-11-15,Latino,WEA Latina,192,210,single,1170312,Elena Rose,48,6187
2634521122,CASERIO,189,0.0,2024-03-07,327277,539244752,CASERIO,2024-03-07,Rap/Hip Hop|Latino,WEA Latina,189,202,single,517429,Yandel,93,1809418
2277223777,Wazap,199,0.0,2023-05-24,337084,439669747,Wazap,2023-05-24,,WM Mexico,199,111,single,144915422,Yng Lvcas,55,9379
2120686497,LLYLM,174,0.0,2023-01-27,741079,399696997,LLYLM,2023-01-27,Pop,Columbia,174,5843,single,554792,ROSALÍA,36,1056294
3327206341,Dime,161,0.0,2025-04-25,336360,743294041,Dime,2025-04-25,Pop,Parlophone (France),161,24,single,6414478,Lyana,13,352
2242406417,Nos comemos,191,0.0,2023-04-21,317826,430970097,Música Para Que Baile La Bebe,2023-04-21,Latino,Warner Music Group - X5 Music Group,4345,63,album,49364062,Tiago PZK,87,272954
3960297221,Mi amor,251,0.0,2025-07-04,335837,961369671,Mi amor,2025-07-04,Dance|Pop,Space Party,251,4,single,13791,DJ LBR,54,18050
2282544027,tqum,149,0.0,2023-05-25,388451,441064477,tqum,2023-05-25,Pop,WEA Latina,149,711,single,4606399,Sofía Reyes,58,165835
1038602462,"Fuego Del Calor (feat. Ozuna, Tyga & Capo Plaza)",196,0.0,2020-05-28,339489,164300302,"Fuego Del Calor (feat. Ozuna, Tyga & Capo Plaza)",2020-05-28,Pop|Latino,Atlantic Records,196,250,single,4403841,Scott Storch,20,2364
2045122487,PLAYA DEL INGLÉS,237,0.0,2022-12-15,686866,382414087,PLAYA DEL INGLÉS,2022-12-15,,WM Spain,237,1528,single,6705223,Quevedo,83,300774
2067040937,Whiskey y Coco,186,0.0,2023-01-12,502131,385967737,Whiskey y Coco,2023-01-12,Rap/Hip Hop|Latino,WEA Latina,186,639,single,5849210,Justin Quiles,156,960572
3272098661,TE CANTO BAJITO,178,0.0,2025-03-18,432753,725250451,TE CANTO BAJITO,2025-03-18,Rap/Hip Hop|Latino,WEA Latina,178,548,single,106632,Blessd,134,264498
2160302277,En Bajita,209,0.0,2023-03-16,418003,410166787,En Bajita,2023-03-16,Rap/Hip Hop|Latino,WEA Latina,593,421,single,5849210,Justin Quiles,156,960572
2159990427,MI DROGA,163,0.0,2023-03-23,420417,410083687,LA VIDA ES UNA,2023-03-23,Rap/Hip Hop|Latino,WEA Latina,4382,9122,album,12029862,Myke Towers,181,1703811
2268131047,VUELA,193,0.0,2023-05-24,336771,437372237,VUELA,2023-05-24,Rap/Hip Hop|Latino,WEA Latina,193,88,single,9477752,Ovy On The Drums,65,170032
2294910995,Diabla,170,0.0,2023-06-09,350822,444760245,Diabla,2023-06-09,Pop,Hottaprod,170,51,single,6928727,Shad Hottaboy,8,2073
2123446907,T'as peur,215,0.0,2023-01-27,533200,400388367,DNK,2023-01-27,R&B,Rec. 118,2508,53739,album,8909272,Aya Nakamura,53,2707687
1482418942,Mal de Amores,188,0.0,2021-09-10,472770,255939352,Mal de Amores,2021-09-10,Pop,WEA Latina,188,2499,single,4606399,Sofía Reyes,58,165835
2326322355,BILLBOARD,234,0.0,2023-06-28,353293,453019105,BILLBOARD,2023-06-28,Rap/Hip Hop|Latino,WEA Latina,427,239,single,9477752,Ovy On The Drums,65,170032
3397984611,Ma Luna,139,0.0,2025-06-13,366581,766933391,Ma Luna,2025-06-13,Pop,Parlophone (France),139,48,single,207456147,Léa Zelia,7,1644
2336806375,ASQUEROSO,159,0.0,2023-07-13,301905,456018175,ASQUEROSO,2023-07-13,Rap/Hip Hop|Latino,WEA Latina,159,112,single,49364062,Tiago PZK,87,272954
1684955437,ROMANCE,180,0.0,2022-04-01,348051,302781137,ROMANCE,2022-04-01,Rap/Hip Hop|Latino,WM Italy,180,243,single,4077892,Fred De Palma,49,90832
791449262,X,172,179.76,2019-11-01,801136,116943052,Intimo,2019-11-01,Rap/Hip Hop,Sony Music Latin,2753,19676,album,15691,Nicky Jam,124,6428476
457086912,"1, 2, 3 (feat. Jason Derulo & De La Ghetto)",201,95.04,2018-02-16,732672,56225122,"1, 2, 3 (feat. Jason Derulo & De La Ghetto)",2018-02-16,Pop,WEA Latina,201,31546,single,4606399,Sofía Reyes,58,165835
2156158667,Tormenta (feat. Bad Bunny),193,0.0,2023-02-24,646629,409107027,Cracker Island,2023-02-24,Alternative,Parlophone UK,2246,26134,album,14,Gorillaz,92,3013309
3177942751,"ACEITE DE COCO (feat. Ryan Castro, De La Ghetto, Darell, Sahir, Hades66, Kris R.)",401,0.0,2025-01-13,391665,695330121,"ACEITE DE COCO (feat. Ryan Castro, De La Ghetto, Darell, Sahir, Hades66, Kris R.)",2025-01-13,Rap/Hip Hop|Latino,WEA Latina,401,465,single,106632,Blessd,134,264498
1286911582,Tiroteo (Remix),321,0.0,2021-04-01,700376,217695992,Tiroteo (Remix),2021-04-01,Rap/Hip Hop|Latino,WEA Latina,321,4364,single,50178832,Marc Segui,9,9031
1506996362,El Incomprendido,267,0.0,2021-09-30,546373,261956092,El Incomprendido,2021-09-30,Electro|Rap/Hip Hop,Sony Music Latin,267,1563,single,614223,Farruko,297,3308551
1501976292,Tú no me conoces,149,0.0,2021-09-30,439588,260715672,Tú no me conoces,2021-09-30,Pop,Atlantic Records,149,1146,single,11443084,Danny Ocean,61,812649
1958684627,Luna,148,0.0,2022-11-10,338879,365130557,Luna,2022-11-10,Pop,WEA Latina,148,170,single,4606399,Sofía Reyes,58,165835
1591244852,"La Pared 720 (feat. Justin Quiles, Brray)",276,0.0,2022-01-06,369758,280458862,"La Pared 720 (feat. Justin Quiles, Brray)",2022-01-06,Rap/Hip Hop|Latino,WEA Latina,276,774,single,7208392,Lenny Tavarez,127,1040365
574955,Summertime,207,168.1,2005-11-07,305983,74356,The Road And The Radio,2005-11-06,Country|Pop|Pop internationale|Rock,BNA Records Label,2792,2621,album,347,Kenny Chesney,51,328737
1116037872,She's Country,220,172.27,2009-04-07,25110,901429402,Wide Open,2009-04-07,Country,Broken Bow Records,2768,285,album,7830,Jason Aldean,42,400703
5148996,Redneck Woman,215,92.5,2010-01-19,450481,472670,Greatest Hits,2010-01-18,Country,Columbia Nashville,2338,1812,album,5608,Gretchen Wilson,39,23316
7511318,Not Ready to Make Nice,238,168.1,2010-10-26,473108,692641,The Essential The Chicks,2010-09-24,Country,Columbia/Legacy,6112,11928,album,281865,The Chicks,14,114016
3959004,Welcome to the Future,351,141.6,2009-06-30,243063,369620,American Saturday Night,2009-06-25,Country,Arista Nashville,3735,4462,album,2554,Brad Paisley,47,335358
15589182,Gunpowder & Lead (Album),192,187.9,2007-05-01,362986,1440962,Crazy Ex-Girlfriend,2007-05-01,Country,Columbia Nashville,2423,5150,album,5057,Miranda Lambert,52,305758
533980,It's Five O'Clock Somewhere,229,0.0,2003-10-09,569305,71100,Greatest Hits Volume II,2003-10-09,Country,Arista Nashville,5573,10588,album,517,Alan Jackson,48,470576
3359776,Better Life,280,104.9,2007-11-20,350752,319749,Greatest Hits,2007-11-20,Country,Capitol Nashville,4502,13460,album,3249,Keith Urban,61,398999
2282494,Our Song,203,178.2,2008-10-04,535517,227786,Taylor Swift (Deluxe Edition),2008-10-04,Country,Taylor Swift,3243,93717,album,12246,Taylor Swift,123,12713281
881404,As Good As I Once Was,229,118.8,2008-05-06,519053,100093,Toby Keith 35 Biggest Hits,2008-01-01,Country,Show Dog Nashville,5519,6783,album,7524,Toby Keith,51,220450
2288441,I Hope You Dance,294,151.4,2004-05-04,395894,228332,Greatest Hits,2004-01-01,Country,MCA Nashville,3073,1102,album,2313,Lee Ann Womack,26,37492
7282823,19 Somethin',200,179.8,2007-03-13,270392,672177,The Definitive Collection,2007-03-13,Country,Mercury Nashville,4041,293,album,13609,Mark Wills,20,4589
4210964,Ain't Nothing 'Bout You,199,101.1,2009-09-08,351214,392229,#1s ... and then some,2009-09-08,Country,Arista Nashville,5469,4415,album,4770,Brooks & Dunn,22,199758
75766544,Live Like You Were Dying,300,160.2,2010-11-30,390493,7505767,Number One Hits,2010-11-30,Country,Curb Records,5879,5462,album,333,Tim McGraw,42,378901
2306562,Have You Forgotten?,240,160.2,2003-04-29,259271,229816,Have You Forgotten?,2003-04-29,Country,Dreamworks Nashville,3575,389,album,15361,Darryl Worley,28,2118
959799,The Good Stuff,200,143.6,2002-04-02,288300,107585,"No Shoes, No Shirt, No Problems",2002-04-02,Country|Pop|Pop internationale|Rock,BNA Records Label,2962,2241,album,347,Kenny Chesney,51,328737
881397,Beer For My Horses,204,119.2,2008-05-06,444224,100093,Toby Keith 35 Biggest Hits,2008-01-01,Country,Show Dog Nashville,5519,6783,album,7524,Toby Keith,51,220450
3359788,Somebody Like You,323,110.8,2007-11-20,441100,319749,Greatest Hits,2007-11-20,Country,Capitol Nashville,4502,13460,album,3249,Keith Urban,61,398999
3577377,Songs About Rain,265,121.6,2007-07-19,254726,338207,See If I Care,2003-09-29,Country,MCA Nashville,2443,417,album,325,Gary Allan,29,34131
4210979,Play Something Country,196,115.2,2009-09-08,354507,392229,#1s ... and then some,2009-09-08,Country,Arista Nashville,5469,4415,album,4770,Brooks & Dunn,22,199758
629407,Drive (For Daddy Gene),241,125.3,2002-01-15,508851,78626,Drive,2002-01-11,Country,Arista Nashville,2964,3381,album,517,Alan Jackson,48,470576
2680831,Mississippi Girl (2007 Remaster),232,168.1,2007-06-11,245122,259787,The Hits,2007-06-11,Country,Warner Records/Nashville,3538,7982,album,1459,Faith Hill,15,186545
90944585,Before He Cheats,199,148.2,2014-12-09,703319,9223095,Greatest Hits: Decade #1,2014-12-09,Country,19 Recordings Limited / Arista Nashville,6014,20481,album,4388,Carrie Underwood,40,516323
128846783,Hurt,216,90.87,2013-01-15,806548,13619731,American IV: The Man Comes Around,2013-01-15,Country,American Recordings Catalog P&D,3105,39740,album,405,Johnny Cash,167,1821788
3020136781,Wagon Wheel,232,0.0,2004-02-24,573660,649157311,O.C.M.S.,2004-01-17,Country,Old Crow Medicine Show,2168,360,album,6000,Old Crow Medicine Show,33,18180
1459926142,Baby Girl,252,0.0,2021-08-15,288325,250692772,I'm A Single Mom Who Works Two Jobs,2021-08-15,Country,UME - Global Clearing House,2119,35,album,8654,Sugarland,19,76971
629411,This One's for the Girls,243,126.8,2003-09-30,294454,78627,Martina,2003-09-30,Country,RCA Records Label Nashville,2713,987,album,3242,Martina McBride,26,100080
3430653,Don't Think I Don't Think About It,183,149.8,2008-09-16,318994,325631,Learn To Live,2008-09-16,Country,Capitol Nashville,2609,2228,album,243201,Darius Rucker,32,140019
2282484,Tim McGraw,234,152.0,2008-10-04,450560,227786,Taylor Swift (Deluxe Edition),2008-10-04,Country,Taylor Swift,3243,93717,album,12246,Taylor Swift,123,12713281
785125,Save a Horse (Ride a Cowboy),200,102.1,2004-04-20,571407,91897,Horse of a Different Color,2004-04-20,Country,Warner Records/Nashville,3337,1808,album,7739,Big & Rich,22,31657
624955,It's A Great Day To Be Alive,242,129.2,2000-10-01,452143,78351,Down The Road I Go,2000-10-01,Country,Columbia Nashville,2548,1742,album,66251,Travis Tritt,28,74387
14404287,Mud on the Tires,208,185.4,2003-01-01,411849,1321143,Mud On The Tires,2003-07-21,Country,Arista Nashville,3786,5851,album,2554,Brad Paisley,47,335358
13201655,You Won't Be Lonely Now (Album Version),232,153.7,2000-10-12,83766,1210690,Southern Rain,2000-10-16,Country,Monument,2526,334,album,14440,Billy Ray Cyrus,44,109386
396541382,Smoke A Little Smoke,191,97.05,2017-08-25,409227,46578632,Carolina,2017-08-25,Country,Capitol Nashville,2817,962,album,243606,Eric Church,60,256046
595160,Kerosene,186,126.8,2005-01-25,311562,76068,Kerosene,2005-01-25,Country,Epic,2792,4992,album,5057,Miranda Lambert,52,305758
3535318,Boondocks,272,175.9,2008-08-19,372699,334726,The Road To Here,2008-08-19,Country,Capitol Nashville,3140,1714,album,7796,Little Big Town,46,135985
7485440,My Medicine (Album Version Explicit),159,0.0,2008-03-10,412114,690154,Ego Trippin' (International iTunes Version),2008-03-10,Rap/Hip Hop,Geffen,5334,5155,album,3,Snoop Dogg,210,7956077
3183567,Honky Tonk Badonkadonk,240,114.8,2005-03-22,428910,305535,Songs About Me,2005-03-22,Country,Capitol Nashville,2434,1309,album,12803,Trace Adkins,44,98472
1488795132,Chicken Fried,238,0.0,2008-11-17,605841,257437072,The Foundation,2008-11-17,Country,Home Grown Music,2554,2831,album,210016,Zac Brown Band,45,324987
2673772,Boots On,171,112.0,2008-11-18,288868,259201,Anything Goes,2008-01-01,Country,Show Dog Universal Music,2472,608,album,158681,Randy Houser,22,47725
5610134,Yes!,201,126.4,2000-04-21,267381,512306,Yes!,2000-04-21,Country,Warner Records/Nashville,2172,131,album,253514,Chad Brock,5,285
5902858,Need You Now,235,108.0,2010-05-07,742669,536872,Need You Now,2010-05-07,Country,Capitol Nashville,2818,33298,album,97638282,Lady A,36,609710
4307896,The Climb,236,160.9,2009-10-26,736099,400733,The Time Of Our Lives (International Version),2009-10-16,Pop,Hollywood Records,1816,84724,ep,12436,Miley Cyrus,61,7234470
2314837,Ashes By Now,251,107.9,2001-06-18,173209,230541,I Hope You Dance,2001-06-07,Pop,MCA Nashville,2851,976,album,2313,Lee Ann Womack,26,37492
531988,Beautiful Mess,227,88.5,2007-07-24,290770,70964,16 Biggest Hits,2007-07-24,Country,RLG/Legacy,3270,675,album,4769,Diamond Rio,24,11806
107650992,Austin,230,119.8,2015-09-18,359932,11223430,Austin,2015-09-18,Country,Warner Records,230,1259,single,8638,Blake Shelton,78,736377
965407,I Lost It,233,138.7,2000-09-25,245440,107863,Greatest Hits,2000-09-26,Country,BNA Records Label,3769,2918,album,347,Kenny Chesney,51,328737
128948754,Life is a Highway,275,103.1,2016-07-22,789752,13632934,Cars (Original Motion Picture Soundtrack),2016-07-22,Films/Jeux vidéo|Musiques de films,Walt Disney Records,3130,9668,album,315,Rascal Flatts,45,234968
4220191,The House That Built Me,236,162.1,2009-09-24,376254,393048,Revolution,2009-09-24,Country,Columbia Nashville,3053,6503,album,5057,Miranda Lambert,52,305758
964685,Concrete Angel,252,156.0,2001-09-17,294001,107851,Greatest Hits,2001-09-17,Country,RCA Records Label Nashville,4091,3084,album,3242,Martina McBride,26,100080
1110152132,Forever After All,232,0.0,2020-10-23,615222,179786022,What You See Ain't Always What You Get (Deluxe Edition),2020-10-23,Country,River House Artists/Columbia Nashville,4877,4753,album,9626504,Luke Combs,42,362470
1714552247,Something in the Orange,228,0.0,2022-04-22,657100,309717407,Something in the Orange,2022-04-22,Country,Warner Records,482,1808,single,71855892,Zach Bryan,38,122536
1070310902,7 Summers,210,0.0,2020-09-04,8817,767002421,7 Summers,2020-09-04,Country,Morgan Wallen,210,39,single,7188840,Morgan Wallen,42,300221
2864454682,Country's Cool Again,218,0.0,2024-08-23,8848,902117552,Whirlwind,2024-08-23,Country,Broken Bow Records,3107,301,album,6303698,Lainey Wilson,34,55646
1332676982,Love Story (Taylor’s Version),235,0.0,2021-04-09,720740,221543452,Fearless (Taylor's Version),2021-04-09,Country,Taylor Swift,6139,71882,album,12246,Taylor Swift,123,12713281
2729273551,A Bar Song (Tipsy),171,0.0,2024-04-12,893881,566698421,A Bar Song (Tipsy),2024-04-12,Country,American Dogwood / EMPIRE,171,3223,single,6853437,Shaboozey,36,67324
2853023522,Cowboys Cry Too (with Noah Kahan),230,0.0,2024-06-28,469589,603565452,Cowboys Cry Too (with Noah Kahan),2024-06-28,Country,Black River Entertainment,230,385,single,6004814,Kelsea Ballerini,46,66210
2836098002,Mind Of A Country Boy,196,0.0,2024-06-14,428684,597920802,Mind Of A Country Boy,2024-06-14,Country,Capitol Records Nashville,1547,459,ep,242132,Luke Bryan,66,622490
2826221322,How Far Will We Take It?,172,0.0,2024-08-02,426509,594706162,Stampede,2024-05-10,Country,Warner Records,3030,1981,album,13697813,Orville Peck,23,15391
3080915821,Somethin' 'Bout A Woman,207,0.0,2024-11-15,533165,667155651,Somethin' 'Bout A Woman,2024-11-15,Pop,The Valory Music Co.,207,493,single,2021921,Thomas Rhett,59,181175
2873695002,Boots Don't,148,0.0,2024-07-19,387524,610094292,Twisters: The Album,2024-07-19,Country,Atlantic Records,4769,2834,album,301881501,Shania Twain,2,26
3266878181,Night Rider,198,0.0,2025-03-14,302903,723602171,Lonesome Drifter,2025-03-14,Country,Charley Crockett PS/ Island,2285,606,album,7842330,Charley Crockett,53,6146
2968953971,Homewrecker,195,0.0,2024-09-03,378476,635606531,Homewrecker,2024-09-03,Singer & Songwriter,Assemble Sound / Atlantic,870,233,ep,141296342,Willow Avalon,24,2242
2814830342,Pink Skies,194,0.0,2024-05-24,777353,590846582,Pink Skies,2024-05-24,Country,Warner Records,194,1043,single,71855892,Zach Bryan,38,122536
2851395852,TRUCK BED,167,0.0,2023-04-12,497289,603068992,the mockingbird & THE CROW,2023-04-12,Country,Big Loud,3657,295,album,405567,Hardy,43,33392
2175514217,Out Of That Truck,177,0.0,2023-03-10,433083,413834397,Out Of That Truck,2023-03-10,Country,Capitol Nashville,177,282,single,4388,Carrie Underwood,40,516323
2786135332,Ain't No Love In Oklahoma (From Twisters: The Album),210,0.0,2024-05-16,662676,582999792,Ain't No Love In Oklahoma (From Twisters: The Album),2024-05-16,Country,Atlantic Records,210,957,single,9626504,Luke Combs,42,362470
3036566481,I Am Not Okay,198,0.0,2024-10-11,593062,653991891,Beautifully Broken,2024-10-11,Country,BBR Music Group/Jelly Roll,3888,1272,album,613934,Jelly Roll,57,227473
2851015362,you look like you love me,224,0.0,2024-06-21,724779,602947762,you look like you love me,2024-06-21,Country,SAWGOD/Columbia,224,535,single,14867123,Ella Langley,28,27739
2780753191,I Had Some Help,178,0.0,2024-05-10,786310,581268421,I Had Some Help,2024-05-10,Country,Mercury Records/Republic Records,178,3753,single,7543848,Post Malone,41,4198378
2305066675,Pretty Little Poison,218,0.0,2023-08-10,531382,447702275,Pretty Little Poison,2023-08-25,Country,Warner Records,2664,865,album,117467152,Warren Zeiders,55,32290
1735533037,Like I Love Country Music,234,0.0,2022-05-06,539260,314716997,Like I Love Country Music,2022-05-06,Country|Pop,RCA Records Label Nashville,234,587,single,827425,Kane Brown,65,254080
1469911252,'Til You Can't,224,0.0,2021-10-08,583843,252978642,Human The Double Album,2021-10-08,Country,CoJo Music/Warner Records Nashville,3705,2532,album,883421,Cody Johnson,50,62570
1058975412,Starting Over,240,0.0,2020-08-27,577375,168823872,Starting Over,2020-08-27,Country,Mercury Nashville,240,760,single,343290,Chris Stapleton,24,327112
764611532,The Bones (with Hozier),197,0.0,2019-10-04,481299,112919072,The Bones (with Hozier),2019-10-04,Country|Alternative|Pop Indé|Rock indé|Pop|Rock|Folk,Columbia Nashville,197,1668,single,393541,Maren Morris,46,82206
767240892,"10,000 Hours",167,179.76,2019-10-04,566198,113277362,"10,000 Hours",2019-10-04,Country|Pop,Warner Records Nashville,167,10452,single,5112746,Dan + Shay,52,125799
706190802,I Hope,209,149.8,2019-01-25,514068,102307222,I Hope,2019-01-25,Country,Warner Records Nashville,209,988,single,4554677,Gabby Barrett,35,18743
802272372,What If I Never Get Over You,206,0.0,2019-11-15,415423,118370682,Ocean,2019-11-15,Country,BMLG Records,2855,5080,album,97638282,Lady A,36,609710
1195937882,Wasted On You,178,0.0,2021-01-08,10102,767572651,Dangerous: The Double Album,2021-01-08,Country,Morgan Wallen,4772,593,album,7188840,Morgan Wallen,42,300221
2786174722,Hang Tight Honey,189,0.0,2024-05-13,21979,897288682,Hang Tight Honey,2024-05-13,Country,Broken Bow Records,189,17,single,6303698,Lainey Wilson,34,55646
2824391692,Drink Don't Need No Mix,133,0.0,2024-05-31,452777,594079172,"Where I've Been, Isn't Where I'm Going",2024-05-31,Country,American Dogwood / EMPIRE,2290,6743,album,6853437,Shaboozey,36,67324
1469060782,GOOD TIME,215,0.0,2021-08-27,425697,252799712,GOOD TIME,2021-08-27,Country,RCA Records Label Nashville,2587,1189,album,6785473,Niko Moon,32,2517
3042275231,Indigo (feat. Avery Anna),286,0.0,2024-11-01,654580,655628331,Restless Mind,2024-11-01,Country,Lockeland Springs/Atlantic,5046,1350,album,84776892,Sam Barber,24,11893
2801324062,Wind Up Missin’ You,166,0.0,2024-05-15,527573,586738022,Wind Up Missin’ You,2024-05-15,Country,Tucker Wetmore,166,175,single,78063622,Tucker Wetmore,15,4349
2769846461,Miles On It,168,0.0,2024-05-03,661521,579025561,Miles On It,2024-05-03,Country|Pop,RCA Records Label Nashville,168,1173,single,7890702,Marshmello,184,3106964
2070334367,Memory Lane,172,0.0,2023-01-05,506699,386773697,Memory Lane,2023-01-05,Country,"Three Up Three Down, LLC/Columbia Nashville",172,205,single,2018491,Old Dominion,33,67696
1352360652,What’s Your Country Song,171,0.0,2021-04-30,433918,225079132,Country Again (Side A),2021-04-30,Country,The Valory Music Co.,2038,1628,album,2021921,Thomas Rhett,59,181175
2851908782,Pour Me A Drink,195,0.0,2024-06-21,636519,603281092,Pour Me A Drink,2024-06-21,Country,Mercury Records/Post Malone,195,1320,single,7543848,Post Malone,41,4198378
2832264262,High Road,178,0.0,2024-06-07,570867,596878112,High Road,2024-06-07,Country,Columbia,178,176,single,10796312,Koe Wetzel,34,9852
2867637892,28,233,0.0,2024-07-04,11640,675176781,It's Not a Bad Day,2024-11-27,Pop,Warner Music Group - X5 Music Group,4880,2,album,71855892,Zach Bryan,38,122536
2299665175,Save Me (with Lainey Wilson),237,0.0,2023-06-02,7800,903822132,Whitsitt Chapel,2023-06-02,Country,Stoney Creek Records,2607,602,album,613934,Jelly Roll,57,227473
1550966562,I Bet You Think About Me (Taylor's Version) (From The Vault),285,0.0,2021-11-12,497365,272247412,Red (Taylor's Version),2021-11-12,Pop,Taylor Swift,6225,90467,album,12246,Taylor Swift,123,12713281
2194033397,Fast Car,265,0.0,2023-03-24,769849,418219027,Gettin' Old,2023-03-24,Country,River House Artists/Columbia Nashville,3951,9396,album,9626504,Luke Combs,42,362470
1750363227,You Proof,157,0.0,2022-05-13,10027,767042891,You Proof,2022-05-13,Country,Morgan Wallen,157,81,single,7188840,Morgan Wallen,42,300221
1767917347,Rock and A Hard Place,207,0.0,2022-06-10,520621,322347097,Rock and A Hard Place,2022-06-10,Country,Warner Records Nashville/Elektra,207,326,single,121545492,Bailey Zimmerman,32,54094
2417266335,I Remember Everything (feat. Kacey Musgraves),227,0.0,2023-08-25,704703,477835645,Zach Bryan,2023-01-27,Country,Warner Records,3257,7261,album,71855892,Zach Bryan,38,122536
2175514237,Outskirts,182,0.0,2023-03-10,457340,413834417,Outskirts,2023-03-10,Country,MCA Nashville,182,274,single,4575675,Sam Hunt,33,260794
2019257877,Tennessee Orange,223,0.0,2022-09-02,522017,376112007,Tennessee Orange,2022-09-02,Country,Columbia Nashville/Columbia Records,223,287,single,122856502,Megan Moroney,32,10909
2767130431,Wranglers,178,0.0,2024-05-03,403560,578387861,Wranglers,2024-05-03,Country,Republic Records,178,79,single,5057,Miranda Lambert,52,305758
1673774997,All The Good Times,277,0.0,2022-06-03,365595,300000267,Big Time,2022-06-03,Alternative,Jagjaguwar,2808,7771,album,614909,Angel Olsen,33,32017
1863873527,Dancin’ In The Country,179,0.0,2022-08-19,433135,345758657,Dancin' In The Country,2022-08-19,Country,EMI Nashville,1126,292,ep,4434338,Tyler Hubbard,23,11344
2637699422,Sounds Like the Radio,218,0.0,2024-04-05,383850,540211472,Cold Beer & Country Music,2024-04-05,Country,Leo33,2396,1030,album,129324502,Zach Top,24,6569
1786183077,The Kind of Love We Make,224,0.0,2022-06-17,642034,326212507,The Kind of Love We Make,2022-06-17,Country|Rock,River House Artists/Columbia Nashville,224,687,single,9626504,Luke Combs,42,362470
1415467802,Am I The Only One,269,0.0,2021-07-02,361125,239937862,Am I The Only One,2021-07-02,Country,The Valory Music Co.,538,397,single,419109,Aaron Lewis,17,29771
1483550112,Fancy Like,161,0.0,2021-09-10,548345,256190452,Fancy Like (feat. Kesha),2021-09-10,Country|Pop,Monument Records,323,544,single,398476,Walker Hayes,33,55944
1345161962,Somehow You Do (From The Motion Picture Four Good Days),237,0.0,2021-04-23,339874,223234952,Somehow You Do (From The Motion Picture Four Good Days),2021-04-23,Country,"Rockin' R Records, LLC",237,202,single,7503,Reba McEntire,101,149613
1445776782,Beers On Me,175,0.0,2021-07-29,423771,247354172,Beers On Me,2021-07-29,Country,Capitol Records Nashville,175,311,single,332,Dierks Bentley,40,202655
1366913642,I Wanna Remember (feat. Carrie Underwood),213,0.0,2021-05-20,324179,228737312,I Wanna Remember (feat. Carrie Underwood),2021-05-20,Rock,Elektra (NEK),213,123,single,64337,NEEDTOBREATHE,102,46556
1365935392,Mood Ring,189,0.0,2021-05-14,193131,228455112,Mood Ring,2021-05-14,Country,Mercury Nashville,189,88,single,6047468,Maddie & Tae,36,35335
1352235412,Wings,264,0.0,2021-04-30,383425,225045372,Jackson Dean,2021-04-30,Country,"Big Machine Records, LLC",1059,365,ep,10168310,Jackson Dean,30,1709
1332060482,Bunch Of Nothing,209,0.0,2021-04-16,306198,221498602,Heart,2021-04-16,Country,EMI Music Nashville (ERN),1884,868,album,243606,Eric Church,60,256046
1419236072,New Truck,174,0.0,2021-07-23,407746,240854582,New Truck,2021-07-23,Country,Curb Records,174,179,single,1996541,Dylan Scott,55,23772
1405397442,Where the Country Girls At,210,0.0,2021-06-25,398358,237481002,Where the Country Girls At,2021-06-25,Country|Pop,Verge Records Nashville,210,436,single,12803,Trace Adkins,44,98472
1449964172,Famous Friends,166,0.0,2021-08-06,452006,248272962,Famous Friends,2021-08-06,Country,RCA Records Label Nashville,2593,892,album,166984,Chris Young,38,186059
1287176572,Where Have You Gone,287,0.0,2021-04-02,322955,217764852,Where Have You Gone,2021-04-02,Country,EMI Records Nashville,746,535,single,517,Alan Jackson,48,470576
1360999542,Body Language (feat. The Swon Brothers),169,0.0,2021-05-21,302711,227199472,Body Language,2021-05-21,Country,Warner Records Nashville,2299,1566,album,8638,Blake Shelton,78,736377
1240659332,Set In Stone,184,0.0,2021-05-07,426736,206936122,Set In Stone,2021-05-07,Country,Big Noise Music Group,2450,421,album,66251,Travis Tritt,28,74387
1372182682,Buy Dirt,167,0.0,2021-05-21,555561,230125762,Buy Dirt,2021-05-21,Country,MCA Nashville,1318,1089,ep,1140313,Jordan Davis,63,56660
1421631082,Beers And Sunshine (Summer Mix),179,0.0,2021-07-09,352628,241444192,Beers And Sunshine (Summer Mix),2021-07-09,Country,Capitol Records Nashville,179,88,single,243201,Darius Rucker,32,140019
1235165962,Things a Man Oughta Know,203,0.0,2021-02-19,8938,902076522,Sayin’ What I’m Thinkin’,2021-02-19,Country,Broken Bow Records,2279,193,album,6303698,Lainey Wilson,34,55646
1306431402,Cruise,209,0.0,2021-04-09,336259,219772352,Car Songs,2021-04-09,Pop,UME - Global Clearing House,5206,302,album,2144511,Florida Georgia Line,38,340400
1614081222,Country Girl (Shake It For Me),225,106.01,2022-01-13,597246,285706922,Country Mega Hits 2022,2022-01-13,Country,UME - Global Clearing House,5379,648,album,242132,Luke Bryan,66,622490
504533172,Beautiful Crazy,193,102.59,2018-06-01,629839,64418622,This One's for You Too (Deluxe Edition),2018-06-01,Country|Pop,River House Artists/Columbia Nashville,3565,11838,album,9626504,Luke Combs,42,362470
134950894,Die A Happy Man,228,166.04,2016-10-28,515432,14400688,Tangled Up (Deluxe),2016-10-28,Country,"The Valory Music Co., LLC",3646,2701,album,2021921,Thomas Rhett,59,181175
98975170,Tennessee Whiskey,293,152.0,2015-05-04,795848,10127538,Traveller,2015-05-05,Country,Mercury Nashville,3783,34201,album,343290,Chris Stapleton,24,327112
125971813,My Church,197,153.69,2016-06-03,434395,13257357,HERO,2016-06-03,Country,Columbia Nashville,2268,2938,album,393541,Maren Morris,46,82206
7474195,Mean,237,164.1,2010-10-25,377990,689148,Speak Now,2010-10-25,Pop,Taylor Swift,4015,73016,album,12246,Taylor Swift,123,12713281
132200828,Forever Country,242,0.0,2016-09-16,504421,14048508,Forever Country,2016-09-16,Country,CMA Compilation,242,926,single,11026630,"Artists Of Then, Now & Forever",1,799
654789872,God's Country,205,140.15,2019-03-29,544950,91554622,God's Country,2019-03-29,Country,Warner Records,205,3565,single,8638,Blake Shelton,78,736377
699056192,Old Town Road (feat. Billy Ray Cyrus) (Remix),157,0.0,2019-06-21,773691,100896762,7,2019-06-21,Alternative,Columbia,1120,77911,ep,15166511,Lil Nas X,37,1727616
943400002,Beer Never Broke My Heart,187,0.0,2019-11-08,578276,144792382,What You See Is What You Get,2019-11-08,Country,River House Artists/Columbia Nashville,3778,4648,album,9626504,Luke Combs,42,362470
394754032,Cowboys and Angels,227,148.19,2012-08-21,25312,900631432,Dustin Lynch,2012-08-21,Country,Broken Bow Records,2642,58,album,1570549,Dustin Lynch,38,79586
425675002,The Joke,279,151.44,2017-11-13,480964,51184482,The Joke,2017-11-13,Singer & Songwriter,Low Country Sound/Elektra,279,441,single,3904,Brandi Carlile,53,51602
482643382,Slow Burn,247,148.19,2018-03-30,623677,60649622,Golden Hour,2018-03-30,Country,Lost Highway/IGA,2746,18654,album,399990,Kacey Musgraves,30,77258
104102548,The Bird Hunters,311,148.19,2015-09-18,297953,10829400,The Turnpike Troubadours,2015-09-18,Country,Bossier City Records,2668,731,album,647557,Turnpike Troubadours,20,7753
124936978,Dust in a Baggie,174,0.0,2016-06-10,425969,13131528,Billy Strings - EP,2016-06-10,Country,Billy Strings,1181,900,ep,7048799,Billy Strings,34,10288
89489819,Pray to Jesus,202,178.2,2014-11-05,249202,9060759,12 Stories,2014-11-05,Country,Warner Records,2536,988,album,4493493,Brandy Clark,30,7627
65280368,Follow Your Arrow,201,98.0,2013-03-19,423856,6398248,Same Trailer Different Park,2013-03-18,Country,Lost Highway/IGA,2413,7968,album,399990,Kacey Musgraves,30,77258
12821102,Springsteen,263,103.9,2011-07-22,491383,1176243,Chief,2017-08-25,Country,EMI Records Nashville,2378,6110,album,243606,Eric Church,60,256046
75767115,Love Like Crazy,217,157.2,2010-06-08,355371,7505813,Love Like Crazy,2010-06-08,Country,Curb Records,2639,1798,album,393469,Lee Brice,51,150750
394753602,Runnin' Outta Moonlight,193,172.27,2013-01-22,8810,901449652,How Country Feels,2013-01-22,Country,Stoney Creek Records,3390,191,album,158681,Randy Houser,22,47725
1252577802,Just Fishin',210,0.0,2021-02-27,295105,209600752,Trace 25: Still Dreamin' Out Loud,2021-02-27,Country,UME - Global Clearing House,1964,226,album,12803,Trace Adkins,44,98472
1140854302,Highway Don't Care,278,157.8,2020-11-20,451912,186071892,McGraw Machine Hits: 2013-2019,2020-11-20,Country,"Big Machine Records, LLC",3255,2009,album,333,Tim McGraw,42,378901
727739202,Gimmie That Girl,185,162.13,2019-08-09,245099,106652882,Country Summer Sounds,2019-08-09,Country,UME - Global Clearing House,5891,65,album,7798,Joe Nichols,33,36887
653790522,Crazy Girl (Single Version),202,150.89,2019-03-29,392170,91338972,This Is Eli Young Band: Greatest Hits,2019-03-29,Country,The Valory Music Co.,3078,665,album,133171,Eli Young Band,34,43264
87936875,Leave The Night On,194,172.3,2014-10-27,363375,8880061,Montevallo,2014-10-27,Country,MCA Nashville,2314,13119,album,4575675,Sam Hunt,33,260794
72517596,This Is How We Roll,222,132.1,2013-11-25,477316,7129575,Here's To The Good Times...This Is How We Roll,2013-11-25,Country,Big Machine Label Group,3696,6712,album,2144511,Florida Georgia Line,38,340400
92591592,Take A Back Road,208,0.0,2015-02-03,384168,9397126,Greatest Hits,2015-02-03,Country,Curb Records,2516,1968,album,7789,Rodney Atkins,31,43332
99699210,Bottoms Up,219,170.1,2015-05-18,869,66277432,Just As I Am (Platinum Edition),2015-05-18,Country,"The Valory Music Co., LLC.",4587,1035,album,392220,Brantley Gilbert,47,201794
93867784,Burnin' It Down,221,136.0,2015-02-23,1069,902117902,"Old Boots, New Dirt",2014-10-07,Country,Broken Bow Records,2988,266,album,7830,Jason Aldean,42,400703
86100753,Bartender,198,101.1,2014-09-30,11520,604573942,747 (Deluxe Edition),2014-09-30,Country,"Lady A Entertainment, LLC",2915,204,album,97638282,Lady A,36,609710
82198064,American Kids,183,170.1,2014-09-22,493313,8244116,The Big Revival,2014-09-22,Country,Legacy Recordings,2394,4746,album,347,Kenny Chesney,51,328737
83116684,I Want Crazy (Encore),236,102.8,2013-06-18,303522,8347520,Hunter Hayes (Encore),2013-06-18,Pop,Atlantic Records,3885,5118,album,802470,Hunter Hayes,60,106779
75160834,Drunk On A Plane,255,102.8,2014-02-25,430871,7434370,RISER,2014-02-25,Country,Capitol Records Nashville,2770,2599,album,332,Dierks Bentley,40,202655
67351232,Wagon Wheel,298,148.2,2013-05-21,629180,6585618,True Believers,2013-05-20,Country,Capitol Records Nashville,2780,4499,album,243201,Darius Rucker,32,140019
65359520,Boys 'Round Here (feat. Pistol Annies & Friends),288,170.1,2013-03-26,415329,6406599,Based on a True Story... (Deluxe Edition),2013-03-26,Country,Warner Records,3036,8765,album,8638,Blake Shelton,78,736377
69417635,Crash My Party,234,144.1,2013-08-13,387677,6804532,Crash My Party,2013-01-01,Country,Capitol Records Nashville,2664,5536,album,242132,Luke Bryan,66,622490
32926961,Why Ya Wanna,221,168.1,2012-06-05,296947,3174041,Jana Kramer,2012-06-05,Country,Elektra Nashville,2438,4575,album,1201161,Jana Kramer,21,36366
46304271,(Kissed You) Good Night,232,118.8,2012-07-27,292157,4582881,A Thousand Miles Left Behind,2012-07-27,Country,Emblem / Warner Records Nashville/ Reprise,2566,1809,album,92690,Gloriana,7,14024
16821410,You Lie,217,170.8,2012-02-03,278045,1573779,The Band Perry,2012-01-01,Country,BMX,2609,4731,album,398752,The Band Perry,19,106374
60727633,Lovin' You Is Fun,199,110.0,2012-09-18,329213,5942279,All Over The Road,2012-09-18,Country,Mercury Nashville,2324,403,album,359284,Easton Corbin,17,41309
14272542,Mama's Broken Heart (Album),177,112.0,2011-11-01,425969,1310229,Four The Record,2011-11-01,Country,RCA Records Label Nashville,3216,6084,album,5057,Miranda Lambert,52,305758
13291127,Here For A Good Time,184,128.0,2011-09-06,401018,1217685,Here For A Good Time,2011-09-05,Country,MCA Nashville,2479,981,album,5235,George Strait,62,305012
13540261,Barefoot Blue Jean Night,167,172.3,2011-08-26,365820,1240027,Barefoot Blue Jean Night,2011-08-26,Country,RCA Records Label Nashville,2300,3778,album,173113,Jake Owen,37,96518
32109821,All Over Me,199,0.0,2011-03-22,248962,3092721,Best Of,2011-03-22,Country,MCA Nashville,2404,5538,album,13957,Josh Turner,35,105624
7151627,You and Tequila (feat. Grace Potter),243,136.0,2010-09-28,352335,659646,Hemingway's Whiskey,2010-09-28,Country,BNA Records Label,2635,3599,album,347,Kenny Chesney,51,328737
71629747,The Man I Want to Be,207,142.1,2009-09-01,296709,7038704,The Man I Want To Be,2009-08-27,Country,RCA Records Label Nashville,2069,1607,album,166984,Chris Young,38,186059
3834003271,Be Her,217,0.0,2026-02-13,791329,915466851,Be Her,2026-02-13,Country|Pop,SAWGOD/Columbia,217,182,single,14867123,Ella Langley,28,27739
3838327301,Be By You,197,0.0,2026-05-22,732441,917051721,Be By You,2026-05-22,Country|Pop,Columbia Nashville,197,321,single,9626504,Luke Combs,42,362470
3761742092,Plastic Cigarette,185,0.0,2026-01-09,706166,893019512,With Heaven On Top,2026-01-09,Country,Warner Records,4688,3020,album,71855892,Zach Bryan,38,122536
3991431871,Mexico Honey,223,0.0,2026-05-01,720480,971813221,Middle of Nowhere,2026-05-01,Country,"Kacey Musgraves, under exclusive license to Lost Highway",2651,2178,album,399990,Kacey Musgraves,30,77258
4058916481,"I Knew It, I Knew You (From ""Toy Story 5"")",178,0.0,2026-06-05,900423,996462431,"I Knew It, I Knew You (From ""Toy Story 5"")",2026-06-05,Country,Walt Disney Records / Pixar,178,2608,single,12246,Taylor Swift,123,12713281
3884573311,Can't Sit Still,215,0.0,2026-03-13,661258,933733841,Can't Sit Still,2026-03-13,Country,Broken Bow Records,215,148,single,6303698,Lainey Wilson,34,55646
3602074142,Choosin' Texas,232,0.0,2025-10-17,978085,837881302,Choosin' Texas,2025-10-17,Country|Pop,SAWGOD/Columbia,232,839,single,14867123,Ella Langley,28,27739
3895241341,Boston,170,0.0,2026-03-27,873262,937796461,Boston,2026-03-27,Country|Pop,Atlantic Outpost,170,294,single,181157207,STELLA LEFTY,18,2497
3961427991,Carry On,180,0.0,2026-05-08,638430,961796661,Carry On,2026-05-08,Country,HEY NOW Records,180,47,single,347,Kenny Chesney,51,328737
3967233991,Born To Die,161,0.0,2026-04-24,698960,963477201,Born To Die,2026-04-24,Country,American Dogwood / EMPIRE,161,302,single,6853437,Shaboozey,36,67324
3917266921,Leaving Carolina,225,0.0,2026-03-27,612161,945832041,Heavy On The Soul,2026-03-27,Country,RECORDS Nashville / Columbia / Outlier Recordings,3520,90,album,74904872,Ty Myers,27,1579
3850104131,Wedding Dress,231,0.0,2026-02-20,627795,921291051,Cloud 9,2026-02-20,Country,Columbia Nashville/Columbia Records,3172,415,album,122856502,Megan Moroney,32,10909
3911920921,Country And She Knows It,174,0.0,2026-03-27,615668,943732841,Country And She Knows It,2026-03-27,Country,Capitol Records Nashville,174,53,single,242132,Luke Bryan,66,622490
4140023371,No Brakes,164,0.0,2026-07-17,570672,1023824231,No Brakes,2026-07-17,Country,Warner Records,164,15,single,117467152,Warren Zeiders,55,32290
3884901601,Woman,166,0.0,2026-03-13,647654,933879421,Woman,2026-03-13,Country,Sony Music Nashville,166,71,single,827425,Kane Brown,65,254080
3500098781,The Hard Way,162,0.0,2025-09-26,768137,801976951,The Hard Way,2025-09-26,Country|Alternative,Atlantic Records,2254,1043,album,115331762,Cameron Whitcomb,25,9795
3978161521,I Can't Love You Anymore,228,0.0,2026-04-24,746947,967348681,I Can't Love You Anymore,2026-04-24,Country|Pop,SAWGOD/Columbia,228,362,single,14867123,Ella Langley,28,27739
3761742182,With Heaven On Top,233,0.0,2026-01-09,650094,893019512,With Heaven On Top,2026-01-09,Country,Warner Records,4688,3020,album,71855892,Zach Bryan,38,122536
3622448242,Songs About Us,172,0.0,2026-04-24,8886,985654501,Songs About Us,2026-04-24,Country,Broken Bow Records,4050,83,album,7830,Jason Aldean,42,400703
3827174971,I’m Good (From The Movie “GOAT”),179,0.0,2026-02-13,566069,912925751,GOAT (Original Motion Picture Soundtrack),2026-02-13,Films/Jeux vidéo|Musiques de films,GOAT Soundtrack,2533,480,album,613934,Jelly Roll,57,227473
4008642431,Better That Way,225,0.0,2026-05-15,594854,978187351,Better That Way,2026-05-15,Country,Big Loud Records,225,54,single,56351432,Charles Wesley Godwin,23,2186
3746390932,LAST CALL,188,0.0,2026-01-23,576516,887437282,LAST CALL,2026-01-23,Alternative,Red Leather / EMPIRE,188,41,single,170785347,Red Leather,27,5764
3968924241,I Know I Know,159,0.0,2026-05-01,665886,964053301,I Know I Know,2026-05-01,Country|Pop,Atlantic Outpost,159,341,single,181157207,STELLA LEFTY,18,2497
3961505671,Bet On That,190,0.0,2026-05-01,569772,961823261,Bet On That,2026-05-01,Country,Enchntmnt/Warner Records,190,5,single,276577691,Blake Whiten,16,976
3370011351,Somewhere Over Laredo,226,0.0,2025-08-22,7772,897274332,Whirlwind (Deluxe),2025-08-22,Country,Broken Bow Records,4132,467,album,6303698,Lainey Wilson,34,55646
4097861611,Nothin' Better To Do,182,0.0,2026-06-26,546701,1009273091,Nothin' Better To Do,2026-06-26,Country,UMG Nashville,182,9,single,79647972,Carter Faith,38,734
3920613291,My Mess,191,0.0,2026-04-10,611208,947133771,My Mess,2026-04-10,Singer & Songwriter,RCA Records Label,904,511,ep,12641355,Myles Smith,34,74754
2970847701,Don't Mind If I Do,218,0.0,2024-09-06,608419,636157521,Don't Mind If I Do,2024-09-06,Country,Nashville Harbor,218,225,single,4893551,Riley Green,46,33767
4145131722,Rather Be Here (feat. Jason Aldean),197,0.0,2026-07-17,539569,1025670842,Rather Be Here (feat. Jason Aldean),2026-07-17,Country,RCA Records Label Nashville,197,21,single,11299366,Corey Kent,41,1718
3278152451,Just In Case,166,0.0,2025-03-21,641422,727297031,Just In Case,2025-03-21,Country,Mercury Records/Morgan Wallen,166,294,single,7188840,Morgan Wallen,42,300221
3697436932,Kid Myself,209,0.0,2026-01-28,535521,870709212,Kid Myself,2026-01-28,Country,Broken Bow Records,209,2,single,511732,John Morgan,17,390
3726350952,Sleepless in a Hotel Room,177,0.0,2026-01-07,667675,880601952,Sleepless in a Hotel Room,2026-01-07,Country|Pop,Columbia Nashville,177,316,single,9626504,Luke Combs,42,362470
3339513921,Amen,197,0.0,2025-04-24,634119,747567401,Amen,2025-04-24,Country,American Dogwood / EMPIRE,197,321,single,6853437,Shaboozey,36,67324
4024988991,Would U Still Love Me,156,0.0,2026-05-22,602797,983970481,Whitcomb vs. Flores,2026-05-22,Country,Hollertronix / ATL Outpost,341,37,single,1846,Diplo,208,1300935
3884562301,Sunburn,187,0.0,2026-03-13,543380,933730191,Sunburn,2026-03-13,Country,Tucker Wetmore,187,38,single,78063622,Tucker Wetmore,15,4349
3056032231,Good News,199,0.0,2024-11-15,706393,660170121,Good News,2024-11-15,Country,American Dogwood / EMPIRE,199,1200,single,6853437,Shaboozey,36,67324
3899622791,Rethink Some Things,165,0.0,2026-03-20,640367,939327001,The Way I Am,2026-03-20,Country,Columbia Nashville,4395,3087,album,9626504,Luke Combs,42,362470
3678587482,Here For The Party,209,0.0,2025-12-26,523640,864191172,Here For The Party,2025-12-26,Country,Warner Records,209,96,single,427388,Dasha,52,25350
3606775802,Drift Away,205,0.0,2025-10-31,517624,839501482,Drift Away,2025-10-31,Country,Warner Records,205,73,single,13697813,Orville Peck,23,15391
3726694742,What If We Don't,186,0.0,2026-01-23,510782,880709942,What If We Don't,2026-01-23,Country,Warner Records Nashville,186,26,single,1389877,Ashley McBryde,40,10327
3319945671,Hate How You Look,194,0.0,2025-04-18,560077,740869591,Hate How You Look,2025-04-18,Country,Universal Music Canada,194,28,single,381818171,Josh Ross,36,387
2999575431,The Fall,197,0.0,2024-11-01,588132,644709501,Leather Deluxe Edition,2024-11-01,Country,CoJo Music/Warner Music Nashville,5158,1072,album,883421,Cody Johnson,50,62570
3777208202,Big Ole Fancy House,243,0.0,2026-01-23,505710,898460752,Big Ole Fancy House,2026-01-23,Country,MCA Nashville,243,16,single,6780317,Parker McCollum,35,5530
3723077042,Texas Swagger,163,0.0,2026-01-23,506950,879603852,Texas Swagger,2026-01-23,Country,Velvet Rose Records,163,7,single,8042243,Paul Cauthen,38,2584
3772744532,Holdin' It Down,162,0.0,2026-01-16,497634,896915792,Holdin' It Down,2026-01-16,Country,Chase Matthew Music/Warner Records Nashville,162,15,single,63538312,Chase Matthew,54,5210
3519952531,Bro Country,285,0.0,2025-08-29,504164,808809461,Bro Country,2025-08-29,Country,Big Loud Records,285,40,single,405567,Hardy,43,33392
3856038511,Don’t Tell On Me,184,0.0,2026-02-27,543300,923166921,Don't Tell On Me,2026-02-27,Country,Broken Bow Records,594,49,single,7830,Jason Aldean,42,400703
3645102562,Perfect Man,169,0.0,2025-11-21,500119,852675262,Perfect Man,2025-11-21,Country,Thrivin Here Records/Warner Records Nashville,169,14,single,142015752,Gavin Adcock,56,3264
3438632831,Wild Horses,191,0.0,2025-07-18,493718,780825781,Wild Horses,2025-07-18,Country,Harpeth 60 Records/Warner Records Nashville,191,31,single,371989,Chris Janson,55,7004
3777449992,You Phase,171,0.0,2026-01-23,503991,898558932,You Phase,2026-01-23,Country,Riser House Entertainment/Columbia Nashville,171,20,single,7137853,Mitchell Tenpenny,54,15197
3417760631,New Country (feat. Blake Shelton),198,0.0,2025-06-20,533916,773577701,New Country (feat. Blake Shelton),2025-06-20,Country|Pop|Folk,Records/Columbia,198,80,single,4592596,Noah Cyrus,57,156592
3512756601,We're Onto Something,222,0.0,2025-08-22,532265,806396441,We're Onto Something,2025-08-22,,"Love Tap Records, LLC",222,349,single,385,Kings of Leon,30,2392829
3406101911,Good Times & Tan Lines,160,0.0,2025-08-29,557020,769798991,Ain't In It For My Health,2025-08-29,Country,Leo33,2967,682,album,129324502,Zach Top,24,6569
3470850841,Eatin' Big Time,285,0.0,2025-07-25,487965,791747211,Snipe Hunter,2025-07-25,Country,Hickman Holler Records/RCA Records,3235,1450,album,5801503,Tyler Childers,19,41434
3488386821,Lost (feat. The Kid LAROI),196,0.0,2025-08-08,550308,797988581,Different Night Same Rodeo,2025-08-08,Country,Atlantic Records/Warner Records Nashville,3446,649,album,121545492,Bailey Zimmerman,32,54094
3498028301,Ain't Enough Road,179,0.0,2025-08-15,505507,801391081,Learn The Hard Way,2025-08-15,Country,MCA Nashville,3029,383,album,1140313,Jordan Davis,63,56660
3513898091,Song For My Son (feat. Kane Brown),173,0.0,2025-08-22,486352,806737691,17 Problems,2025-08-22,Country|Pop,Monument Records/RCA Records,2915,77,album,398476,Walker Hayes,33,55944
3444357741,A Song To Sing,179,0.0,2025-07-11,562119,782677481,A Song To Sing,2025-07-11,Country,Republic Records,179,285,single,5057,Miranda Lambert,52,305758
3366676861,What I Want,184,0.0,2025-05-16,714849,756669041,I’m The Problem,2025-05-16,Country,Big Loud Records / Mercury Records / Republic Records,4601,2352,album,7188840,Morgan Wallen,42,300221
3416737961,Rein Me In,339,0.0,2025-06-20,900174,773306041,Rein Me In,2025-06-20,Alternative,Polydor Records,339,583,single,12096672,Sam Fender,54,84298
3371081661,Bloodline,182,0.0,2025-05-22,717867,758057661,Bloodline,2025-05-22,Pop,Atlantic Records,182,1444,single,541784,Alex Warren,38,162671
3467424491,Music for the Soul,224,0.0,2025-08-01,525071,790497981,Music for the Soul,2025-08-01,Country,Lockeland Springs/Atlantic,1522,318,ep,84776892,Sam Barber,24,11893
3376400941,Bad As I Used To Be (From F1® The Movie),300,0.0,2025-05-22,618556,760001611,Bad As I Used To Be (From F1® The Movie),2025-05-22,Country,Atlantic Records,300,461,single,343290,Chris Stapleton,24,327112
3348940391,Small Town Girls,150,0.0,2025-05-09,7824,630087971,About A Woman,2024-08-23,Country,The Valory Music Co.,2632,820,album,2021921,Thomas Rhett,59,181175
3278072811,Stay Country or Die Tryin',221,0.0,2025-05-09,7793,902082152,For Recreational Use Only,2025-05-09,Country,Wheelhouse Records,2397,153,album,8638,Blake Shelton,78,736377
3273194641,The Giver,203,0.0,2025-03-14,615725,725636751,The Giver,2025-03-14,Country,Chappell Roan PS/ Island,203,4388,single,12945219,Chappell Roan,19,309127
3218450511,Not At This Party,212,0.0,2025-02-28,561703,708262801,Not At This Party,2025-02-28,Country,Warner Records,212,152,single,427388,Dasha,52,25350
3345615331,Gettin' Gone,223,0.0,2025-05-07,496771,749630971,Cadillac Sessions,2025-05-07,Country,DeVille Records/Big Loud Records,3246,158,album,375708101,ERNEST,30,429
3233187091,Kissing Cowboys,182,0.0,2025-02-21,481626,712828521,Kissing Cowboys,2025-02-21,Country,Mercury Nashville,182,35,single,6047468,Maddie & Tae,36,35335
2945220491,Wrong Ones,196,0.0,2024-08-16,570139,628784061,F-1 Trillion,2024-08-16,Country,Mercury Records/Post Malone,3483,14280,album,7543848,Post Malone,41,4198378
3123161771,Bad Spot,198,0.0,2025-01-10,470111,678641581,Bad Spot,2025-01-10,Country,Kip Moore,198,60,single,1436111,Kip Moore,57,42618
1063000752,You Time,192,0.0,2020-09-23,309138,169670112,You Time,2020-09-23,Country,Triple Tigers,192,143,single,1218822,Scotty Mccreery,3,39213
965350482,Single Saturday Night,187,0.0,2020-05-22,327014,149269502,Single Saturday Night,2020-05-22,Country,Warner Records Nashville,187,267,single,399689,Cole Swindell,59,128209
1446773502,Never Wanted To Be That Girl,214,0.0,2021-09-17,322310,247560972,29: Written In Stone,2021-09-17,Country,"Big Machine Records, LLC",3076,1252,album,4089762,Carly Pearce,43,39844
841759462,half of my hometown (feat. Kenny Chesney),231,0.0,2020-03-20,345269,124327172,kelsea,2020-03-20,Country,Black River Entertainment,2369,1949,album,6004814,Kelsea Ballerini,46,66210
2338412625,Freedom Was A Highway,212,0.0,2020-07-10,10154,902086122,Bettie James,2020-07-10,Country,Stoney Creek Records,1222,24,album,1289502,Jimmie Allen,0,4396
1750198037,5 Foot 9,189,0.0,2022-05-20,480884,318335347,5 Foot 9,2022-05-20,Country,EMI Nashville,189,204,single,4434338,Tyler Hubbard,23,11344
1728846537,Whiskey On You,183,0.0,2022-05-06,532865,312992237,Whiskey On You,2022-05-06,Country|Rock,Arista Nashville,183,449,single,67218672,Nate Smith,38,20661
2224168817,Try That In A Small Town,180,0.0,2023-05-19,24881,904926882,Try That In A Small Town,2023-05-19,Country,Broken Bow Records,180,109,single,7830,Jason Aldean,42,400703
1836360347,Watermelon Moonshine,208,0.0,2022-08-12,7806,903803772,Watermelon Moonshine,2022-08-12,Country,Broken Bow Records,208,27,single,6303698,Lainey Wilson,34,55646
1844106907,Handle On You,219,0.0,2022-08-05,441353,340617957,Handle On You,2022-08-05,Country,MCA Nashville,219,181,single,6780317,Parker McCollum,35,5530
2513069321,Take Her Home,182,0.0,2023-11-10,373230,504387691,Take Her Home,2023-11-10,Country,Blue Chair Records/Warner Records Nashville,182,119,single,347,Kenny Chesney,51,328737
2248171147,World on Fire,189,0.0,2023-04-28,479927,432423987,NATE SMITH (DELUXE),2023-04-28,Country|Rock,RCA Records Label Nashville,4783,550,album,67218672,Nate Smith,38,20661
2421415645,Chevrolet (feat. Jelly Roll),184,0.0,2023-09-15,8871,897278662,Chevrolet,2023-09-15,Country,Broken Bow Records,184,5,single,1570549,Dustin Lynch,38,79586
1020323382,Gaslighter,203,0.0,2020-07-17,282598,160484442,Gaslighter,2020-07-17,Country,Columbia,2814,3040,album,281865,The Chicks,14,114016
1489725752,star-crossed,199,0.0,2021-09-10,253196,257701482,star-crossed,2021-09-10,Country,Lost Highway/IGA,2852,5375,album,399990,Kacey Musgraves,30,77258
3060566371,Ain't Enough Cowboy Songs,217,0.0,2024-12-06,300792,661488861,Ain't Enough Cowboy Songs,2024-12-06,Country,Warner Records Nashville,217,56,single,1389877,Ashley McBryde,40,10327
2154363977,Drive You Out Of My Mind,212,0.0,2023-02-24,369297,408721387,Drive You Out Of My Mind,2023-02-24,Country,MCA Nashville/Interscope Records,212,61,single,13950249,Kassi Ashton,28,719
2441123335,Long Live Cowgirls,185,0.0,2023-09-15,371090,484450065,Long Live Cowgirls,2023-09-15,Country,Warner Records Nashville,185,19,single,7036211,Ian Munsick,50,2036
3004377471,Stick to My Guns (feat. Riley Green),185,0.0,2024-09-27,359033,645769531,Mid-Twenties Crisis,2024-09-27,Country,Sony Music Nashville,2878,104,album,13295627,Dylan Marlowe,31,2368
2536769321,Wool (from The Hunger Games: The Ballad of Songbirds & Snakes),229,0.0,2023-11-17,398416,510964651,The Hunger Games: The Ballad of Songbirds & Snakes (Music From & Inspired By),2023-11-17,Films/Jeux vidéo|Musiques de films,Lions Gate Entertainment Inc. under exclusive license to Geffen Records,2990,15833,album,7954262,Flatland Cavalry,26,2344
3255124541,Gone Fishing,226,0.0,2025-03-07,462775,719948181,Hey Country Queen,2025-03-07,Country,"The Valory Music Co., LLC",2456,277,album,116962412,Mackenzie Carpenter,22,622
3177417171,DRIVES MY TRUCK,185,0.0,2025-01-17,347686,695165731,DRIVES MY TRUCK,2025-01-17,Country,Chase Matthew Music/Warner Records Nashville,185,16,single,63538312,Chase Matthew,54,5210
2873695022,Chasing The Wind,173,0.0,2024-07-19,307623,610094292,Twisters: The Album,2024-07-19,Country,Atlantic Records,4769,2834,album,109873752,Lanie Gardner,22,2623
2140856937,Me On You,167,0.0,2023-02-24,385471,405157997,Teenage Dixie,2023-02-24,Country,Stancaster Music,3045,207,album,9521120,Muscadine Bloodline,57,2463
2939853751,My Side,196,0.0,2024-08-16,413322,626872271,This Country Music Thing,2024-08-16,Country,MCA Nashville,2282,510,album,13957,Josh Turner,35,105624
2941259081,Seven Weeks In County,256,0.0,2024-09-27,431330,627341271,Highway Prayers,2024-09-27,Rock,Reprise,4437,1320,album,7048799,Billy Strings,34,10288
3040570161,Welcome To The Plains,224,0.0,2024-10-18,408028,655091521,Welcome To The Plains,2024-10-18,Country,Wyatt Flores - OEG Music PS/ Island,3184,209,album,129902452,Wyatt Flores,34,2871
2435093915,Think I'm In Love With You,223,0.0,2023-09-08,594876,482836865,Think I’m In Love With You,2023-09-08,Country,Mercury Nashville,223,559,single,343290,Chris Stapleton,24,327112
3398329481,Cowgirls,181,0.0,2023-03-03,592902,767042901,One Thing At A Time,2023-03-03,Country,Morgan Wallen,4724,967,album,7188840,Morgan Wallen,42,300221
2267742127,Different 'Round Here,175,0.0,2023-05-11,489320,437272167,Different 'Round Here,2023-05-11,Country,BMLG Records,175,59,single,4893551,Riley Green,46,33767
2338655325,Heart They Didn't Break,190,0.0,2023-06-30,399132,456578775,Heart They Didn't Break,2023-06-30,Country,Mercury Nashville,190,106,single,6047468,Maddie & Tae,36,35335
2647040202,Bulletproof,183,0.0,2024-02-09,505651,543010842,Bulletproof,2024-02-09,Country,RCA Records Label Nashville,183,86,single,67218672,Nate Smith,38,20661
2395984045,Burn It Down (Radio Edit),216,0.0,2023-08-11,423852,472280585,Burn It Down (Radio Edit),2023-08-11,Country,MCA Nashville,449,59,single,6780317,Parker McCollum,35,5530
3398329531,Last Night,163,0.0,2023-03-03,656848,767042911,One Thing At A Time,2023-03-03,Country,Morgan Wallen,4723,579,album,7188840,Morgan Wallen,42,300221
2459414135,Coal,194,0.0,2023-09-18,588726,489329495,Coal,2023-09-18,Country,Dylan Gossett,194,209,single,219242275,Dylan Gossett,18,6713
2290911445,See You Next Summer,157,0.0,2023-05-26,385566,443485115,See You Next Summer,2023-05-26,Country,Big Machine Records,157,33,single,4372415,Brian Kelley,36,612
3398329401,Thinkin’ Bout Me,177,0.0,2023-03-03,526563,767042901,One Thing At A Time,2023-03-03,Country,Morgan Wallen,4724,967,album,7188840,Morgan Wallen,42,300221
1133364552,You Should Probably Leave,213,0.0,2020-11-13,634761,184472652,Starting Over,2020-11-13,Country,Mercury Nashville,3227,10294,album,343290,Chris Stapleton,24,327112
126847613,Night Shift,173,95.93,2016-06-17,471305,13366923,California Sunrise,2016-06-17,Country,Capitol Records Nashville,2580,2442,album,648668,Jon Pardi,34,65684
4234103,"Life is a Highway (From ""Cars"")",275,103.1,2009-05-26,200070,600786,Disney/Pixar Greatest,2010-07-16,Pop,EMI Catalogue,4546,10196,album,315,Rascal Flatts,45,234968
2714193242,Old Dirt Roads,228,0.0,2024-05-24,448861,562801052,Bruce County,2024-05-24,Country,Universal Music Canada,1156,106,ep,69062922,Owen Riegling,27,412
2690397382,Cowboys Cry,192,0.0,2024-05-17,353069,556387752,Me Again,2024-05-17,Pop|Singer & Songwriter,Sue Perb Records/Hills Artists,2362,903,album,140005292,Sasha Alex Sloan,49,22732
3398329191,Man Made A Bar,191,0.0,2023-03-03,440300,767042901,One Thing At A Time,2023-03-03,Country,Morgan Wallen,4724,967,album,7188840,Morgan Wallen,42,300221
69417641,Play It Again,226,144.1,2013-08-13,514825,6804532,Crash My Party,2013-01-01,Country,Capitol Records Nashville,2664,5536,album,242132,Luke Bryan,66,622490
3399879451,Wasted On You,178,0.0,2021-01-08,561086,767572651,Dangerous: The Double Album,2021-01-08,Country,Morgan Wallen,4772,593,album,7188840,Morgan Wallen,42,300221
2465963835,Mamaw's House,187,0.0,2023-09-29,377324,491137145,Mamaw's House,2023-09-29,Country,The Valory Music Co.,187,146,single,2021921,Thomas Rhett,59,181175
2816349122,Heavy Heart,189,0.0,2024-05-31,348188,591357552,Heavy Heart,2024-05-31,Pop,Polydor,189,12,single,117039162,Paula Dalla Corte,11,1080
2367729665,White Horse,268,0.0,2023-07-21,624583,464379865,White Horse,2023-07-21,Country,Mercury Nashville,268,792,single,343290,Chris Stapleton,24,327112
126847611,Head Over Boots,205,107.95,2016-06-17,513706,13366923,California Sunrise,2016-06-17,Country,Capitol Records Nashville,2580,2442,album,648668,Jon Pardi,34,65684
2144438207,Tucson Too Late,172,0.0,2023-02-17,426392,406087387,Bluebird Days,2023-02-17,Country,MCA Nashville,3201,853,album,1140313,Jordan Davis,63,56660
3533901671,The Weight,235,0.0,2025-08-22,315835,813495641,The Weight,2025-08-22,Pop|Pop indé/Folk|Folk,Kyle Scott,375,0,single,5863280,Kyle Scott,15,8
3138160991,Love Is Love,265,0.0,2025-02-14,293670,682657371,Love Is Love,2025-02-14,Pop|Pop indé/Folk|Folk,Mighty Hud Music LLC,265,0,single,5724592,Hudson Mueller,6,0
3652412802,Lost in Montana,226,0.0,2026-01-08,307663,855339152,Lost in Montana,2026-01-08,Alternative|Pop Indé|Pop|Pop indé/Folk|Folk,Patrick Sampson,226,0,single,5937164,Patrick Sampson,20,501
2321058245,we don't fight anymore,220,0.0,2023-06-16,402288,451262355,we don't fight anymore,2023-06-16,Country,"Big Machine Records, LLC",220,182,single,4089762,Carly Pearce,43,39844
2957442311,The Difference Between,196,0.0,2024-09-06,294128,632573721,The Difference Between,2024-09-06,Country,Crys Matthews,196,0,single,5385605,Crys Matthews,20,50
141820983,In Case You Didn't Know,227,148.19,2017-02-10,582806,15318467,Brett Young,2017-02-10,Country,"Big Machine Label Group, LLC",2510,8709,album,999969,Brett Young,43,108782
2256578277,But I Got A Beer In My Hand,176,0.0,2023-05-05,401175,434496307,But I Got A Beer In My Hand,2023-05-05,Country,Capitol Records Nashville,176,256,single,242132,Luke Bryan,66,622490
2238213017,Hold On,184,0.0,2023-04-21,430424,429739737,Hold On,2023-04-21,Country,UMG Nashville,184,122,single,59414602,Luke Grimes,17,3182
3398329151,You Proof,157,0.0,2022-05-13,551701,767042891,You Proof,2022-05-13,Country,Morgan Wallen,157,81,single,7188840,Morgan Wallen,42,300221
2435099805,Back Then Right Now,201,0.0,2023-09-08,346425,482837855,Back Then Right Now,2023-09-08,Country,EMI Nashville,201,94,single,4434338,Tyler Hubbard,23,11344
3299099031,When You Wake Up,144,0.0,2025-05-02,266748,734390991,When You Wake Up,2025-05-02,Rock|Singer & Songwriter,Jeff LeBlanc Music,144,0,single,390395,Jeff LeBlanc,8,96
126847619,Dirt On My Boots,202,179.76,2016-06-17,522253,13366923,California Sunrise,2016-06-17,Country,Capitol Records Nashville,2580,2442,album,648668,Jon Pardi,34,65684
69417633,That's My Kind Of Night,190,110.0,2013-08-13,487581,6804532,Crash My Party,2013-01-01,Country,Capitol Records Nashville,2664,5536,album,242132,Luke Bryan,66,622490
2533451,Your Man,211,100.6,2007-07-26,673587,248302,Your Man,2005-01-01,Country,MCA Nashville,2356,5586,album,13957,Josh Turner,35,105624
1761396097,Good Directions,215,0.0,2007-12-27,375211,320926167,Doin' Somethin' Right,2007-12-27,Country,Mercury Nashville,2414,290,album,14317,Billy Currington,23,80859
890383,Check Yes Or No,200,111.4,2004-10-05,522876,100908,50 Number Ones,2004-10-05,Country,MCA Nashville,4475,4627,album,5235,George Strait,62,305012
2116105957,Dancin’ In The Country,179,0.0,2023-01-27,477515,398621637,Tyler Hubbard,2023-01-27,Country,EMI Nashville,3414,753,album,4434338,Tyler Hubbard,23,11344
126847639,Heartache On The Dance Floor,206,116.13,2016-06-17,414070,13366923,California Sunrise,2016-06-17,Country,Capitol Records Nashville,2580,2442,album,648668,Jon Pardi,34,65684
3376351291,Missing You,216,0.0,2025-10-02,292265,759983991,Only Hoping,2025-10-03,Folk,Alex Nicol,2190,198,album,259505532,Al Nicol,22,260
141160791,Body Like A Back Road,165,0.0,2017-02-01,513262,15227953,Body Like A Back Road,2017-02-01,Country,MCA Nashville,165,2816,single,4575675,Sam Hunt,33,260794
7379463,Amarillo By Morning,172,120.9,2007-07-19,586648,680737,Strait From The Heart,2007-07-16,Country,Geffen*,1700,1717,album,5235,George Strait,62,305012
1853788377,Next Thing You Know,175,0.0,2022-08-12,474737,343411767,Next Thing You Know,2022-08-12,Country,MCA Nashville,175,271,single,1140313,Jordan Davis,63,56660
3099095,What Was I Thinkin',260,164.7,2003-08-12,410939,299840,Dierks Bentley,2003-08-12,Country,Capitol Nashville,2790,1827,album,332,Dierks Bentley,40,202655
363549861,Singles You Up,183,99.86,2017-05-26,394961,41809381,Singles You Up,2017-05-26,Country,MCA Nashville,183,229,single,1140313,Jordan Davis,63,56660
630830122,Simple,185,99.86,2019-02-15,506918,86994512,Can't Say I Ain't Country,2019-02-15,Country,BMLG Records,3038,4771,album,2144511,Florida Georgia Line,38,340400
13661333,What Hurts The Most,214,136.0,2006-11-14,517902,1250447,Me And My Gang,2006-11-14,Country,Lyric Street,3364,2634,album,315,Rascal Flatts,45,234968
112393726,Record Year,179,160.2,2015-11-11,351264,11650078,Mr. Misunderstood,2015-11-11,Country,EMI Records Nashville,2315,2294,album,243606,Eric Church,60,256046
482643402,Butterflies,219,142.07,2018-03-30,435300,60649622,Golden Hour,2018-03-30,Country,Lost Highway/IGA,2746,18654,album,399990,Kacey Musgraves,30,77258
993976832,I Hope You're Happy Now,192,0.0,2020-06-05,232496,155094712,I Hope You're Happy Now,2020-06-05,Country,PL Ent Group,192,16,single,98012922,Pearce Lee,1,0
5169837,Why Don't We Just Dance,192,121.96,2010-02-09,340086,474042,Haywire,2010-02-09,Country,MCA Nashville,2393,1006,album,13957,Josh Turner,35,105624
3059588,Bless The Broken Road,226,136.0,2004-09-28,487187,296624,Feels Like Today,2004-01-01,Country|Pop,Lyric Street,2681,1800,album,315,Rascal Flatts,45,234968
1761467117,What My World Spins Around,186,0.0,2022-05-27,434742,320933767,What My World Spins Around,2022-05-27,Country,MCA Nashville,186,208,single,1140313,Jordan Davis,63,56660
124197898,Blue Ain't Your Color,230,164.72,2016-05-06,383176,15509164,Ripcord,2016-05-06,Country,Hit Red Records,2740,4449,album,3249,Keith Urban,61,398999
130935378,May We All,227,149.8,2016-08-26,389981,13901288,Dig Your Roots,2016-08-26,Country,"Big Machine Label Group, LLC",3014,7508,album,2144511,Florida Georgia Line,38,340400
87487681,Girl Crush,193,87.0,2014-10-21,543657,8828353,Pain Killer,2014-10-20,Country,Capitol Records Nashville,2779,3456,album,7796,Little Big Town,46,135985
1140854232,Humble And Kind,260,0.0,2020-11-20,434951,186071892,McGraw Machine Hits: 2013-2019,2020-11-20,Country,"Big Machine Records, LLC",3255,2009,album,333,Tim McGraw,42,378901
401447692,Marry Me,205,170.14,2017-09-08,377022,47299122,Life Changes,2017-09-08,Country,The Valory Music Co.,2779,2788,album,2021921,Thomas Rhett,59,181175
87936879,Break Up In A Small Town,231,136.0,2014-10-27,417638,8880061,Montevallo,2014-10-27,Country,MCA Nashville,2314,13119,album,4575675,Sam Hunt,33,260794
2153823437,Creek Will Rise,169,0.0,2023-02-24,353535,408606717,Creek Will Rise,2023-02-24,Country,The Valory Music Co.,169,96,single,10988576,Conner Smith,32,1259
38249081,Two Dozen Roses,222,116.8,2012-06-26,483203,3692581,The Road Not Taken,2012-06-26,Pop,Legacy Recordings,2133,258,album,77381,Shenandoah,26,4627
1575554,Give It Away,211,148.2,2006-10-03,418471,161529,It Just Comes Natural,2006-01-01,Country,MCA Nashville,3363,1006,album,5235,George Strait,62,305012
2269752607,Burn It Down,233,0.0,2023-05-12,373806,437752037,Never Enough,2023-05-12,Country,MCA Nashville,3402,412,album,6780317,Parker McCollum,35,5530
74691410,Like A Wrecking Ball,197,135.6,2014-02-11,395670,7380629,The Outsiders,2014-02-24,Country,EMI Records Nashville,3034,2057,album,243606,Eric Church,60,256046
13661336,My Wish,248,135.6,2006-11-14,389847,1250447,Me And My Gang,2006-11-14,Country,Lyric Street,3364,2634,album,315,Rascal Flatts,45,234968
87936873,Take Your Time,243,157.8,2014-10-27,490196,8880061,Montevallo,2014-10-27,Country,MCA Nashville,2314,13119,album,4575675,Sam Hunt,33,260794
114421862,Stay A Little Longer,335,97.05,2016-01-15,414313,11851656,Pawn Shop,2016-01-15,Country,EMI Records Nashville,2348,2079,album,5127972,Brothers Osborne,34,11955
568155652,Die From A Broken Heart,188,152.0,2018-10-19,291341,75625672,Die From A Broken Heart,2018-10-19,Country,Mercury Nashville,188,493,single,6047468,Maddie & Tae,36,35335
134950910,T-Shirt,228,95.93,2016-10-28,343041,14400688,Tangled Up (Deluxe),2016-10-28,Country,"The Valory Music Co., LLC",3646,2701,album,2021921,Thomas Rhett,59,181175
1090988692,I Like The Sound Of That,210,179.76,2020-10-02,340362,175645992,Twenty Years Of Rascal Flatts - The Greatest Hits,2020-10-02,Country,"Big Machine Records, LLC",4528,915,album,315,Rascal Flatts,45,234968
87936885,Make You Miss Me,227,146.1,2014-10-27,379633,8880061,Montevallo,2014-10-27,Country,MCA Nashville,2314,13119,album,4575675,Sam Hunt,33,260794
4304763,Do I,239,137.81,2009-10-02,371958,400414,Doin' My Thing,2009-10-02,Country,Capitol Nashville,2433,6076,album,242132,Luke Bryan,66,622490
86662361,Anything Goes,219,0.0,2014-10-14,115370,8819515,Anything Goes,2014-10-14,Country,Big Machine Label Group,2421,1308,album,2144511,Florida Georgia Line,38,340400
2206548627,Fires Don't Start Themselves,225,0.0,2023-03-31,362981,421312327,Fires Don't Start Themselves,2023-03-31,Country,Capitol Records Nashville,225,122,single,243201,Darius Rucker,32,140019
2106757447,Angels (Don’t Always Have Wings),200,0.0,2023-01-20,354379,396109227,Angels (Don’t Always Have Wings),2023-01-20,Country,The Valory Music Co.,414,129,single,2021921,Thomas Rhett,59,181175
739432522,Pretty Heart,244,0.0,2019-08-30,339044,108708392,Pretty Heart,2019-08-30,Country,MCA Nashville,244,252,single,6780317,Parker McCollum,35,5530
140853129,The Weekend,187,164.06,2017-01-27,344278,15186257,The Devil Don't Sleep,2017-01-27,Country,"The Valory Music Co., LLC",3616,2353,album,392220,Brantley Gilbert,47,201794
1442665192,Stop Draggin' Your Boots,164,0.0,2021-07-30,263656,246658402,Stop Draggin' Your Boots,2021-07-30,Country,"Big Machine Records, LLC",164,112,single,4930240,Danielle Bradbery,37,18606
74929379,What I Can't Put Down,204,160.2,2014-01-14,228753,7406969,Write You A Song,2014-01-14,Country,Capitol Records Nashville,2328,410,album,648668,Jon Pardi,34,65684
86662367,Dirt,231,121.96,2014-10-14,106556,8819515,Anything Goes,2014-10-14,Country,Big Machine Label Group,2421,1308,album,2144511,Florida Georgia Line,38,340400
70257297,Cop Car (Album Version),257,153.7,2013-09-10,168671,15509214,Fuse (Deluxe),2013-09-10,Country,Hit Red Records,3415,2817,album,3249,Keith Urban,61,398999
881387,How Do You Like Me Now?!,209,109.4,2008-05-06,395128,100093,Toby Keith 35 Biggest Hits,2008-01-01,Country,Show Dog Nashville,5519,6783,album,7524,Toby Keith,51,220450
4234886,Kiss This,172,116.1,2008-06-19,264757,394273,People Like Us,2008-06-19,Country,Lyric Street,2245,117,album,14007,Aaron Tippin,14,4483
69417636,Roller Coaster,259,107.9,2013-08-13,370724,6804532,Crash My Party,2013-01-01,Country,Capitol Records Nashville,2664,5536,album,242132,Luke Bryan,66,622490
1140854222,How I'll Always Be,213,0.0,2020-11-20,262556,186071892,McGraw Machine Hits: 2013-2019,2020-11-20,Country,"Big Machine Records, LLC",3255,2009,album,333,Tim McGraw,42,378901
86662379,Confession,190,0.0,2014-10-14,97187,8819515,Anything Goes,2014-10-14,Country,Big Machine Label Group,2421,1308,album,2144511,Florida Georgia Line,38,340400
3365755631,Somewhere Over Laredo,226,0.0,2025-05-23,7770,905506172,Somewhere Over Laredo,2025-05-23,Country,Broken Bow Records,226,37,single,6303698,Lainey Wilson,34,55646
3365212641,Good Times & Tan Lines,160,0.0,2025-06-09,273724,756207731,Good Times & Tan Lines,2025-06-09,Country,Leo33,160,63,single,129324502,Zach Top,24,6569
